name,l_deg,b_deg,radius_deg
4FGL J0000.3-7355 ,307.7090003893335,-42.729540707292,0.4
4FGL J0000.5+0743 ,101.65649026712394,-53.02945569862095,0.4
4FGL J0000.7+2530 ,108.77507950489604,-35.959173497572,0.4
4FGL J0001.2+4741 ,114.25020918399463,-14.338056804898345,0.4
4FGL J0001.2-0747 ,89.03274187462529,-67.30500539216966,0.4
4FGL J0001.4-0010 ,96.89200565447719,-60.49133105008992,0.4
4FGL J0001.5+2113 ,107.64936408465853,-40.16765001959443,0.4
4FGL J0001.6+3503 ,111.53812650991595,-26.710257253772397,0.4
4FGL J0001.6-4156 ,334.2263635213256,-72.02854749822909,0.4
4FGL J0001.8-2153 ,55.18471808483211,-77.57253969315558,0.4
4FGL J0002.1-6728 ,310.08493464531864,-48.96346798772851,0.4
4FGL J0002.1+6721c,118.20350038826118,4.939488282092116,0.4
4FGL J0002.3-0815 ,89.04346212889187,-67.8483317444357,0.4
4FGL J0002.4-5156 ,319.99947068296785,-63.53901665531349,0.4
4FGL J0002.7+7220 ,119.20876484430592,9.829274089978966,0.4
4FGL J0002.8+6217 ,117.3204174743295,-0.05103637324835474,0.4
4FGL J0003.1-5248 ,318.9899008042006,-62.78894852353894,0.4
4FGL J0003.1-1543 ,75.9879184870845,-74.0242706342724,0.4
4FGL J0003.2+2207 ,108.4385579258015,-39.38079381360976,0.4
4FGL J0003.3-0703 ,91.09473698238484,-66.91456771531936,0.4
4FGL J0003.3+2511 ,109.38164944333401,-36.41148290240267,0.4
4FGL J0003.3-1928 ,65.19780509128988,-76.58098891135293,0.4
4FGL J0003.3-5905 ,314.23904733681655,-56.96588847945167,0.4
4FGL J0003.5+0717 ,102.5937900239621,-53.67381184719208,0.4
4FGL J0003.6+3059 ,111.00449383832742,-30.771995883449165,0.4
4FGL J0003.9-1149 ,84.5954363795185,-71.07510269464032,0.4
4FGL J0004.0+5715 ,116.52632949029598,-5.0228650416082505,0.4
4FGL J0004.0+0840 ,103.49598905912329,-52.397844303188506,0.4
4FGL J0004.3+4614 ,114.48897721006958,-15.85490849578401,0.4
4FGL J0004.4-4737 ,323.9859812633539,-67.53783020082325,0.4
4FGL J0004.4-4001 ,336.99147628953295,-73.84533928609629,0.4
4FGL J0005.5+6634 ,118.38856506683977,4.110414617004213,0.4
4FGL J0005.6+6746c,118.60844077837419,5.282123263176199,0.4
4FGL J0005.9+3824 ,113.23228330612729,-23.613338177960767,0.4
4FGL J0006.3-1813 ,71.15023868968308,-76.31927843939926,0.4
4FGL J0006.3-0620 ,93.6470327762857,-66.62518602051541,0.4
4FGL J0006.4+0135 ,100.47746238429175,-59.297490097581374,0.4
4FGL J0006.4-5621 ,315.28861453410923,-59.6721964848752,0.4
4FGL J0006.6+4618 ,114.92035975630168,-15.869719585682558,0.4
4FGL J0007.0+7303 ,119.66263674284272,10.461683945331865,0.4
4FGL J0007.4-0322 ,97.16128161919696,-64.02511055663757,0.4
4FGL J0007.5-5247 ,317.6530932454749,-63.06973497765275,0.4
4FGL J0007.7+4008 ,113.93702333466408,-21.97277806985095,0.4
4FGL J0008.0+4711 ,115.31626274864202,-15.033559029814263,0.4
4FGL J0008.0-3937 ,335.99619090349717,-74.5833336244607,0.4
4FGL J0008.4+6926 ,119.14811395938301,6.885730986167302,0.4
4FGL J0008.4-2339 ,50.265162149898984,-79.69083476786744,0.4
4FGL J0008.4+6837 ,119.01284983309085,6.077523960931219,0.4
4FGL J0008.4+1455 ,107.72408146557677,-46.67670016297806,0.4
4FGL J0008.9+2509 ,110.9151156539721,-36.72458706644395,0.4
4FGL J0009.1-5012 ,319.3950979079929,-65.54536002048906,0.4
4FGL J0009.1+0628 ,104.48074666918939,-54.868298433028436,0.4
4FGL J0009.2+1745 ,108.90928428723227,-43.965129501891894,0.4
4FGL J0009.3+5030 ,116.12437445971261,-11.803587449691129,0.4
4FGL J0009.7-1418 ,83.70578429691864,-73.91203501591343,0.4
4FGL J0009.7-3217 ,0.672736342651796,-79.58928042988914,0.4
4FGL J0009.8-4317 ,327.77506711515105,-71.7661674011786,0.4
4FGL J0009.8+1340 ,107.75219889499267,-47.97135593355021,0.4
4FGL J0009.8-6358 ,310.40746913021525,-52.551541106616575,0.4
4FGL J0009.9+2810 ,111.93144229074252,-33.8071309877022,0.4
4FGL J0010.1+1631 ,108.81277666977832,-45.218318316936084,0.4
4FGL J0010.2-2431 ,46.329598148103734,-80.37431845570642,0.4
4FGL J0010.6+2043 ,110.21875599365663,-41.12826934304559,0.4
4FGL J0010.6-3025 ,10.263706337822644,-80.48232122357811,0.4
4FGL J0010.8-2154 ,60.28119935710264,-79.40051060308836,0.4
4FGL J0011.4-4110 ,330.75209733034495,-73.72041277042769,0.4
4FGL J0011.4+0057 ,102.40725076760566,-60.30269354131592,0.4
4FGL J0011.5+4822 ,116.11765035847282,-13.960753537662967,0.4
4FGL J0011.8-3142 ,2.5585545393717015,-80.23526225348871,0.4
4FGL J0012.0+7043 ,119.6611109482989,8.111637324955694,0.4
4FGL J0013.0+3355 ,113.89489756200294,-28.277204427023047,0.4
4FGL J0013.1-3955 ,332.3398911407187,-74.93616933377709,0.4
4FGL J0013.4+0950 ,107.64185315955669,-51.9024411025833,0.4
4FGL J0013.6+4051 ,115.25780900759086,-21.451031506363663,0.4
4FGL J0013.6-0424 ,99.66021762742686,-65.55317526314634,0.4
4FGL J0013.9-1854 ,74.58782557927628,-78.09191773580814,0.4
4FGL J0014.1+1910 ,110.88995201756978,-42.82682322323228,0.4
4FGL J0014.1-5022 ,317.45295569424627,-65.69481437880565,0.4
4FGL J0014.2+0854 ,107.61856570287941,-52.851952892779906,0.4
4FGL J0014.3-0500 ,99.50948961436212,-66.18238719742405,0.4
4FGL J0014.7+5801 ,118.07475029605465,-4.498108217109099,0.4
4FGL J0014.8+6118 ,118.55730552146467,-1.257187688691293,0.4
4FGL J0014.9+3212 ,114.00973483778563,-30.021873379212153,0.4
4FGL J0015.2+3537 ,114.71824146847426,-26.677506171480594,0.4
4FGL J0015.6+5551 ,117.88810668634608,-6.657061906318652,0.4
4FGL J0015.9+2440 ,112.76398332764725,-37.48992213635653,0.4
4FGL J0016.2-0016 ,104.01229221976602,-61.85269212267862,0.4
4FGL J0016.5+1702 ,111.0968077773667,-45.02981508364164,0.4
4FGL J0017.0-0649 ,99.46172469495141,-68.12262152843789,0.4
4FGL J0017.1-4605 ,320.3886582873748,-69.86521644198623,0.4
4FGL J0017.4+6506 ,119.36696893812483,2.474232989993162,0.4
4FGL J0017.5-0514 ,101.20987023807511,-66.6678175702593,0.4
4FGL J0017.8+1455 ,110.9652783951854,-47.167831466496104,0.4
4FGL J0018.4+2946 ,114.44118251020413,-32.54827297585108,0.4
4FGL J0018.8+5112 ,117.73976542470383,-11.334912560613791,0.4
4FGL J0018.8+2611 ,113.88300360660455,-36.1093556987444,0.4
4FGL J0019.2-5640 ,311.75084273666084,-59.89099148561326,0.4
4FGL J0019.3-8152 ,304.3143762879887,-35.16209498168489,0.4
4FGL J0019.6+7327 ,120.63282996933859,10.726480445552,0.4
4FGL J0019.6+2022 ,112.90083089852577,-41.87583509866947,0.4
4FGL J0020.3+6919 ,120.17927920909109,6.626676989305124,0.4
4FGL J0021.0+0322 ,108.23705817583111,-58.62307162593554,0.4
4FGL J0021.5-2221 ,66.40716062063362,-81.70556774025889,0.4
4FGL J0021.5-2552 ,41.92613672113128,-83.19967579001795,0.4
4FGL J0021.6-0855 ,100.40254014324212,-70.47483297143876,0.4
4FGL J0021.7+4533 ,117.50460924326289,-16.996021698218406,0.4
4FGL J0021.9-5140 ,313.7011467495826,-64.83540071717907,0.4
4FGL J0022.0+0006 ,107.20704972243445,-61.8581685917931,0.4
4FGL J0022.0-5921 ,309.86963385480703,-57.38113600095837,0.4
4FGL J0022.1-1854 ,82.08268312642326,-79.3743484721921,0.4
4FGL J0022.5+0608 ,110.01213060421719,-56.01110743260795,0.4
4FGL J0023.2+8412 ,122.17088341367034,21.381534919671818,0.4
4FGL J0023.4+0920 ,111.42020278616711,-52.89653871410025,0.4
4FGL J0023.6-4209 ,321.84989760839534,-73.93347193608341,0.4
4FGL J0023.7-6820 ,306.7893244426751,-48.58217063424759,0.4
4FGL J0023.7+4457 ,117.80447822126104,-17.645320944106242,0.4
4FGL J0023.9+1603 ,113.34498300892625,-46.295123038363684,0.4
4FGL J0024.0-7204 ,305.90195965128135,-44.89108223901916,0.4
4FGL J0024.1+2402 ,114.97466790223136,-38.413219545564566,0.4
4FGL J0024.1+7909 ,121.59989741341893,16.355464298281934,0.4
4FGL J0024.4+4647 ,118.14277272087101,-15.823960410534063,0.4
4FGL J0024.5-0810 ,103.1197981346949,-70.01159727751114,0.4
4FGL J0024.7+0349 ,110.17762008635064,-58.37821044282012,0.4
4FGL J0025.0-2320 ,63.93311901201482,-82.93737107852472,0.4
4FGL J0025.2-2231 ,69.19586969737868,-82.48450961395737,0.4
4FGL J0025.3+6408 ,120.09361716267676,1.4218551014315204,0.4
4FGL J0025.4-4838 ,314.3905651573147,-67.90782305715511,0.4
4FGL J0025.5-5936 ,308.9877810983792,-57.217841584815794,0.4
4FGL J0025.7-4801 ,314.7238210943173,-68.51652374301032,0.4
4FGL J0026.1-0732 ,104.76162148699929,-69.51759690212386,0.4
4FGL J0026.2+3926 ,117.64665956259847,-23.170577943965775,0.4
4FGL J0026.6-4600 ,315.91985896856175,-70.48142017619779,0.4
4FGL J0027.0-1134 ,101.5141974549553,-73.4218782833308,0.4
4FGL J0028.1+7505 ,121.40365033655686,12.293511698573985,0.4
4FGL J0028.5+2001 ,115.61436140027212,-42.528671150760424,0.4
4FGL J0028.8-0112 ,110.1993222182904,-63.51465312710879,0.4
4FGL J0028.9+3553 ,117.82135130967262,-26.757603799763658,0.4
4FGL J0029.0-7044 ,305.60474503055053,-46.27024738074365,0.4
4FGL J0029.4+2051 ,116.05021983948187,-41.71177083326159,0.4
4FGL J0030.2+0001 ,111.43036997158345,-62.363869086777584,0.4
4FGL J0030.2-5149 ,310.69211757027483,-64.97544441491175,0.4
4FGL J0030.2-1647 ,96.46628692542276,-78.56577579125998,0.4
4FGL J0030.3-4224 ,317.2676801628258,-74.12444729271232,0.4
4FGL J0030.4+0451 ,113.13405493216062,-57.612597163600626,0.4
4FGL J0030.6-0212 ,110.74333578156477,-64.57943545350295,0.4
4FGL J0030.6+0539 ,113.45348721477404,-56.82652322997407,0.4
4FGL J0030.9-3618 ,327.0372160307763,-79.83805699255711,0.4
4FGL J0031.0-2327 ,70.31832311922206,-84.10567801794386,0.4
4FGL J0031.3+0726 ,114.19592890665574,-55.085843292912344,0.4
4FGL J0031.5-4025 ,318.8490248264829,-76.08667415993239,0.4
4FGL J0031.5-5648 ,308.38339804178753,-60.11082523377359,0.4
4FGL J0032.3-5522 ,308.63895157510103,-61.5490106604445,0.4
4FGL J0032.3-5539 ,308.5202808459109,-61.256877227218226,0.4
4FGL J0032.4-2849 ,9.84532139081408,-85.47483148182214,0.4
4FGL J0032.5-4724 ,312.01586403741607,-69.39068939636014,0.4
4FGL J0033.3-2040 ,89.42054944823744,-82.33560001358488,0.4
4FGL J0033.5-1921 ,94.18599416607498,-81.21708801399453,0.4
4FGL J0033.9+3858 ,119.21490997024127,-23.77377266370248,0.4
4FGL J0034.0-4116 ,316.0005660089471,-75.41339874610182,0.4
4FGL J0034.3-0534 ,111.50371827128991,-68.0734475038955,0.4
4FGL J0034.6+6438 ,121.13443800910561,1.8261662592798815,0.4
4FGL J0035.0-5728 ,307.28630848863276,-59.51772880556827,0.4
4FGL J0035.2+1514 ,117.1525839604826,-47.44950459259355,0.4
4FGL J0035.2-1739 ,100.58411144814762,-79.82519345311893,0.4
4FGL J0035.8-0837 ,110.92032613407495,-71.13926967841282,0.4
4FGL J0035.8+6131 ,121.07729013500584,-1.2922869788228488,0.4
4FGL J0035.9+5950 ,120.9820557871532,-2.979619723152521,0.4
4FGL J0036.8+1431 ,117.63760205749918,-48.19188343267088,0.4
4FGL J0036.9+1832 ,118.13542675841984,-44.19424752680689,0.4
4FGL J0037.2-2653 ,36.38999584318607,-86.8325877568793,0.4
4FGL J0037.6+3653 ,119.8609655488126,-25.89292690816236,0.4
4FGL J0037.8+1239 ,117.77324412424446,-50.08317764089141,0.4
4FGL J0037.9+2612 ,119.15833684028472,-36.57174855778209,0.4
4FGL J0038.1+0012 ,115.73305887060525,-62.474177372430496,0.4
4FGL J0038.2-2459 ,67.94323259174264,-86.3471144398605,0.4
4FGL J0038.7-0204 ,115.48634420344814,-64.76050619333668,0.4
4FGL J0039.0-0946 ,112.76267321806034,-72.40896569745202,0.4
4FGL J0039.1-2219 ,92.03165674453518,-84.44379915828124,0.4
4FGL J0039.1+6257 ,121.5353174586347,0.12189394145425342,0.4
4FGL J0039.1+4330 ,120.58093096657672,-19.303667462240536,0.4
4FGL J0039.7+4203 ,120.61540477052507,-20.753934190622083,0.4
4FGL J0040.2-2725 ,25.41386618132456,-87.4954788772262,0.4
4FGL J0040.3+4050 ,120.67978748714218,-21.98725404571388,0.4
4FGL J0040.4-2340 ,86.55483048050529,-85.73833914109822,0.4
4FGL J0040.7-7157 ,304.10224743523895,-45.13829880205146,0.4
4FGL J0040.9+3203 ,120.34745751151303,-30.766248632111523,0.4
4FGL J0041.3-0048 ,117.24854531357468,-63.56253809926878,0.4
4FGL J0041.3+6052 ,121.70681747022017,-1.9694987434901987,0.4
4FGL J0041.4+3800 ,120.77073482744092,-24.820253855465907,0.4
4FGL J0041.7-1607 ,110.90762740017769,-78.76599232416221,0.4
4FGL J0041.9-4702 ,307.66773248073787,-69.99497937825895,0.4
4FGL J0042.0+3640 ,120.8283400394263,-26.16088015553978,0.4
4FGL J0042.2+2319 ,120.19307099950389,-39.495687688551,0.4
4FGL J0042.3+3509 ,120.83584796767587,-27.68218601352212,0.4
4FGL J0043.2+4114 ,121.28495712041625,-21.604193649665,0.4
4FGL J0043.5-0442 ,117.76342981541094,-67.49281758992052,0.4
4FGL J0043.6+2223 ,120.56236229788583,-40.449459186258316,0.4
4FGL J0043.7-1116 ,116.02459040774028,-74.05025866922468,0.4
4FGL J0043.8+3425 ,121.161653247652,-28.414192776541416,0.4
4FGL J0044.2-8424 ,303.13927119440143,-32.723768380608696,0.4
4FGL J0044.8+6802 ,122.31592998130917,5.174300184421937,0.4
4FGL J0044.9+4553 ,121.74708169983617,-16.96416125051589,0.4
4FGL J0045.1-3706 ,310.0949718644974,-79.93448699180976,0.4
4FGL J0045.3+2128 ,121.0466620781972,-41.38269094234474,0.4
4FGL J0045.7+1217 ,120.7346086563775,-50.555366839339456,0.4
4FGL J0045.8-1324 ,117.25755411105307,-76.21324229865661,0.4
4FGL J0045.9-2021 ,112.1175310716982,-83.12149900588986,0.4
4FGL J0046.7-7048 ,303.4927667747057,-46.30951892994808,0.4
4FGL J0046.9+0705 ,120.95768835614753,-55.76218603066708,0.4
4FGL J0047.0+5657 ,122.32572853748763,-5.906444240434947,0.4
4FGL J0047.1-6203 ,303.81792176424966,-55.068807662870064,0.4
4FGL J0047.3+6943 ,122.57157560025021,6.853439616546195,0.4
4FGL J0047.5-2517 ,97.57447925074592,-87.96936298035305,0.4
4FGL J0047.9+3947 ,122.19439986540654,-23.069187821644757,0.4
4FGL J0047.9+5448 ,122.42412556263457,-8.066605599414048,0.4
4FGL J0047.9+2233 ,121.88890578322719,-40.301569323970696,0.4
4FGL J0048.6-6347 ,303.4429552615612,-53.33411116268093,0.4
4FGL J0048.6-2427 ,109.72773792747637,-87.2549391196414,0.4
4FGL J0049.0+2252 ,122.20132672280195,-39.99479958053337,0.4
4FGL J0049.1+4223 ,122.47285908889296,-20.479574348059543,0.4
4FGL J0049.2+6227 ,122.67843789207053,-0.4080691106570502,0.4
4FGL J0049.4-5402 ,303.58144281944806,-63.08902704544331,0.4
4FGL J0049.5-4150 ,304.28678546293116,-75.27738781227191,0.4
4FGL J0049.6-4500 ,303.94652952373144,-72.11618265156162,0.4
4FGL J0049.7+0237 ,122.08302410395446,-60.24166681415579,0.4
4FGL J0050.0-5736 ,303.2905954497382,-59.5109036491619,0.4
4FGL J0050.4-0452 ,122.28093298245273,-67.75109686849105,0.4
4FGL J0050.7-0929 ,122.33231272379919,-72.36448996102258,0.4
4FGL J0050.8+3330 ,122.78768235425282,-29.36037907508592,0.4
4FGL J0050.8-3428 ,303.8429895817448,-82.65975563160848,0.4
4FGL J0051.1-0648 ,122.71152026294844,-69.68121563500617,0.4
4FGL J0051.2-6242 ,302.95965473330466,-54.424546937258334,0.4
4FGL J0051.5-4220 ,302.8761094314368,-74.78274436431056,0.4
4FGL J0052.1+6444 ,123.01040284596463,1.870361560084221,0.4
4FGL J0052.9-6644 ,302.6906139133516,-50.39122614939493,0.4
4FGL J0054.4+8627 ,122.9824105533469,23.581644607639568,0.4
4FGL J0054.4-1503 ,126.4454671977296,-77.90825547128671,0.4
4FGL J0054.7-2455 ,141.98654118209836,-87.68008956731327,0.4
4FGL J0054.8-1954 ,129.22900571924936,-82.74241568085344,0.4
4FGL J0055.1-1219 ,126.44882866820124,-75.16698502605232,0.4
4FGL J0055.7+4507 ,123.73213013086071,-17.740634541560013,0.4
4FGL J0056.3-0935 ,126.9463466833125,-72.43315255043778,0.4
4FGL J0056.4-2118 ,134.3630667680282,-84.06238111832128,0.4
4FGL J0056.5-3936 ,298.35914210644995,-77.47163309260137,0.4
4FGL J0056.6-4452 ,299.92383759908444,-72.22507965256099,0.4
4FGL J0056.6-5317 ,301.17151335074004,-63.81487917844729,0.4
4FGL J0056.8+1626 ,124.79984768127761,-46.41627025139828,0.4
4FGL J0057.0+4101 ,124.06494328007074,-21.841582627982575,0.4
4FGL J0057.3+2216 ,124.73769407028686,-40.577960717109306,0.4
4FGL J0057.5+6814 ,123.49776754855462,5.3709313336470235,0.4
4FGL J0057.7+3023 ,124.55754489483677,-32.454669306109494,0.4
4FGL J0057.9+6326 ,123.66344285012399,0.5760441787261806,0.4
4FGL J0058.0-7245e,302.2514579328705,-44.36958359350401,0.4
4FGL J0058.0-0539 ,127.41348539804565,-68.46925232362527,0.4
4FGL J0058.0-3233 ,288.56024487735004,-84.37672556066708,0.4
4FGL J0058.1+6915 ,123.53306264629371,6.396932528258895,0.4
4FGL J0058.3+1723 ,125.26867721636899,-45.45217482976934,0.4
4FGL J0058.3-4603 ,299.23621212640626,-71.0225377131189,0.4
4FGL J0058.4+3315 ,124.61562795934005,-29.598356109115848,0.4
4FGL J0058.6-1140 ,129.48990014795893,-74.45958079796155,0.4
4FGL J0059.2+0006 ,127.18054297694857,-62.690857416697376,0.4
4FGL J0059.3-0152 ,127.5542081673573,-64.67326488030821,0.4
4FGL J0059.4-5654 ,300.73035280902695,-60.185058954460224,0.4
4FGL J0059.5-3512 ,291.34534824146624,-81.7334849213348,0.4
4FGL J0059.5-3338 ,288.4038709530397,-83.25729678562607,0.4
4FGL J0059.7-7210 ,302.03730799216703,-44.93406831159503,0.4
4FGL J0100.3+0745 ,126.7963966915435,-55.039991264519166,0.4
4FGL J0101.0-0059 ,128.3737781081005,-63.760522498748806,0.4
4FGL J0101.1-6422 ,301.18915796502654,-52.726906843165445,0.4
4FGL J0101.3-8019 ,302.4130127355283,-36.794781251952124,0.4
4FGL J0101.7-5455 ,299.75165903045007,-62.13883593890358,0.4
4FGL J0101.8-7543 ,302.0738940960138,-41.37843335485456,0.4
4FGL J0102.0-6240 ,300.8431566555398,-54.40324942590228,0.4
4FGL J0102.0+1639 ,126.61588364307573,-46.143131894320575,0.4
4FGL J0102.1+5846 ,124.32301093483234,-4.064714245732251,0.4
4FGL J0102.1+4458 ,124.92797658756201,-17.86200709990624,0.4
4FGL J0102.3+1000 ,127.3934232180494,-52.76479160658002,0.4
4FGL J0102.4+4214 ,125.10450018189522,-20.588286479775253,0.4
4FGL J0102.4+0942 ,127.44475931339298,-53.06926560189063,0.4
4FGL J0102.6-5639 ,299.81889306877633,-60.4049839906768,0.4
4FGL J0102.7-2001 ,143.61548696221314,-82.44283139118276,0.4
4FGL J0102.8+5824 ,124.42447068524416,-4.429608873872587,0.4
4FGL J0102.8+4839 ,124.87597583098162,-14.169550321167046,0.4
4FGL J0102.9-7051 ,301.5676456864823,-46.23472856362952,0.4
4FGL J0103.1+4954 ,124.85800037082781,-12.91862431558676,0.4
4FGL J0103.5+1526 ,127.22827328906396,-47.33618019461566,0.4
4FGL J0103.5+5337 ,124.74528981849907,-9.203018135092039,0.4
4FGL J0103.8+1321 ,127.58430022959628,-49.40575829046114,0.4
4FGL J0104.6-0818 ,132.9890183669831,-70.92555524078162,0.4
4FGL J0104.8-2215 ,155.55507291566482,-84.25758423405726,0.4
4FGL J0104.8-2416 ,170.3849026831247,-85.84747235740642,0.4
4FGL J0105.1+3929 ,125.81475480429613,-23.29859726641408,0.4
4FGL J0105.5+1912 ,127.54138565495869,-43.53989722720506,0.4
4FGL J0105.9+3403 ,126.35582589085726,-28.710925527025324,0.4
4FGL J0106.1+1131 ,128.69733792404708,-51.178767027302584,0.4
4FGL J0106.4+4855 ,125.46872792475222,-13.870952264838573,0.4
4FGL J0106.9-4832 ,295.9386778488227,-68.38204332832282,0.4
4FGL J0107.3-1210 ,137.68134001896914,-74.59829698880426,0.4
4FGL J0107.4+0334 ,130.69784329970048,-59.06170524010128,0.4
4FGL J0107.4+0459 ,130.41641100310505,-57.6536776539357,0.4
4FGL J0107.6+4950 ,125.60881878178301,-12.946086735632363,0.4
4FGL J0108.1-0039 ,132.21763379576367,-63.22946269066373,0.4
4FGL J0108.6+0134 ,131.8437203680537,-60.99118785766536,0.4
4FGL J0109.1+1815 ,128.83229857201295,-44.40368565042372,0.4
4FGL J0109.3+2401 ,128.16501988751145,-38.66622697061813,0.4
4FGL J0109.7+6133 ,125.11432254188112,-1.232500868051742,0.4
4FGL J0110.0-5246 ,296.4807231548799,-64.11326161062401,0.4
4FGL J0110.0-4019 ,287.82681110097144,-76.259345434291,0.4
4FGL J0110.1+6805 ,124.68571461445599,5.289401923512001,0.4
4FGL J0110.2+4151 ,126.675736488786,-20.875984212131147,0.4
4FGL J0110.3-0431 ,135.02805149352554,-66.95398317024345,0.4
4FGL J0110.6+0415 ,132.0721160085291,-58.27698020086332,0.4
4FGL J0110.7-1254 ,141.53158812878635,-75.07676374719773,0.4
4FGL J0110.9+4344 ,126.6481181289906,-18.98373031491041,0.4
4FGL J0111.4-7304 ,300.9124706176996,-43.97790704366242,0.4
4FGL J0111.4+0534 ,132.07748177525627,-56.940238015779485,0.4
4FGL J0111.5-2546 ,197.3945437865547,-85.2928577828895,0.4
4FGL J0112.0+3442 ,127.72832217523167,-27.97699856260616,0.4
4FGL J0112.0-6634 ,299.7122483807489,-50.42372294220778,0.4
4FGL J0112.1+2245 ,129.14765269900857,-39.87053528867707,0.4
4FGL J0112.1-0321 ,135.5744466176269,-65.72532577620376,0.4
4FGL J0112.5-0651 ,137.7547087329731,-69.1192361347095,0.4
4FGL J0112.6-3158 ,260.6300358938394,-83.31226911084062,0.4
4FGL J0112.8-7506 ,301.0865030335191,-41.94914596290045,0.4
4FGL J0112.8-0253 ,135.76724727088967,-65.23391378280373,0.4
4FGL J0112.8+3208 ,128.2029408801131,-30.51218991923182,0.4
4FGL J0113.1-3553 ,276.4767931318967,-80.09173204382915,0.4
4FGL J0113.4+4948 ,126.57622066251402,-12.910364437009646,0.4
4FGL J0113.7+0225 ,134.10128483652963,-59.96823244526912,0.4
4FGL J0114.0+6418 ,125.38183265999629,1.539914211669536,0.4
4FGL J0114.8+1326 ,131.63398969855226,-49.04160505533249,0.4
4FGL J0114.9-3400 ,268.0324076382692,-81.46336346149802,0.4
4FGL J0115.1+2622 ,129.50574465299155,-36.19605799957082,0.4
4FGL J0115.1-0129 ,136.42502334815237,-63.74518624780332,0.4
4FGL J0115.4-2917 ,236.60428127849698,-84.288494359963,0.4
4FGL J0115.6-5653 ,296.3410031181317,-59.9223120982943,0.4
4FGL J0115.6+0356 ,134.50613736130313,-58.379632998418025,0.4
4FGL J0115.8+2519 ,129.8522434362244,-37.21156195687785,0.4
4FGL J0116.0-1136 ,144.50388528440783,-73.44039310765655,0.4
4FGL J0116.0-2745 ,220.9402825051243,-84.51191121402998,0.4
4FGL J0116.2-6153 ,297.8440589793842,-54.98786977516844,0.4
4FGL J0116.5-2812 ,225.3044472427472,-84.34074584098725,0.4
4FGL J0116.5-3046 ,248.02644908323362,-83.39751738646828,0.4
4FGL J0116.8+6914 ,125.19040025658754,6.481081202542177,0.4
4FGL J0117.5-2442 ,192.04601014173048,-83.6505181507415,0.4
4FGL J0117.8-2109 ,169.55533308817502,-81.5263452434549,0.4
4FGL J0117.9+1430 ,132.51751340302152,-47.877858422669284,0.4
4FGL J0118.3-6008 ,296.8381117686719,-56.66604958582333,0.4
4FGL J0118.7-0848 ,143.62164701788285,-70.57454058464657,0.4
4FGL J0118.9-2141 ,173.40577756569004,-81.72015155189052,0.4
4FGL J0119.0-1458 ,152.18538930880086,-76.25819614903502,0.4
4FGL J0119.4-5354 ,293.90957549197657,-62.71831314717246,0.4
4FGL J0119.6+4158 ,128.53261344445121,-20.58183188779935,0.4
4FGL J0119.9+4053 ,128.73380859285058,-21.658712361652597,0.4
4FGL J0120.1+0505 ,136.1709541382253,-57.039965836135295,0.4
4FGL J0120.2-7944 ,301.3245505669699,-37.29703485883793,0.4
4FGL J0120.4-2701 ,213.65462986544392,-83.5328181791002,0.4
4FGL J0121.4-7216 ,299.7314786163042,-44.66124180381495,0.4
4FGL J0121.5+7906 ,124.41107643652136,16.31755297625035,0.4
4FGL J0121.7+5153 ,127.68354614108154,-10.697120572587371,0.4
4FGL J0121.8+1147 ,134.65797396471743,-50.38150867763082,0.4
4FGL J0121.8-3916 ,277.2688472073238,-76.30427560795891,0.4
4FGL J0122.1-3004 ,238.33246071616202,-82.65391238409889,0.4
4FGL J0122.4+1034 ,135.23795915073106,-51.556483196575044,0.4
4FGL J0122.4-1509 ,155.54359832602083,-76.02415139916812,0.4
4FGL J0123.1+3421 ,130.34884226329117,-28.060646729200858,0.4
4FGL J0123.7+4209 ,129.30543973827233,-20.307107622516455,0.4
4FGL J0123.7-2311 ,186.4139314431085,-81.70012685029538,0.4
4FGL J0123.7-4129 ,280.2118993598559,-74.17924820080971,0.4
4FGL J0124.0+3035 ,131.1846132988058,-31.75784970941957,0.4
4FGL J0124.8-0625 ,145.44011400666838,-67.83154106644763,0.4
4FGL J0125.3+6820 ,126.06273584298548,5.675692583503686,0.4
4FGL J0125.3-5112 ,290.28385281160814,-65.0766626403856,0.4
4FGL J0125.3-2548 ,204.98271233250404,-82.28944024750355,0.4
4FGL J0125.4+3200 ,131.2858778362107,-30.310630348136616,0.4
4FGL J0125.7-0015 ,141.37396520243493,-61.904200029246276,0.4
4FGL J0125.8-6348 ,296.6500924903095,-52.89988143404058,0.4
4FGL J0125.8+2605 ,132.52153818431313,-36.14085304607049,0.4
4FGL J0125.9-6303 ,296.3412720102611,-53.62782388982366,0.4
4FGL J0126.0-2221 ,183.58541450372903,-80.80670198395757,0.4
4FGL J0126.3-6746 ,297.91082972819316,-49.01010256989031,0.4
4FGL J0126.5-1553 ,160.67922911334813,-76.10942546746456,0.4
4FGL J0126.8+2412 ,133.17609380366164,-37.95704065888984,0.4
4FGL J0127.1+3310 ,131.47441847847224,-29.10348381055528,0.4
4FGL J0127.2-0819 ,148.84596296519746,-69.38137869375382,0.4
4FGL J0127.2+0324 ,140.12785925217193,-58.25654530720384,0.4
4FGL J0127.3-0148 ,143.21720447975932,-63.24794520555968,0.4
4FGL J0127.4-4813 ,286.9237897067275,-67.76809648604946,0.4
4FGL J0127.9+4857 ,129.07508547643238,-13.482614846195752,0.4
4FGL J0127.9+1737c,135.13514846555103,-44.38229929228314,0.4
4FGL J0128.1+7542 ,125.24789960567166,12.998761713135435,0.4
4FGL J0128.2-1722 ,165.87134877075138,-77.06954078103783,0.4
4FGL J0128.2+4400 ,129.90256890705876,-18.37075962340887,0.4
4FGL J0128.3+5710 ,127.9392360745283,-5.342601805782777,0.4
4FGL J0128.4+2614 ,133.18244053677705,-35.897152494625196,0.4
4FGL J0128.5+4440 ,129.84810416015665,-17.694757741544052,0.4
4FGL J0128.8-4626 ,284.4429608702092,-69.32628364402976,0.4
4FGL J0129.0+6312 ,127.15824782576443,0.6493554869132004,0.4
4FGL J0129.7+3436 ,131.83041975859092,-27.59172231340156,0.4
4FGL J0129.8+1440 ,136.66983301988478,-47.162338115619086,0.4
4FGL J0130.4-2129 ,182.70347878794394,-79.47842130603611,0.4
4FGL J0130.6+1844 ,135.69498720107043,-43.15050128918525,0.4
4FGL J0131.1+6120 ,127.67887454398269,-1.167814508823764,0.4
4FGL J0131.2+5547 ,128.55212314902735,-6.6514129230220105,0.4
4FGL J0131.7-5346 ,290.05677766172744,-62.33528157533215,0.4
4FGL J0132.1-0956 ,154.01999463159171,-70.31440163176681,0.4
4FGL J0132.7-1654 ,168.0999970831404,-76.0185836158729,0.4
4FGL J0132.7-0804 ,152.0034467350049,-68.58236478275164,0.4
4FGL J0132.8-4413 ,279.65857541604055,-70.98640452889917,0.4
4FGL J0132.8+4324 ,130.86559370701502,-18.82842121732362,0.4
4FGL J0132.9-4259 ,277.6221372367999,-72.04604979855945,0.4
4FGL J0133.0+5931 ,128.1912093393488,-2.914339213351044,0.4
4FGL J0133.1-5201 ,288.25580044903097,-63.90242779162983,0.4
4FGL J0133.2-4533 ,281.38976567373606,-69.78293448397534,0.4
4FGL J0133.7-3409 ,253.264634100591,-78.51376875154914,0.4
4FGL J0133.7-5527 ,290.6569382230345,-60.65750561738163,0.4
4FGL J0134.3-3842 ,267.86542581805065,-75.35330250721678,0.4
4FGL J0134.5+2637 ,134.73314798359334,-35.25341443166544,0.4
4FGL J0135.0+5338 ,129.44703473692647,-8.683982970988698,0.4
4FGL J0135.1+0255 ,143.94388374796736,-58.162037383146036,0.4
4FGL J0135.3-2728 ,217.45170609240682,-80.25045050138938,0.4
4FGL J0136.2-4708 ,282.1451481688684,-68.13864412422112,0.4
4FGL J0136.4+6911 ,126.93025814092175,6.6676372992201305,0.4
4FGL J0136.5+3906 ,132.42177412241912,-22.938679528889274,0.4
4FGL J0136.6+3130 ,134.1051429894585,-30.385337458957604,0.4
4FGL J0136.8+2032 ,137.07491384401214,-41.0843588327315,0.4
4FGL J0137.0+4751 ,130.79833081173916,-14.310294444057831,0.4
4FGL J0137.3-3239 ,244.72006877900935,-78.62133033172607,0.4
4FGL J0137.5+0847 ,141.80330101168346,-52.375441985189156,0.4
4FGL J0137.6-2430 ,201.39597951745853,-79.28718037904838,0.4
4FGL J0137.9+5814 ,129.0400972449598,-4.069268814776933,0.4
4FGL J0138.0+2247 ,136.75228601311287,-38.82208248640092,0.4
4FGL J0138.5+3931 ,132.73793776922463,-22.44956937644738,0.4
4FGL J0138.5+0300 ,145.41433912981537,-57.79669104840854,0.4
4FGL J0138.5-4613 ,279.9816065259731,-68.75417461527832,0.4
4FGL J0138.6+2923 ,135.1149223262631,-32.366783413556256,0.4
4FGL J0138.6+6821 ,127.28491497792506,5.878689064190584,0.4
4FGL J0139.0+2601 ,136.10618013738315,-35.6214263998458,0.4
4FGL J0139.2-1705 ,173.16161482077075,-75.06951727274665,0.4
4FGL J0139.5-2228 ,192.49397651247952,-78.13212098051093,0.4
4FGL J0140.3+7054 ,126.94713884472408,8.414594891010791,0.4
4FGL J0140.4+5114 ,130.7090145202692,-10.88109918048349,0.4
4FGL J0140.5-4730 ,280.9163794305423,-67.469813987994,0.4
4FGL J0140.6-0758 ,156.52210656504414,-67.57800406873382,0.4
4FGL J0140.6+8736 ,123.49389646663528,24.78837163935034,0.4
4FGL J0141.4-0928 ,159.065895205442,-68.76940234346377,0.4
4FGL J0142.5+6650 ,127.93481328769026,4.459726181659288,0.4
4FGL J0142.7-0543 ,154.911238009622,-65.3711825286818,0.4
4FGL J0143.1-3622 ,256.25886662186394,-75.66492967033041,0.4
4FGL J0143.3-0119 ,150.875226142231,-61.34824876473269,0.4
4FGL J0143.5-3156 ,239.0783003971733,-77.68690985753562,0.4
4FGL J0143.7-5846 ,290.4591087992011,-57.07065172111821,0.4
4FGL J0143.8+4947 ,131.53965076743486,-12.199283371893106,0.4
4FGL J0144.3+5959 ,129.50565532734655,-2.197333063153043,0.4
4FGL J0144.6+2705 ,137.27615362414892,-34.29670032118468,0.4
4FGL J0145.0-2732 ,217.97354820396723,-78.09565544553551,0.4
4FGL J0145.9+2319 ,138.8283703045972,-37.8509698958383,0.4
4FGL J0146.0-6746 ,295.1815386556745,-48.52303486374494,0.4
4FGL J0146.3+4606 ,132.77520969908167,-15.70838965061255,0.4
4FGL J0146.9-5202 ,283.9881899542281,-62.99194400123012,0.4
4FGL J0147.6+1547 ,142.19918235103185,-44.964642107946474,0.4
4FGL J0147.6-6028 ,290.792667157657,-55.30815118616989,0.4
4FGL J0147.6-0825 ,160.96698473989426,-67.04643497742559,0.4
4FGL J0147.7-1321 ,169.40826245122204,-70.96628371904967,0.4
4FGL J0148.2+5201 ,131.74506638884841,-9.872842877932015,0.4
4FGL J0148.6+0127 ,150.92686780314077,-58.26645117859824,0.4
4FGL J0149.6-0734 ,160.80806872300013,-66.07855496884935,0.4
4FGL J0149.8+2650 ,138.72085548024168,-34.22459276871771,0.4
4FGL J0150.4+4848 ,132.83994861660142,-12.919025588641148,0.4
4FGL J0150.5-3337 ,243.5264444890388,-75.70901915628986,0.4
4FGL J0150.6-5448 ,285.6414580335193,-60.29212402150373,0.4
4FGL J0150.9+1230 ,144.8331694266449,-47.81327801845306,0.4
4FGL J0151.0+0539 ,148.8879932883427,-54.18432376574203,0.4
4FGL J0151.3+8601 ,124.05108903795916,23.278524751428392,0.4
4FGL J0151.4-3607 ,251.86136375170943,-74.3998635188877,0.4
4FGL J0151.7+5455 ,131.59107273375858,-6.937783681655089,0.4
4FGL J0152.2+3714 ,136.15145889104895,-24.071591224729502,0.4
4FGL J0152.2+2206 ,141.05763937395398,-38.60713079745233,0.4
4FGL J0152.6+0147 ,152.37036875197407,-57.54141762513447,0.4
4FGL J0152.6-1404 ,173.54165128435378,-70.65061635251894,0.4
4FGL J0152.9-1109 ,168.05449488804453,-68.46085477478319,0.4
4FGL J0153.0+7517 ,126.89726431827445,12.892864565930468,0.4
4FGL J0153.3+5416 ,131.96815440288188,-7.508967262541103,0.4
4FGL J0153.3-1845 ,185.72461994402744,-73.50229065559785,0.4
4FGL J0153.4+7114 ,127.92430481495379,8.972907978490142,0.4
4FGL J0153.5-5107 ,280.98728710451917,-63.269165858143985,0.4
4FGL J0153.9+0823 ,148.22522928237865,-51.38060483088937,0.4
4FGL J0154.3-0236 ,157.14821188238645,-61.23454598395924,0.4
4FGL J0154.5-6604 ,293.0865459925166,-49.82451063827884,0.4
4FGL J0154.6+0051 ,153.99020009042326,-58.14661883799684,0.4
4FGL J0155.0+4433 ,134.70755116860872,-16.85415209092501,0.4
4FGL J0155.4-0625 ,162.10632688979922,-64.31264029109906,0.4
4FGL J0155.5+2920 ,139.33089740640622,-31.483053992418643,0.4
4FGL J0155.7+6642 ,129.23877022486462,4.6279128418461735,0.4
4FGL J0156.1+1502 ,145.29206065854726,-45.00430008327812,0.4
4FGL J0156.3-2420 ,205.7189586793559,-75.13677644012917,0.4
4FGL J0156.5+3914 ,136.4579366440076,-21.906720639513104,0.4
4FGL J0156.6-1758 ,184.98907968126323,-72.40352519539026,0.4
4FGL J0156.8-4744 ,275.46544064970146,-65.75391504652077,0.4
4FGL J0156.9-5301 ,282.20323235861395,-61.38198676881502,0.4
4FGL J0156.9+4648 ,134.4376655926917,-14.588901454835526,0.4
4FGL J0156.9-3235 ,237.95282773484485,-74.7947697199814,0.4
4FGL J0157.6+1012 ,148.4336832590689,-49.35238337939097,0.4
4FGL J0157.7-4614 ,272.84678713188345,-66.82179475397595,0.4
4FGL J0158.2+2515 ,141.48736480024954,-35.184935629098824,0.4
4FGL J0158.4+1230 ,147.38742791206425,-47.160509355267926,0.4
4FGL J0158.5-5005 ,278.23773584966176,-63.70213618382946,0.4
4FGL J0158.5+6058 ,130.97907217092714,-0.8389243320393451,0.4
4FGL J0158.5+0549 ,151.6410757532934,-53.264896546763644,0.4
4FGL J0158.5-3932 ,258.8324628877311,-71.33312246689606,0.4
4FGL J0158.8+0101 ,155.57624488896104,-57.51285810577556,0.4
4FGL J0158.9+7037 ,128.5187320457093,8.49691439482317,0.4
4FGL J0159.0-4255 ,266.3238610358668,-69.08118646587194,0.4
4FGL J0159.0+3313 ,138.85968669854668,-27.553938135718255,0.4
4FGL J0159.3-4523 ,270.8711377417782,-67.28834470108073,0.4
4FGL J0159.5+1046 ,148.745257665849,-48.65476812453046,0.4
4FGL J0159.7-2740 ,218.93055641475044,-74.83175824818005,0.4
4FGL J0159.8-2234 ,200.30889118833556,-73.8536619866571,0.4
4FGL J0200.3-4109 ,262.0928490805395,-70.07539537193595,0.4
4FGL J0200.6-6637 ,292.5541264620925,-49.084424572236806,0.4
4FGL J0201.1+0036 ,156.8937464133211,-57.600417842417755,0.4
4FGL J0201.1-4347 ,267.33308561596823,-68.20238490070443,0.4
4FGL J0202.1+3939 ,137.4503112760703,-21.206851326453386,0.4
4FGL J0202.3-0605 ,164.8210339087743,-63.052250769871506,0.4
4FGL J0202.3-3531 ,246.36797541630818,-72.71911820051454,0.4
4FGL J0202.4+0849 ,150.98021023028522,-50.134300070439295,0.4
4FGL J0202.4+2943 ,140.86646008117128,-30.65641002347318,0.4
4FGL J0202.6-0258 ,161.19891429905894,-60.4482842695824,0.4
4FGL J0202.7+4204 ,136.8276247531195,-18.86823024696659,0.4
4FGL J0202.7+3133 ,140.27377821456477,-28.89866472703741,0.4
4FGL J0202.9-0225 ,160.7145954109092,-59.93619355207339,0.4
4FGL J0203.3-2507 ,209.9219530643965,-73.75031712259754,0.4
4FGL J0203.6+7233 ,128.35300509116138,10.445591643952104,0.4
4FGL J0203.7+3042 ,140.80201479491674,-29.636906696009163,0.4
4FGL J0203.9+5411 ,133.50148665893985,-7.190288188904437,0.4
4FGL J0203.9+8120 ,125.77241662445125,18.865851359936894,0.4
4FGL J0204.0-3334 ,239.72771431376947,-73.08307494910008,0.4
4FGL J0204.1-2919 ,224.99043670261858,-73.84217587989485,0.4
4FGL J0204.3-3140 ,233.27820748870133,-73.51622197977464,0.4
4FGL J0204.3+2417 ,143.48355327182256,-35.659308507760684,0.4
4FGL J0204.7+6656 ,130.03890608311426,5.082898155292264,0.4
4FGL J0204.8+1513 ,147.94237166663984,-44.04393342111299,0.4
4FGL J0205.0-1700 ,185.9808412480947,-70.20197083226438,0.4
4FGL J0205.2-3050 ,230.2669684756178,-73.46847017093513,0.4
4FGL J0205.2+3212 ,140.60777771186497,-28.123147500507567,0.4
4FGL J0205.6+6449e,130.71777737162435,3.0835265519690127,0.4
4FGL J0205.7+6449 ,130.7284617079148,3.082401471105021,0.4
4FGL J0206.0-0958 ,172.19145048641994,-65.42496473097336,0.4
4FGL J0206.4-1151 ,175.61300611487096,-66.70867677742054,0.4
4FGL J0206.4+3829 ,138.69019162031145,-22.070139980840125,0.4
4FGL J0206.8-5744 ,284.67019963596323,-56.62665119724688,0.4
4FGL J0207.2-1832 ,190.69565693539772,-70.57605265389965,0.4
4FGL J0207.4-3855 ,254.39658079779284,-70.24918917697285,0.4
4FGL J0207.4+5214 ,134.57707538628478,-8.894235787272251,0.4
4FGL J0207.5-1049 ,174.25456956749127,-65.78275746756823,0.4
4FGL J0207.5-2402 ,207.00097804623968,-72.57203137377091,0.4
4FGL J0207.9+2203 ,145.4210460661685,-37.44892533212471,0.4
4FGL J0207.9+0953 ,152.16164169392712,-48.59404062087299,0.4
4FGL J0208.3-6838 ,292.80720055962325,-46.94566893586778,0.4
4FGL J0208.5-0046 ,161.2077914778139,-57.800937693393195,0.4
4FGL J0208.6+3523 ,140.21666105169055,-24.8684755716219,0.4
4FGL J0209.3+4449 ,137.1690548688149,-15.876333568852461,0.4
4FGL J0209.3-5228 ,278.34456497464777,-60.766725261588434,0.4
4FGL J0209.7+6437 ,131.1936702106238,3.022578703432987,0.4
4FGL J0209.8+2626 ,143.9776676126213,-33.21334781953508,0.4
4FGL J0209.9+7229 ,128.8358542141684,10.522459094988367,0.4
4FGL J0210.1+2518 ,144.5333258125283,-34.244872212812766,0.4
4FGL J0210.5-1445 ,183.01496063204962,-67.83013739749681,0.4
4FGL J0210.7-5101 ,276.1057710086919,-61.77374787578173,0.4
4FGL J0211.1-0646 ,169.4793198112788,-62.21235980312803,0.4
4FGL J0211.2+1051 ,152.58517655336487,-47.36814610061696,0.4
4FGL J0211.5+6219 ,132.09172521567245,0.8857991589463533,0.4
4FGL J0212.1+5321 ,134.92582003611946,-7.630407006930582,0.4
4FGL J0212.2-2559 ,213.9327001193053,-71.91616057647046,0.4
4FGL J0212.2-0219 ,164.32557271258986,-58.53715297530689,0.4
4FGL J0212.4-3502 ,242.51392779375212,-70.98007596806572,0.4
4FGL J0212.8-2721 ,218.36354672684053,-71.9301080820537,0.4
4FGL J0212.9+2244 ,146.44387602121478,-36.37489157412986,0.4
4FGL J0213.2-0503 ,168.00283558408367,-60.565410962639014,0.4
4FGL J0213.2-8333 ,300.2462974623135,-33.14006362335772,0.4
4FGL J0213.8-6949 ,292.9308061353367,-45.6628414796232,0.4
4FGL J0214.1-4733 ,270.05939671399676,-63.94573223698684,0.4
4FGL J0214.2-7025 ,293.2710399238935,-45.11999464131357,0.4
4FGL J0214.3+5145 ,135.75318707550616,-9.038097354410551,0.4
4FGL J0214.4-5822 ,283.75757108053676,-55.561509492308964,0.4
4FGL J0214.6-4333 ,262.6984956150615,-66.50866771434045,0.4
4FGL J0214.8-6150 ,286.8802571218039,-52.61062014328001,0.4
4FGL J0214.9-3722 ,248.40250778653544,-69.64749946100906,0.4
4FGL J0215.0-5330 ,278.2643512356401,-59.43970353541481,0.4
4FGL J0215.2-1619 ,188.13514718931708,-67.7980366879795,0.4
4FGL J0215.3+7555 ,128.0776510202644,13.892108828397285,0.4
4FGL J0215.9+0521 ,158.2500372643603,-51.630069741947146,0.4
4FGL J0215.9+0300 ,160.3033504878364,-53.619611514760145,0.4
4FGL J0216.5+2313 ,147.1513680635081,-35.60688075310819,0.4
4FGL J0216.6-1015 ,176.9693978370809,-63.78631394516636,0.4
4FGL J0216.8-6635 ,290.3446036937924,-48.39753285932291,0.4
4FGL J0216.8+0510 ,158.72412608394595,-51.66720035322798,0.4
4FGL J0217.0-0821 ,174.0807161303194,-62.39407912972225,0.4
4FGL J0217.2+0837 ,156.1154889979373,-48.639992728932214,0.4
4FGL J0217.4+7352 ,128.90186141385328,12.013446553688116,0.4
4FGL J0217.8+0144 ,162.16365170964264,-54.41894812363957,0.4
4FGL J0218.1+4232 ,139.511022021544,-17.517557057780905,0.4
4FGL J0218.7+2640 ,146.05763909894077,-32.24026508902064,0.4
4FGL J0218.9-2305 ,206.2600535525104,-69.81833200940748,0.4
4FGL J0218.9+3643 ,141.86286539572504,-22.914809219518492,0.4
4FGL J0219.0+2443 ,147.06608840055537,-33.99836466761382,0.4
4FGL J0219.1-1724 ,191.8310838134411,-67.55039179779112,0.4
4FGL J0219.5+0724 ,157.79947261908885,-49.405549442084,0.4
4FGL J0220.0-3001 ,226.6251175592805,-70.3544749127807,0.4
4FGL J0220.1+1155 ,154.68340371235325,-45.41341025660459,0.4
4FGL J0220.2+3246 ,143.73199412154156,-26.478453898693967,0.4
4FGL J0220.8-0841 ,176.01740933765862,-61.957274469628906,0.4
4FGL J0221.1+3556 ,142.60892647072967,-23.48551765515934,0.4
4FGL J0221.2-1312 ,183.8303602717846,-64.81396532271653,0.4
4FGL J0221.4+6241e,133.04836886686522,1.599424869606562,0.4
4FGL J0221.5+2513 ,147.42924844335215,-33.32015623132259,0.4
4FGL J0221.8+3730 ,142.1297216597088,-21.96620649092238,0.4
4FGL J0222.0-1616 ,190.26574300144912,-66.37346054373545,0.4
4FGL J0222.4+6156e,133.41885457279898,0.9361811054843184,0.4
4FGL J0222.6+4302 ,140.14613453757713,-16.765532465109153,0.4
4FGL J0222.7+5016 ,137.51425808393003,-9.997538834109541,0.4
4FGL J0222.8-0133 ,167.3712981334074,-56.32372236412844,0.4
4FGL J0223.0-3447 ,239.94745220309412,-68.98428347701723,0.4
4FGL J0223.0+6821 ,131.2445315726313,6.984190646043765,0.4
4FGL J0223.1-1117 ,181.07068600124387,-63.264233784181855,0.4
4FGL J0223.2-1653 ,191.9312243001882,-66.43957056063671,0.4
4FGL J0223.5+5415 ,136.21917276811257,-6.229008123319392,0.4
4FGL J0223.5+3912 ,141.78236278844375,-20.26076304102193,0.4
4FGL J0223.5-0928 ,178.23380866613962,-61.99637286677751,0.4
4FGL J0223.7+3158 ,144.82802047040713,-26.940202937695656,0.4
4FGL J0224.0-7941 ,297.91181201887366,-36.51559916828468,0.4
4FGL J0224.0-1850 ,196.56477053864597,-67.18423603054003,0.4
4FGL J0224.2+0700 ,159.6258757450737,-49.13392020954159,0.4
4FGL J0224.2+1616 ,153.070401183358,-41.10925636135191,0.4
4FGL J0224.8+2937 ,146.1344158975233,-28.999449815412376,0.4
4FGL J0224.9+1843 ,151.77813261997932,-38.85994616550602,0.4
4FGL J0225.1-2604 ,215.40344161890937,-69.06012598509652,0.4
4FGL J0225.5-5530 ,278.4642118276887,-56.92510030555014,0.4
4FGL J0225.5-5618 ,279.4015787765708,-56.31351374283111,0.4
4FGL J0225.6-4502 ,262.7552841117643,-64.0516634832439,0.4
4FGL J0225.8+1310 ,155.53029710516884,-43.637777381288146,0.4
4FGL J0226.3-1845 ,196.96537004462846,-66.65659404942275,0.4
4FGL J0226.5+0938 ,158.27580871319344,-46.60804474627849,0.4
4FGL J0226.5-4441 ,261.87213204093325,-64.11272011478563,0.4
4FGL J0226.6-0553 ,174.04782146627278,-58.95354513038835,0.4
4FGL J0226.7+2312 ,149.75750224100057,-34.65408975187301,0.4
4FGL J0226.9+7744 ,128.05937584960472,15.830143836917582,0.4
4FGL J0227.0-1739 ,194.69694435196024,-66.01821034057897,0.4
4FGL J0227.2+3928 ,142.3775537567898,-19.757298053654093,0.4
4FGL J0227.3-6119 ,284.3764804835297,-52.21881897036557,0.4
4FGL J0227.3+0201 ,165.13124150455107,-52.81163041809799,0.4
4FGL J0227.8+2246 ,150.26176158816705,-34.92822132089875,0.4
4FGL J0228.0-3026 ,227.59564989211984,-68.61414641990723,0.4
4FGL J0228.1+8208 ,126.34491053593685,19.920328971285418,0.4
4FGL J0228.2-3102 ,229.19213208146496,-68.5375861930566,0.4
4FGL J0228.3-5547 ,278.2630293094611,-56.44735443007534,0.4
4FGL J0228.5-2234 ,206.6103118399638,-67.55031140383284,0.4
4FGL J0228.7+6718 ,132.13475895654912,6.190623633536213,0.4
4FGL J0229.5-3644 ,243.93578966668662,-67.16156834625062,0.4
4FGL J0230.0-5236 ,273.8397360347232,-58.590014614552715,0.4
4FGL J0230.3+1713 ,154.16729490252965,-39.57314830637257,0.4
4FGL J0230.4-1140 ,184.12257248165375,-62.09445455236132,0.4
4FGL J0230.8+4032 ,142.61102960298422,-18.501315213132234,0.4
4FGL J0231.0+3505 ,145.00188798052818,-23.465017629714595,0.4
4FGL J0231.2-5754 ,280.1818145976977,-54.58031750597059,0.4
4FGL J0231.2-4745 ,266.2692924389743,-61.63665343252158,0.4
4FGL J0231.8+1322 ,157.1235111261841,-42.73871685043022,0.4
4FGL J0232.5-1118 ,184.18184807660438,-61.477204752459514,0.4
4FGL J0232.8+2018 ,152.93639073973716,-36.57784147947525,0.4
4FGL J0232.9+2608 ,149.73555094575192,-31.395734445297784,0.4
4FGL J0233.0+3740 ,144.25576097521486,-20.944364093976716,0.4
4FGL J0233.5+0654 ,162.6180973022656,-47.9395111905218,0.4
4FGL J0233.7-2423 ,211.92036649220523,-66.83204441240278,0.4
4FGL J0233.9+8041 ,127.16735422180463,18.67790801695576,0.4
4FGL J0234.3-0628 ,177.42413666949977,-58.009754847947605,0.4
4FGL J0235.3+5650 ,136.81867049556925,-3.194746000442444,0.4
4FGL J0235.6-2939 ,225.38549841396144,-67.0005393476942,0.4
4FGL J0236.8-6136 ,283.2140348580476,-51.29343690667296,0.4
4FGL J0237.1-0714 ,179.37523235254775,-58.01053435666311,0.4
4FGL J0237.3+2000 ,154.26371434332654,-36.34750818381186,0.4
4FGL J0237.6-3602 ,241.12980078494792,-65.77616860959456,0.4
4FGL J0237.6+0923 ,161.7967397913742,-45.318398507074946,0.4
4FGL J0237.7+0206 ,168.38546334062562,-51.13738743367869,0.4
4FGL J0237.8+5238 ,138.82659599548248,-6.920493354047619,0.4
4FGL J0237.8+2848 ,149.4696033499179,-28.52449298970046,0.4
4FGL J0238.1-3905 ,248.03342522869428,-64.79598147311054,0.4
4FGL J0238.1-2621 ,217.2184641132669,-66.19740084661031,0.4
4FGL J0238.2+1531 ,157.40536782903686,-40.09840784239124,0.4
4FGL J0238.4-3116 ,229.45933670533648,-66.33445190796476,0.4
4FGL J0238.6+1637 ,156.77590016884514,-39.10537633651279,0.4
4FGL J0238.7+2555 ,151.204635221052,-30.98819865251617,0.4
4FGL J0239.1+6634 ,133.35677295166434,5.912753423529312,0.4
4FGL J0239.5+1326 ,159.2207820319669,-41.69380314618492,0.4
4FGL J0239.5-1353 ,190.662920082847,-61.52501431263698,0.4
4FGL J0239.7+0415 ,166.87543811046845,-49.14040481433237,0.4
4FGL J0240.2-0248 ,174.554765635919,-54.39060548509728,0.4
4FGL J0240.5+6113 ,135.6802268811491,1.0876452821756155,0.4
4FGL J0240.6+3528 ,146.73984454799518,-22.29745172714549,0.4
4FGL J0240.8-3401 ,236.0056968900057,-65.55520407716409,0.4
4FGL J0241.0-0505 ,177.6505683897666,-55.850350014248924,0.4
4FGL J0241.1-3035 ,227.69847354172697,-65.79362339647975,0.4
4FGL J0241.3+2229 ,153.75559268151613,-33.72604671137027,0.4
4FGL J0241.3+6543 ,133.9117943367787,5.227934104746692,0.4
4FGL J0241.9-1603 ,195.25713932351937,-62.11712416257713,0.4
4FGL J0242.3+1102 ,161.80323369836358,-43.29506926595672,0.4
4FGL J0242.3+5216 ,139.6024561274004,-6.963809339741715,0.4
4FGL J0242.6+1735 ,157.15526714600873,-37.775040884928636,0.4
4FGL J0242.6-0000 ,172.09358287111448,-51.9308288315019,0.4
4FGL J0242.9+0045 ,171.37077665651853,-51.31279228273644,0.4
4FGL J0243.1-4218 ,253.9335092673936,-62.68851255938124,0.4
4FGL J0243.2-0550 ,179.31943223331555,-55.942615468848,0.4
4FGL J0243.3+6319 ,135.1084437241155,3.1303084577148876,0.4
4FGL J0243.4+7119 ,131.72547054984253,10.391743525366156,0.4
4FGL J0243.7+0321 ,168.92191482666266,-49.219099388746436,0.4
4FGL J0244.3+1719 ,157.7841740793271,-37.783372207524906,0.4
4FGL J0244.6-5819 ,278.4472123685068,-53.086155750852576,0.4
4FGL J0244.7+1316 ,160.75097115026674,-41.12345157390674,0.4
4FGL J0245.0+4755 ,141.86679965050183,-10.731219068781225,0.4
4FGL J0245.1-0257 ,176.21965768850924,-53.62057313308281,0.4
4FGL J0245.4-5950 ,280.0547056431583,-51.93251596913835,0.4
4FGL J0245.4+2408 ,153.74856952630657,-31.813981801902834,0.4
4FGL J0245.5-4502 ,258.7120649367114,-61.05849573244609,0.4
4FGL J0245.9-4650 ,261.8156846322419,-60.1005949651592,0.4
4FGL J0246.0-4838 ,264.793532825319,-59.12217618012836,0.4
4FGL J0246.6-3348 ,235.11371981793278,-64.38416656707078,0.4
4FGL J0248.0+2232 ,155.3237516794406,-32.89238587709822,0.4
4FGL J0248.4+6021 ,136.91101660260574,0.7087232763728408,0.4
4FGL J0248.6+4230 ,144.89713828466722,-15.31908086164,0.4
4FGL J0248.6+5131 ,140.80171204418733,-7.2259230171248,0.4
4FGL J0248.6-3511 ,238.1180382826835,-63.76880585013131,0.4
4FGL J0249.2+1652 ,159.31398156537736,-37.53300168642617,0.4
4FGL J0249.7+4500 ,143.92180792649347,-12.983742937117219,0.4
4FGL J0250.2-8224 ,298.41719452937525,-33.65304081271724,0.4
4FGL J0250.3-3422 ,236.1628421375739,-63.55673872223461,0.4
4FGL J0250.6+1712 ,159.44098163579102,-37.074561588713465,0.4
4FGL J0250.6+8435 ,125.83301318327007,22.411903581107556,0.4
4FGL J0250.7+5630 ,138.88256579400186,-2.6161070243739735,0.4
4FGL J0251.0+2605 ,153.88418474626897,-29.494310345008046,0.4
4FGL J0251.1-1830 ,201.9006934340459,-61.187055297906724,0.4
4FGL J0251.4+4646 ,143.37405942309542,-11.277981214236307,0.4
4FGL J0251.5-5958 ,279.32034061430454,-51.29003232750311,0.4
4FGL J0251.6+0628 ,168.21628362479495,-45.57239868017926,0.4
4FGL J0251.9-5146 ,268.62719333609664,-56.55527105868189,0.4
4FGL J0252.0-3657 ,241.6691767741891,-62.754658604331674,0.4
4FGL J0252.3-2707 ,219.9577990049195,-63.16685253392458,0.4
4FGL J0252.8-2219 ,209.7423843751308,-62.093797277405336,0.4
4FGL J0252.9+3834 ,147.56361291689356,-18.411874305405913,0.4
4FGL J0253.2-5441 ,272.52791405676624,-54.64205120575868,0.4
4FGL J0253.2-0124 ,176.71094116262336,-51.0886840976519,0.4
4FGL J0253.3+5132 ,141.4617131175195,-6.887397995386787,0.4
4FGL J0253.5+3216 ,150.93590419702346,-23.86666569123974,0.4
4FGL J0253.9+5103 ,141.76602077025177,-7.272122940136052,0.4
4FGL J0254.5-7511 ,293.1735510860017,-39.51281746533423,0.4
4FGL J0254.8+3933 ,147.41129533963857,-17.368520570731995,0.4
4FGL J0255.8+0534 ,170.19295714740423,-45.57185774735425,0.4
4FGL J0256.2-0408 ,180.76711716593857,-52.39117042023006,0.4
4FGL J0256.3+0334 ,172.27292641224486,-46.978574325925806,0.4
4FGL J0257.0+3358 ,150.720171306777,-22.03239630542265,0.4
4FGL J0257.8+7044 ,133.05245743638105,10.397170122310177,0.4
4FGL J0257.9-1215 ,192.55770231613965,-56.85884589388637,0.4
4FGL J0258.1+2030 ,159.00262470582285,-33.335241493751724,0.4
4FGL J0259.0+0552 ,170.74868960087258,-44.82682450744333,0.4
4FGL J0259.1-4748 ,261.2919772038335,-57.68942704905491,0.4
4FGL J0259.3+5453 ,140.70527446355297,-3.5037245100825376,0.4
4FGL J0259.4+0308 ,173.50239427701362,-46.76990392624293,0.4
4FGL J0259.4+0746 ,169.12056431385824,-43.319080293323694,0.4
4FGL J0259.5+1924 ,160.06702586468998,-34.06893323562831,0.4
4FGL J0259.5-1705 ,200.91907475007594,-58.78078166971626,0.4
4FGL J0300.0-6139 ,280.0914493918145,-49.38246579899378,0.4
4FGL J0300.0-5908 ,277.1735182627844,-51.06998569285159,0.4
4FGL J0300.2-0514 ,183.23424460705425,-52.32797056596768,0.4
4FGL J0300.4+3450 ,150.89950128054068,-20.92570856415571,0.4
4FGL J0301.0-1652 ,200.81452003193553,-58.35678429025073,0.4
4FGL J0301.2+2546 ,156.30672637840078,-28.555728580019757,0.4
4FGL J0301.4-3124 ,229.4067315466962,-61.43968386361585,0.4
4FGL J0301.5-7156 ,290.0134585340776,-41.76706229933249,0.4
4FGL J0301.6-5617 ,273.4069304121632,-52.71015797048137,0.4
4FGL J0301.9-2731 ,221.36055548788326,-61.08555701138441,0.4
4FGL J0302.5+3354 ,151.80462595073945,-21.519824814945625,0.4
4FGL J0302.7+5717 ,139.97337011011533,-1.1731097973148388,0.4
4FGL J0303.2+3149 ,153.12115615144756,-23.214041962179916,0.4
4FGL J0303.2+5336 ,141.8207361552246,-4.354606182169066,0.4
4FGL J0303.3-7913 ,295.7059335774248,-35.98208496729347,0.4
4FGL J0303.3+0555 ,171.83876857356955,-44.0638741048787,0.4
4FGL J0303.4-2407 ,214.6274568803547,-60.176100774405164,0.4
4FGL J0303.4-5232 ,267.96267130486575,-54.67555172707914,0.4
4FGL J0303.6+4716 ,144.99093227775847,-9.854430253559693,0.4
4FGL J0303.6+6711c,135.2454091542383,7.542855831772095,0.4
4FGL J0303.6-6211 ,280.24563816720274,-48.70231703647026,0.4
4FGL J0304.4-2833 ,223.59253349907198,-60.66589305515243,0.4
4FGL J0304.5+3349 ,152.23680179697675,-21.3623457603035,0.4
4FGL J0304.5+6821 ,134.7448907580594,8.591055808220663,0.4
4FGL J0304.5-0054 ,179.16021777394354,-48.6935882090602,0.4
4FGL J0304.6+6554 ,135.9677566229978,6.4649726130111524,0.4
4FGL J0304.9-0606 ,185.49445213121106,-51.962583798648616,0.4
4FGL J0305.1-1608 ,200.36003851924838,-57.16509175679607,0.4
4FGL J0305.4+5945c,139.0810737134176,1.1533655965662768,0.4
4FGL J0307.4+4915 ,144.55150772661713,-7.819712362457956,0.4
4FGL J0307.8-0419 ,183.9655368019481,-50.29341370632639,0.4
4FGL J0307.8+7443 ,131.7038289181022,14.219040554600067,0.4
4FGL J0308.1-2852 ,224.35540539623008,-59.87769051662142,0.4
4FGL J0308.4+0407 ,174.85264153856053,-44.50768678901088,0.4
4FGL J0308.9-4702 ,258.6708642960452,-56.53875570933187,0.4
4FGL J0309.0+1029 ,169.17177783922327,-39.71752435926759,0.4
4FGL J0309.4-4000 ,246.16851134050907,-58.75289889869522,0.4
4FGL J0309.7-0745 ,188.81047471083014,-51.97204125622867,0.4
4FGL J0309.9-6941 ,287.297281353148,-42.983344543024565,0.4
4FGL J0309.9-6058 ,278.10863794620656,-48.94075518011904,0.4
4FGL J0310.6-5017 ,263.63105248661174,-54.8581142518885,0.4
4FGL J0310.8-1041 ,193.08607020324467,-53.345441425473375,0.4
4FGL J0310.9-3458 ,236.43252175454322,-59.28364658897294,0.4
4FGL J0310.9+3815 ,150.91857795236348,-16.921438970388188,0.4
4FGL J0311.2+6856 ,134.97488426612657,9.401511150477006,0.4
4FGL J0311.3+2940 ,155.98435435383735,-24.072218921136905,0.4
4FGL J0311.5-4402 ,253.27390378478066,-57.23491039726873,0.4
4FGL J0311.6+4134 ,149.2090963743837,-14.029206681621995,0.4
4FGL J0312.1-0921 ,191.49574546493463,-52.37002622166374,0.4
4FGL J0312.4-3221 ,231.28439818845922,-59.09163873214564,0.4
4FGL J0312.5-2221 ,212.31417282675417,-57.71152845117823,0.4
4FGL J0312.6-1601 ,201.53544850579036,-55.472876182689674,0.4
4FGL J0312.7+2012 ,162.5115763437142,-31.580487687892415,0.4
4FGL J0312.8+0134 ,178.53134676983848,-45.47983860921027,0.4
4FGL J0312.9+3614 ,152.40927683939063,-18.41293297246725,0.4
4FGL J0312.9+4119 ,149.57017822372228,-14.1079223305993,0.4
4FGL J0313.0+0229 ,177.6285104176049,-44.815643870648316,0.4
4FGL J0314.1+2827 ,157.3119220308878,-24.727670866029825,0.4
4FGL J0314.1+5033 ,144.8188807117057,-6.147498799099324,0.4
4FGL J0314.2+2419 ,159.9990075643636,-28.081090713819325,0.4
4FGL J0314.3+0620 ,174.15288319330182,-41.88515578242159,0.4
4FGL J0314.3-5103 ,264.3120264037705,-53.97391751969693,0.4
4FGL J0314.4-4805 ,259.6873329962356,-55.260853078361755,0.4
4FGL J0314.6-6549 ,282.9889010873925,-45.37054212681764,0.4
4FGL J0315.4-2643 ,220.62161287448657,-58.0105514524468,0.4
4FGL J0315.5+4231 ,149.3318573714467,-12.829793118818108,0.4
4FGL J0315.9-1033 ,193.9794540278927,-52.19958969032433,0.4
4FGL J0316.0-5626 ,271.7171077523906,-51.00395151981441,0.4
4FGL J0316.2-6437 ,281.55563660925463,-46.035051515032166,0.4
4FGL J0316.2+0905 ,172.09577842543376,-39.57532770260674,0.4
4FGL J0316.2-2608 ,219.58904512024557,-57.73086403569268,0.4
4FGL J0316.6-2216 ,212.64315489746699,-56.78528773367704,0.4
4FGL J0316.8+4120 ,150.1939015498543,-13.701537330498855,0.4
4FGL J0316.9-0625 ,188.70128553941836,-49.741584025199245,0.4
4FGL J0317.7-2804 ,223.2585583302882,-57.70433415584396,0.4
4FGL J0317.8-4414 ,252.94084247384265,-56.09143431127063,0.4
4FGL J0317.9+2010 ,163.6468343093846,-30.87625114645622,0.4
4FGL J0318.2+0254 ,178.4355989951283,-43.58661644624715,0.4
4FGL J0318.7+2135 ,162.82187298937276,-29.634985636725762,0.4
4FGL J0318.8+2848 ,158.01105133589297,-23.841155056380913,0.4
4FGL J0319.4-7045 ,287.5316459408354,-41.667034265380394,0.4
4FGL J0319.8+4130 ,150.57997408978707,-13.25805695822148,0.4
4FGL J0319.8+1845 ,165.11697778808957,-31.698416163848464,0.4
4FGL J0319.9-3821 ,242.37768215165454,-57.0675835780986,0.4
4FGL J0320.6+1125 ,171.08647068195629,-37.122194229944206,0.4
4FGL J0320.6+2728 ,159.2172424820482,-24.68515491522936,0.4
4FGL J0321.3+0425 ,177.62375980873387,-41.996300869128106,0.4
4FGL J0321.3-1612 ,203.30468440270653,-53.66718171732485,0.4
4FGL J0321.7-7500 ,291.29505779901586,-38.53320988519591,0.4
4FGL J0322.0+2335 ,162.0928664420507,-27.596301514833154,0.4
4FGL J0322.4+6606 ,137.41837101772649,7.582422126688493,0.4
4FGL J0322.6-5040 ,262.7582434547004,-52.97832017066327,0.4
4FGL J0322.6-3712e,240.16666231411244,-56.69290582343915,0.4
4FGL J0322.9+0940 ,173.1344246014313,-38.00422443697931,0.4
4FGL J0323.6+6142 ,139.95897337653534,3.979589596782188,0.4
4FGL J0323.7-0111 ,184.03368843650537,-45.225390955684624,0.4
4FGL J0324.3-1313 ,199.39087034814477,-51.7018199644208,0.4
4FGL J0324.8+3412 ,155.73113246475708,-18.713595953666193,0.4
4FGL J0324.8-2043 ,211.0172346363713,-54.496882112018575,0.4
4FGL J0325.0-2416 ,217.00449208910848,-55.40207356434618,0.4
4FGL J0325.2+4705 ,148.24998325692235,-8.082286173911866,0.4
4FGL J0325.3+3332 ,156.24227226971334,-19.19550212753058,0.4
4FGL J0325.5-5635 ,270.8244290357176,-49.82160227174389,0.4
4FGL J0325.6-1646 ,204.8792023803554,-52.935641945609255,0.4
4FGL J0325.7+2225 ,163.67827118162936,-27.97364101309261,0.4
4FGL J0325.9-1843 ,207.9364189925337,-53.59939835546289,0.4
4FGL J0326.2+0225 ,180.7576117798489,-42.41933585855221,0.4
4FGL J0326.7-3404 ,234.4194016950876,-56.07291824710765,0.4
4FGL J0327.0-3751 ,241.15609071484215,-55.76562735011353,0.4
4FGL J0327.3+2355c,162.9523449107524,-26.575361016515373,0.4
4FGL J0327.5-1805 ,207.17269790392484,-53.011292156371915,0.4
4FGL J0327.6+2620 ,161.3456897902482,-24.651136394215317,0.4
4FGL J0327.8-2202 ,213.5307787114286,-54.21287127799018,0.4
4FGL J0328.0+6046 ,140.9261654485412,3.493608644969964,0.4
4FGL J0328.4-4736 ,257.45048098191614,-53.26913606144927,0.4
4FGL J0328.6-1129 ,197.75139835079196,-49.9739759525108,0.4
4FGL J0328.6+5330 ,145.08734730272002,-2.459855415256657,0.4
4FGL J0328.8-5715 ,271.3487515522157,-49.08595789575413,0.4
4FGL J0328.9+3514 ,155.81635135509987,-17.37352483463369,0.4
4FGL J0329.2+5750c,142.7004531164482,1.1641069512812494,0.4
4FGL J0330.1+5038 ,146.91196356522144,-4.696351451757774,0.4
4FGL J0330.6+4659 ,149.07096673617053,-7.6498553757006205,0.4
4FGL J0330.6+0438 ,179.51830419929402,-40.13193415648292,0.4
4FGL J0330.7+5845 ,142.34936714019037,2.0219774658102416,0.4
4FGL J0330.7-2408 ,217.29175651654674,-54.11108473551935,0.4
4FGL J0331.1-5243 ,264.8781286211822,-50.906133866133956,0.4
4FGL J0331.2-0919 ,195.35971424905492,-48.339463150155346,0.4
4FGL J0331.3-6156 ,276.97459099074706,-46.31804799174364,0.4
4FGL J0331.8-4404 ,251.4720402204339,-53.73563106392104,0.4
4FGL J0331.8-7040 ,286.5275690184417,-40.96447740607097,0.4
4FGL J0331.9+6307 ,139.95448471831702,5.694349990077189,0.4
4FGL J0332.1-1123 ,198.24857739627979,-49.17538628583575,0.4
4FGL J0332.2-1737 ,207.1338531561531,-51.81378960254892,0.4
4FGL J0332.8+1557 ,170.01942783800138,-31.78188217471543,0.4
4FGL J0333.0-3044 ,228.62848184269174,-54.64431059156875,0.4
4FGL J0333.1+8227 ,128.17962381423223,21.286395474951618,0.4
4FGL J0333.3+0233 ,182.15796437543142,-40.985089689820235,0.4
4FGL J0333.4-2705 ,222.41308994709505,-54.09931786317156,0.4
4FGL J0333.7+7851 ,130.5537273851405,18.46201375682211,0.4
4FGL J0333.7+2916 ,160.52210510077222,-21.507487544438078,0.4
4FGL J0333.8+4007 ,153.63254869958323,-12.87723351829612,0.4
4FGL J0333.9+6537 ,138.67203821526795,7.841917339150621,0.4
4FGL J0334.2-3725 ,240.1617168132664,-54.38745170028301,0.4
4FGL J0334.2-4008 ,244.77180123161588,-54.074480985463694,0.4
4FGL J0334.3+3920 ,154.1839926768129,-13.450992681389215,0.4
4FGL J0334.3+4820 ,148.79884028485083,-6.177947844756123,0.4
4FGL J0335.1-4459 ,252.7017413570683,-52.93403596757404,0.4
4FGL J0335.6-0727 ,193.83587211630868,-46.435765736630366,0.4
4FGL J0335.8+2733 ,162.05811558425023,-22.55550806149513,0.4
4FGL J0336.0+7502 ,133.08284665011442,15.52786652267177,0.4
4FGL J0336.4+3224 ,158.91552165757722,-18.696820327811473,0.4
4FGL J0336.5-0348 ,189.68026268697992,-44.24679318973286,0.4
4FGL J0336.7-2445 ,218.8043408264389,-52.925578501352156,0.4
4FGL J0336.7-1305 ,201.3562824522963,-48.95472177200093,0.4
4FGL J0336.8-3612 ,238.02415625498696,-53.93476359408887,0.4
4FGL J0337.5+2423c,164.61196668918717,-24.741869552354565,0.4
4FGL J0337.8-1157 ,200.00871513667335,-48.19571477989586,0.4
4FGL J0337.9+4058 ,153.74117879998835,-11.721100265972543,0.4
4FGL J0338.1-2443 ,218.86809591826818,-52.61415817144398,0.4
4FGL J0338.5+1302 ,173.5849591585671,-32.93544184078399,0.4
4FGL J0338.7-5319 ,265.0021576436595,-49.62638711839094,0.4
4FGL J0338.7-5706 ,270.1639532541192,-47.985694108350884,0.4
4FGL J0338.9-2848 ,225.57976250009813,-53.15855738594965,0.4
4FGL J0339.2-1736 ,208.07638372726458,-50.24436671277244,0.4
4FGL J0339.5-0146 ,188.000091446456,-42.45631966753201,0.4
4FGL J0340.3+4130 ,153.78672133264945,-11.02371907065475,0.4
4FGL J0340.4+5302 ,146.79222028663932,-1.8218649736715475,0.4
4FGL J0340.4-2422 ,218.51639466834112,-52.008786187693154,0.4
4FGL J0340.5-2118 ,213.77927843792008,-51.17826951105114,0.4
4FGL J0340.5-0256 ,189.4951719656384,-42.91110101114288,0.4
4FGL J0341.9+3153c,160.21904378817743,-18.363757069305727,0.4
4FGL J0342.2+3858 ,155.66755059698824,-12.798770075206527,0.4
4FGL J0342.4+3125c,160.61750315028658,-18.66317333392333,0.4
4FGL J0342.8-3007 ,227.92996701298316,-52.48699210920564,0.4
4FGL J0343.2-2529 ,220.51041750995026,-51.64866529947078,0.4
4FGL J0343.2+1400 ,173.72914084093932,-31.440422350793604,0.4
4FGL J0343.2-6444 ,279.22726684089554,-43.65923322462441,0.4
4FGL J0343.3-6303 ,277.24048635145124,-44.54715890725704,0.4
4FGL J0343.4+3621 ,157.54087680344148,-14.70094919294297,0.4
4FGL J0344.2+3203c,160.51458172882613,-17.923106418165432,0.4
4FGL J0344.4+3432 ,158.88770523882545,-15.97673995925251,0.4
4FGL J0345.2+4735 ,150.71569980140808,-5.686984876764671,0.4
4FGL J0345.2-2353 ,218.17564603061416,-50.833594677016016,0.4
4FGL J0345.5-3301 ,232.72440896469038,-52.14905580859712,0.4
4FGL J0346.1+0342 ,183.6329447395355,-37.80142313692385,0.4
4FGL J0346.2+3235c,160.49614135985894,-17.246676304628476,0.4
4FGL J0347.0+4844 ,150.2368878944329,-4.601058494315842,0.4
4FGL J0347.0-6400 ,278.0704661984188,-43.703638442365985,0.4
4FGL J0347.5+0722 ,180.41555336247453,-35.16325924730523,0.4
4FGL J0347.6-0133 ,189.33512279475462,-40.68221829201757,0.4
4FGL J0347.7-3616 ,238.0226734328055,-51.734436149524306,0.4
4FGL J0348.2+6035 ,143.0234239044167,4.811798557764708,0.4
4FGL J0348.5-1804 ,209.99382894291114,-48.34238125867078,0.4
4FGL J0348.6-1609 ,207.3381054497843,-47.628472371355464,0.4
4FGL J0348.6-2749 ,224.52712232767988,-50.91395406582013,0.4
4FGL J0348.8-0828 ,197.4672748824811,-44.15884185515644,0.4
4FGL J0348.8+4610 ,152.090763470798,-6.414720104073511,0.4
4FGL J0348.9-4859 ,257.8691012518758,-49.59611746395623,0.4
4FGL J0349.4-1159 ,201.93544562391494,-45.70422855377454,0.4
4FGL J0349.6+4026 ,155.85368366001342,-10.775935144876474,0.4
4FGL J0349.6+2410 ,167.01868786560004,-23.061288613527797,0.4
4FGL J0349.8-2103 ,214.40398481865537,-49.034822884171355,0.4
4FGL J0350.0+0640 ,181.5528352321026,-35.163203254465344,0.4
4FGL J0350.4-5144 ,261.75404899924183,-48.538171765255434,0.4
4FGL J0350.5+4210 ,154.86807223939516,-9.331894078660017,0.4
4FGL J0350.6-3226 ,231.9069760453518,-51.03847625402301,0.4
4FGL J0350.8-2814 ,225.32147039150368,-50.50036128842418,0.4
4FGL J0351.2-6103 ,274.15599290982254,-44.739339769840555,0.4
4FGL J0351.6+2921 ,163.63838372834252,-18.92861589688001,0.4
4FGL J0352.0-2516 ,220.84814052704652,-49.669531914656915,0.4
4FGL J0352.0-3702 ,239.22314916310194,-50.86803388636995,0.4
4FGL J0352.9-3623 ,238.17925138765844,-50.69759942012291,0.4
4FGL J0353.0+5654 ,145.83790897810306,2.340235154759753,0.4
4FGL J0353.0-6831 ,282.79728002278773,-40.76990364125981,0.4
4FGL J0353.7+8257 ,128.35300038154796,22.09889752072658,0.4
4FGL J0354.4+4643 ,152.48378906366787,-5.379565807487573,0.4
4FGL J0354.7-1617 ,208.32715749343404,-46.32361541460141,0.4
4FGL J0354.7+8009 ,130.42803320235856,20.081564763400774,0.4
4FGL J0355.1-1841 ,211.64771698899125,-47.10776910398783,0.4
4FGL J0355.3+3909 ,157.5423400045665,-11.043863581456982,0.4
4FGL J0356.1-1329 ,204.85859287125118,-44.88291430963963,0.4
4FGL J0356.9+3013c,163.91507289296084,-17.523372667253405,0.4
4FGL J0357.0-4955 ,258.69227652793035,-48.07456654067516,0.4
4FGL J0357.2+2320 ,168.99108401996375,-22.47994823909155,0.4
4FGL J0357.2-0319 ,193.0322863050353,-39.67487669216448,0.4
4FGL J0357.6-4625 ,253.50011718465527,-48.78405624071084,0.4
4FGL J0357.7-6808 ,282.0537206196011,-40.617521145631265,0.4
4FGL J0357.8+3204 ,162.75955877762323,-16.015843626880603,0.4
4FGL J0358.0-6946 ,283.8591625778391,-39.71781234924994,0.4
4FGL J0358.1+2850 ,165.098231998283,-18.35683654832513,0.4
4FGL J0358.1-5954 ,272.18403301356784,-44.48139394876823,0.4
4FGL J0358.4-5446 ,265.397452101798,-46.39544486647843,0.4
4FGL J0358.5-5432 ,265.06668693901133,-46.47224335871749,0.4
4FGL J0358.6+5912c,144.91038256413873,4.581970007145357,0.4
4FGL J0358.6+0634 ,183.29930014316534,-33.56913265322797,0.4
4FGL J0358.7+7649 ,132.97745796784483,17.773305085066756,0.4
4FGL J0358.7-7403 ,288.3474935056689,-37.27749713533526,0.4
4FGL J0358.9+6004 ,144.37742533724997,5.2614133736774,0.4
4FGL J0359.0-3053 ,229.7639225517728,-49.09883233827261,0.4
4FGL J0359.3+3626 ,159.98469049507125,-12.574110159457215,0.4
4FGL J0359.4-0236 ,192.6273237148753,-38.83781502445456,0.4
4FGL J0359.4+5414 ,148.23414297801415,0.8850944882872266,0.4
4FGL J0359.4-2616 ,222.89028205746652,-48.24407964947047,0.4
4FGL J0359.6+5057 ,150.4005044479953,-1.5903088399523346,0.4
4FGL J0359.6+3213 ,162.95650382540768,-15.64579065420301,0.4
4FGL J0359.7+4445 ,154.47959165136785,-6.271665181301685,0.4
4FGL J0400.7+3920 ,158.22193767417886,-10.217918656923004,0.4
4FGL J0401.0-5353 ,264.0165128605716,-46.33072640160289,0.4
4FGL J0401.2+8153 ,129.34811557907847,21.501069666007098,0.4
4FGL J0401.3+0412 ,186.04407038905438,-34.49884334543367,0.4
4FGL J0401.7+2112 ,171.45291549300453,-23.247888988895493,0.4
4FGL J0401.9-2034 ,215.01461268216852,-46.204694659816695,0.4
4FGL J0402.0-2616 ,223.0710086599496,-47.684018669044036,0.4
4FGL J0402.0+2737 ,166.65242922412975,-18.650711162437233,0.4
4FGL J0402.1-3147 ,231.24184989927383,-48.542412565227195,0.4
4FGL J0402.5+5402 ,148.71284339521551,1.031995254893178,0.4
4FGL J0402.8-2747 ,225.32905817068718,-47.80112094828253,0.4
4FGL J0402.9+6433 ,141.75363564581303,8.930926321656424,0.4
4FGL J0403.3+1249 ,178.56776659092185,-28.67383117106217,0.4
4FGL J0403.3+2601 ,168.05563488902305,-19.59250113776112,0.4
4FGL J0403.5-2437 ,220.8108195283728,-46.963497926987685,0.4
4FGL J0403.9-3605 ,237.7476850263797,-48.482571046612975,0.4
4FGL J0404.1-1715 ,210.81894597957785,-44.57976809623012,0.4
4FGL J0404.3-1559 ,209.20100140305058,-44.08270808179026,0.4
4FGL J0405.4-6929 ,283.0991791403712,-39.322177186322286,0.4
4FGL J0405.6-1308 ,205.78731883784664,-42.632229268277925,0.4
4FGL J0405.9+3041c,165.0631786478935,-15.846425546471199,0.4
4FGL J0406.0-5407 ,263.99880158605464,-45.56695394843344,0.4
4FGL J0406.2+0639 ,184.61214889509375,-32.053356071333965,0.4
4FGL J0407.0-3826 ,241.28422295701526,-47.87678583469417,0.4
4FGL J0407.5+0741 ,183.88928457384566,-31.141082912408145,0.4
4FGL J0407.7-5702 ,267.7966868272683,-44.411596480627445,0.4
4FGL J0408.8+0508 ,186.51013211419496,-32.44702882169708,0.4
4FGL J0409.2+2542 ,169.28700223961187,-18.87691063055759,0.4
4FGL J0409.3+0210 ,189.45333018210042,-34.10342674044588,0.4
4FGL J0409.4-3822 ,241.1730454033242,-47.413364744068396,0.4
4FGL J0409.4+3201 ,164.65376054961703,-14.366354591919846,0.4
4FGL J0409.7+4006c,158.99518044118378,-8.488821615848979,0.4
4FGL J0409.8-0359 ,195.88716798003964,-37.37892628602317,0.4
4FGL J0410.6+7656 ,133.4036302384728,18.32575250867557,0.4
4FGL J0410.9+4216 ,157.66251599453645,-6.754053126229385,0.4
4FGL J0411.7+3041 ,165.99674410135017,-14.975768174478894,0.4
4FGL J0412.3+0239 ,189.5201307750505,-33.19687747803367,0.4
4FGL J0412.5+6519c,141.9658199440283,10.19433629675456,0.4
4FGL J0412.6-5434 ,264.2160415476328,-44.51830421179417,0.4
4FGL J0412.6+2253c,172.002264925938,-20.266665533120513,0.4
4FGL J0412.7-3927 ,242.7740754969452,-46.757201163927995,0.4
4FGL J0413.1-5332 ,262.80346153838246,-44.725075564471645,0.4
4FGL J0413.1-0304 ,195.464717308485,-36.19193781056775,0.4
4FGL J0413.4-8609 ,299.5207123194471,-29.5326748346398,0.4
4FGL J0414.3+4522 ,155.97952158112145,-4.084401681365282,0.4
4FGL J0414.6-0842 ,201.8392123242761,-38.685432242940095,0.4
4FGL J0414.6+5711 ,147.84788065134634,4.502065334296318,0.4
4FGL J0414.7-4300 ,247.90213513062855,-46.221387991501715,0.4
4FGL J0414.8-5338 ,262.8455923441964,-44.45140698269861,0.4
4FGL J0415.2-5741 ,268.19744750389566,-43.24517205026664,0.4
4FGL J0416.0-4743 ,254.6048971049645,-45.477637640424696,0.4
4FGL J0416.0-6628 ,279.03921973215915,-39.857342508497645,0.4
4FGL J0416.2-4353 ,249.1299845213309,-45.882276263762826,0.4
4FGL J0416.4-2059 ,217.0434169581391,-43.10022118698818,0.4
4FGL J0416.5-1852 ,214.32652945937883,-42.39916637874031,0.4
4FGL J0416.9+0105 ,191.82189993677582,-33.153393779024285,0.4
4FGL J0418.0+6302 ,144.03089488558018,8.97841110359518,0.4
4FGL J0418.1-0252 ,196.0539072023821,-35.039385370738046,0.4
4FGL J0418.2+3807 ,161.59308835587703,-8.766494503000484,0.4
4FGL J0418.4+3414 ,164.4145616096833,-11.480431622355944,0.4
4FGL J0418.4-4342 ,248.8405102291524,-45.49905971230953,0.4
4FGL J0418.9+6636 ,141.52464298911093,11.54990743939139,0.4
4FGL J0420.0+0805 ,185.6944347380381,-28.451085749685216,0.4
4FGL J0420.2+4012 ,160.37966103522865,-7.0277293676484796,0.4
4FGL J0420.3-6016 ,271.21899052893474,-41.78715987985513,0.4
4FGL J0420.3-3745 ,240.3393173775114,-45.246010459926225,0.4
4FGL J0420.3-0407 ,197.70832568376665,-35.19203078550529,0.4
4FGL J0420.6-4802 ,254.88339920592887,-44.65567508593309,0.4
4FGL J0421.0-0752 ,201.8565675099263,-36.90105410786395,0.4
4FGL J0421.6-0627 ,200.39349314111396,-36.09135406200787,0.4
4FGL J0422.1-0644 ,200.77632095587313,-36.11635659909845,0.4
4FGL J0422.3+1951 ,176.02396579011557,-20.6097897833985,0.4
4FGL J0422.8+0225 ,191.48119528224206,-31.182167569480306,0.4
4FGL J0423.0-0943 ,204.18750325747394,-37.31696430782249,0.4
4FGL J0423.1+2106 ,175.14755227896808,-19.65553359429388,0.4
4FGL J0423.1-1408 ,209.30955621940035,-39.16460821815863,0.4
4FGL J0423.3-0120 ,195.2881139953032,-33.12690625735871,0.4
4FGL J0423.7+0831 ,185.92250299437345,-27.465481591865508,0.4
4FGL J0423.9+4150 ,159.702654279709,-5.384655308696354,0.4
4FGL J0424.7+0036 ,193.58473616844574,-31.777112779890253,0.4
4FGL J0424.8+3117 ,167.55172005671545,-12.544758843680066,0.4
4FGL J0424.9-5331 ,262.1925496621881,-43.01425643877748,0.4
4FGL J0425.1+4919 ,154.49163557352503,0.009074921271610874,0.4
4FGL J0425.1-2920 ,228.83328947641814,-43.28414451335634,0.4
4FGL J0425.3+6319 ,144.404996708316,9.76948147720028,0.4
4FGL J0425.6+5522e,150.2204819789638,4.292160727482431,0.4
4FGL J0426.5+5434 ,150.87963044295225,3.820376258296131,0.4
4FGL J0426.5+0517 ,189.37208722291487,-28.794149696558634,0.4
4FGL J0426.5+2007 ,176.49081550468367,-19.681516954376,0.4
4FGL J0426.7+6826 ,140.67450132492135,13.36374681470879,0.4
4FGL J0427.3-3900 ,242.17290100169166,-43.93430039445747,0.4
4FGL J0427.4+6433c,143.65478246479654,10.784215534529547,0.4
4FGL J0427.5-1831 ,215.09025380291195,-39.83775230152964,0.4
4FGL J0427.8-6704 ,279.1442961628422,-38.55170084452091,0.4
4FGL J0427.9+3632c,164.09975644655302,-8.490966787409864,0.4
4FGL J0428.6-3756 ,240.71034466812586,-43.6146559286186,0.4
4FGL J0428.7-5003 ,257.391523461573,-43.05863025947185,0.4
4FGL J0429.0-0006 ,194.94924504695325,-31.26118552329647,0.4
4FGL J0429.3-3238 ,233.47350816530087,-42.95782311179801,0.4
4FGL J0429.3-4326 ,248.31230104317697,-43.54655055880487,0.4
4FGL J0429.8+2843 ,170.2459952438965,-13.476299789056414,0.4
4FGL J0429.9-3101 ,231.32568429594207,-42.57651561240547,0.4
4FGL J0430.3-2507 ,223.6186596108757,-41.228719376938926,0.4
4FGL J0430.3+1654 ,179.7523665437482,-21.042115601483673,0.4
4FGL J0431.0+3529c,165.30611672687732,-8.73317159215728,0.4
4FGL J0431.1+4433 ,158.6431187267499,-2.5445295580047502,0.4
4FGL J0431.2-0358 ,199.20216957956103,-32.768908082509455,0.4
4FGL J0431.8+7403 ,136.58528458918977,17.36931511751891,0.4
4FGL J0432.0+1732 ,179.49157190917055,-20.335672684965182,0.4
4FGL J0433.0+0522 ,190.33688855716997,-27.416525130191182,0.4
4FGL J0433.0+1327 ,183.10899985689866,-22.662686416980627,0.4
4FGL J0433.1+3227 ,167.88200524734967,-10.448065541213138,0.4
4FGL J0433.5-1039 ,206.6693069661187,-35.398189045654924,0.4
4FGL J0433.6-6030 ,270.85809351070384,-40.15006769695766,0.4
4FGL J0433.6+2905 ,170.52232067601688,-12.600863324090204,0.4
4FGL J0433.7-5725 ,266.9312498755291,-40.92623609955476,0.4
4FGL J0434.1-2014 ,217.85133564292843,-38.95388555296653,0.4
4FGL J0434.3-2517 ,224.13566676744077,-40.38172609258101,0.4
4FGL J0434.4-2342 ,222.1549431181414,-39.945549129792425,0.4
4FGL J0434.7+0922 ,186.95620520210306,-24.764427448556095,0.4
4FGL J0435.2-1507 ,211.90979656346326,-36.865918020456604,0.4
4FGL J0435.4-2623 ,225.6208195416126,-40.428834327502756,0.4
4FGL J0435.5+3232 ,168.1489134315038,-10.02053023460433,0.4
4FGL J0436.2-0038 ,196.58744697957627,-30.021905459558496,0.4
4FGL J0436.7-7148 ,284.20226971270796,-35.96703129642721,0.4
4FGL J0436.8-5223 ,260.2504181269143,-41.46031065814518,0.4
4FGL J0436.9+2915 ,170.88931051533407,-11.945809250133662,0.4
4FGL J0437.2-4715 ,253.3972681705994,-41.96504365884477,0.4
4FGL J0437.2-5846 ,268.510382080791,-40.15503670338669,0.4
4FGL J0437.4-6155 ,272.4633290628645,-39.31020273575129,0.4
4FGL J0438.0-7329 ,286.0389555447131,-35.18390809882012,0.4
4FGL J0438.2-4243 ,247.2957882499469,-41.94334353836603,0.4
4FGL J0438.4-1254 ,209.77748089825755,-35.27368096030176,0.4
4FGL J0438.7-3441 ,236.57366606560237,-41.2997503529261,0.4
4FGL J0438.9-4521 ,250.83378833980862,-41.76596606024284,0.4
4FGL J0439.2+2151 ,177.08959194829598,-16.29412533263238,0.4
4FGL J0439.4-3202 ,233.13773575516066,-40.74931146439405,0.4
4FGL J0439.4-7424 ,287.00719951981034,-34.71586152922101,0.4
4FGL J0439.6-8322 ,296.4672974507964,-30.585129552099662,0.4
4FGL J0439.8-1859 ,216.93407300530825,-37.26846024927753,0.4
4FGL J0439.9-0535 ,202.11450644471952,-31.679433469390837,0.4
4FGL J0440.2-2458 ,224.19791716343434,-39.00849875283324,0.4
4FGL J0440.2+4246 ,161.08430429588114,-2.534152606105438,0.4
4FGL J0440.3-4332 ,248.40070081439404,-41.55730780135285,0.4
4FGL J0440.4+1440 ,183.2279307185621,-20.493126470573486,0.4
4FGL J0440.8+2749 ,172.56613948960504,-12.215810328245,0.4
4FGL J0441.2-2953 ,230.47029520433668,-39.96077806332463,0.4
4FGL J0441.3-2617 ,225.92639546200078,-39.12321209303054,0.4
4FGL J0441.4+5058 ,155.057431276561,3.043341854974858,0.4
4FGL J0441.5+1505 ,183.04982588112412,-20.03550426823929,0.4
4FGL J0441.8+2600c,174.14777990630802,-13.202126608185905,0.4
4FGL J0442.0-5432 ,262.9018106771095,-40.36735781806262,0.4
4FGL J0442.6-0017 ,197.19972475007074,-28.462338612950145,0.4
4FGL J0442.7+6142 ,146.9864105177964,10.184690279007425,0.4
4FGL J0442.8+3609 ,166.4012935822852,-6.503555341632525,0.4
4FGL J0443.3-5949 ,269.60041513960243,-39.156578771691045,0.4
4FGL J0443.3-6652 ,278.20805107392727,-37.20450299655298,0.4
4FGL J0443.4-4152 ,246.20032670720525,-40.9629507787821,0.4
4FGL J0443.9+2921 ,171.80314024826788,-10.720001539847766,0.4
4FGL J0444.4+1621 ,182.41341875864867,-18.71782867278819,0.4
4FGL J0444.5+0719 ,190.33482134117904,-23.95313118888522,0.4
4FGL J0444.6+3425 ,167.97910328977386,-7.356887293662985,0.4
4FGL J0444.8-3514 ,237.5101750777777,-40.132070954266744,0.4
4FGL J0445.1-6012 ,270.01371140633614,-38.8464557080038,0.4
4FGL J0445.7+1535 ,183.25938863313021,-18.923168692227655,0.4
4FGL J0446.3-1729 ,215.86427434215398,-35.27754372765993,0.4
4FGL J0447.2+2446 ,175.9154759741698,-13.053446723890445,0.4
4FGL J0447.2-2539 ,225.5776120551223,-37.67350751001377,0.4
4FGL J0447.4-2747 ,228.22759007772632,-38.17225111899091,0.4
4FGL J0448.3+2743 ,173.7184235141493,-11.006500683336142,0.4
4FGL J0448.6-1632 ,215.03610511105023,-34.439277506214076,0.4
4FGL J0448.7-2116 ,220.4880419482032,-36.04709828190263,0.4
4FGL J0449.1+1121 ,187.42839023328025,-20.736982692870065,0.4
4FGL J0449.2+6329 ,146.06154178123828,11.90113331841059,0.4
4FGL J0449.3-2621 ,226.58736935398807,-37.40737164785224,0.4
4FGL J0449.4-4350 ,248.80428496711787,-39.9149442943125,0.4
4FGL J0449.6-8100 ,293.85620633108437,-31.39013647956349,0.4
4FGL J0449.6+3027 ,171.73920319515838,-9.059136981874703,0.4
4FGL J0450.3-4419 ,249.43903667138457,-39.76556618497011,0.4
4FGL J0450.4+7230 ,138.72360778647186,17.4712370344019,0.4
4FGL J0450.7+0715 ,191.3151590739241,-22.71421069838513,0.4
4FGL J0450.7-4938 ,256.3608647342253,-39.57796657001191,0.4
4FGL J0450.8-2327 ,223.24546749763456,-36.25955926764384,0.4
4FGL J0451.8-4651 ,252.73492526755368,-39.50310912666905,0.4
4FGL J0451.8+5721 ,151.13889530488174,8.320270467414103,0.4
4FGL J0452.0+2100 ,179.68045695343,-14.485647512240678,0.4
4FGL J0452.9+5117 ,155.992003271779,4.6304189289197115,0.4
4FGL J0453.1-2806 ,228.997263471484,-37.03191553108,0.4
4FGL J0453.1+6322 ,146.432541378002,12.168915589992235,0.4
4FGL J0453.3+2843 ,173.61681945686334,-9.52129989286859,0.4
4FGL J0453.5-1233 ,211.21440062657445,-31.781402066788452,0.4
4FGL J0453.9+3727 ,166.83550270467552,-3.966780838840841,0.4
4FGL J0454.4+5943 ,149.47259875101247,10.048455977027634,0.4
4FGL J0454.6-1740 ,216.93582301777178,-33.509079586506104,0.4
4FGL J0455.7-4617 ,251.99479485012483,-38.82497768919686,0.4
4FGL J0455.9+6757 ,142.8381895262431,15.154044060256897,0.4
4FGL J0456.2+2702 ,175.3738041111412,-10.049195506855575,0.4
4FGL J0456.3-1634 ,215.8950624588953,-32.736632613953404,0.4
4FGL J0456.4-4043 ,244.88258098258575,-38.454513716889146,0.4
4FGL J0456.6-3136 ,233.48394195922987,-37.08774338048284,0.4
4FGL J0457.0+0646 ,192.66833056952603,-21.671363313696606,0.4
4FGL J0457.0-2324 ,223.71015138745145,-34.89905123862563,0.4
4FGL J0458.0+1152 ,188.29225111528058,-18.650646243612822,0.4
4FGL J0458.2+6244 ,147.3093395698767,12.248201854917511,0.4
4FGL J0458.4+5140c,156.2229966791196,5.539371743460677,0.4
4FGL J0458.6+5509 ,153.4673527153445,7.709449161568958,0.4
4FGL J0459.2-2612 ,227.15719249595747,-35.2397117130868,0.4
4FGL J0459.4+1921 ,182.10893805610107,-14.064253875483095,0.4
4FGL J0459.7-4529 ,251.00342798233768,-38.1285087455148,0.4
4FGL J0459.7-5413 ,262.07490616484966,-37.8543176472007,0.4
4FGL J0500.1+5447 ,153.89968961050178,7.642042544326666,0.4
4FGL J0500.2+5237 ,155.6325491218767,6.349904692606498,0.4
4FGL J0500.3+4639e,160.36945684357914,2.6909369269217454,0.4
4FGL J0500.4-5321 ,260.97600801426097,-37.81277004315208,0.4
4FGL J0500.6-4911 ,255.68689273584118,-37.978523984186864,0.4
4FGL J0500.9-5213 ,259.5304555626383,-37.819798242268064,0.4
4FGL J0500.9-6945e,281.0029787858238,-34.78921306917414,0.4
4FGL J0501.0+2424 ,178.17056720024365,-10.770480987239425,0.4
4FGL J0501.0-2423 ,225.181820204664,-34.30994510536493,0.4
4FGL J0501.2-0158 ,201.43849203622466,-25.29049115912094,0.4
4FGL J0501.7+3048 ,173.08890478952625,-6.812888707098212,0.4
4FGL J0501.7+4459 ,161.84124270221864,1.864355374415191,0.4
4FGL J0502.2+3016 ,173.58100382138943,-7.042040185576896,0.4
4FGL J0502.4+0609 ,194.00785660345426,-20.859534726089908,0.4
4FGL J0502.5+1340 ,187.38401786308123,-16.73109648742441,0.4
4FGL J0502.5+3438 ,170.13579010461595,-4.349279537085635,0.4
4FGL J0502.6+0036 ,199.16682744179477,-23.705013743255922,0.4
4FGL J0502.9+6533 ,145.2695002806245,14.31835545694744,0.4
4FGL J0503.1-6045 ,270.13281787631126,-36.56044730931332,0.4
4FGL J0503.5-1116 ,211.04762765709017,-29.01517082968821,0.4
4FGL J0503.6+4518 ,161.79491621047075,2.3280040583939465,0.4
4FGL J0503.8-7508 ,287.1223127109082,-32.9566704546017,0.4
4FGL J0504.3-0955 ,209.7434072314485,-28.260627832988188,0.4
4FGL J0504.4+1750 ,184.09716184721879,-13.969697032193025,0.4
4FGL J0505.3+0459 ,195.47278527432803,-20.860256278145783,0.4
4FGL J0505.6+0415 ,196.17732131261533,-21.190576121949356,0.4
4FGL J0505.6-1558 ,216.22735001607285,-30.43258652019043,0.4
4FGL J0505.6+6405 ,146.68386892333058,13.709554219995264,0.4
4FGL J0505.8-1923 ,219.96225435323797,-31.654264218035447,0.4
4FGL J0505.8+3322 ,171.55383443412686,-4.5697483874167135,0.4
4FGL J0505.8-0419 ,204.3270949468714,-25.39940125936229,0.4
4FGL J0505.8-3817 ,242.10668541409768,-36.3691680954681,0.4
4FGL J0506.0+6113 ,149.10927077333685,12.095903696953739,0.4
4FGL J0506.0-0357c,204.0104795987424,-25.176815261124812,0.4
4FGL J0506.1+5028 ,157.9172136567819,5.768489918948692,0.4
4FGL J0506.3-0620c,206.38471781632015,-26.213058651644936,0.4
4FGL J0506.6-4629 ,252.29711294369838,-36.96277814830357,0.4
4FGL J0506.6+4545 ,161.75478271121403,3.006379518733315,0.4
4FGL J0506.7-0857 ,209.05556229473842,-27.311274801266773,0.4
4FGL J0506.9+0323 ,197.16169038789488,-21.36260024208776,0.4
4FGL J0506.9-5435 ,262.4243152665048,-36.769834110580405,0.4
4FGL J0507.4-3346 ,236.68214395470852,-35.297205217417435,0.4
4FGL J0507.7-6104 ,270.43019057091556,-35.9651250263041,0.4
4FGL J0507.9+4647 ,161.0517710149996,3.8080079334999515,0.4
4FGL J0507.9+6737 ,143.7983719824901,15.892731423020258,0.4
4FGL J0508.2-1937 ,220.44562062828,-31.198596369088754,0.4
4FGL J0508.2+5211 ,156.7224815995574,7.051893003937405,0.4
4FGL J0508.9-2327 ,224.77281591962392,-32.32468804028312,0.4
4FGL J0509.1+1943 ,183.16073025503314,-11.995577514405353,0.4
4FGL J0509.1-7317 ,284.8906273523759,-33.168709873798264,0.4
4FGL J0509.2+5550 ,153.8276233544896,9.311347424787831,0.4
4FGL J0509.3-2917 ,231.4841639931052,-33.87401690442565,0.4
4FGL J0509.4+1012 ,191.3769200693552,-17.244885047026585,0.4
4FGL J0509.4+0542 ,195.39853730356916,-19.630779867090066,0.4
4FGL J0509.6+8425 ,128.4736470584099,24.6221146052948,0.4
4FGL J0509.6-0402 ,204.55039606378858,-24.42031282339017,0.4
4FGL J0509.9-6417 ,274.2700969842538,-35.18940814347175,0.4
4FGL J0510.0-0204 ,202.70134640965017,-23.41266051024745,0.4
4FGL J0510.0+1800 ,184.73324140328415,-12.782107730408109,0.4
4FGL J0510.4-1809 ,219.0848842599974,-30.18831028385891,0.4
4FGL J0510.6-5655 ,265.27145104090334,-36.0709418434383,0.4
4FGL J0511.0+4213 ,165.06911269588105,1.5409478123498053,0.4
4FGL J0511.4-6804 ,278.76119187018827,-34.295655366420625,0.4
4FGL J0512.3+3329 ,172.27283043375118,-3.4122363632107993,0.4
4FGL J0512.5-2201 ,223.49471948467345,-31.058267299483365,0.4
4FGL J0512.8+5821 ,152.01195310922438,11.152052285783137,0.4
4FGL J0512.8+4041 ,166.50210944552848,0.9153317227253307,0.4
4FGL J0513.9-4005 ,244.56756550611806,-35.06709224045482,0.4
4FGL J0513.9-3746 ,241.7745230615641,-34.716741478111295,0.4
4FGL J0514.1-2437 ,226.50937685689,-31.552558088800073,0.4
4FGL J0514.5+6247 ,148.35169361186686,13.80194999527486,0.4
4FGL J0514.6-4408 ,249.4999107727696,-35.40912296765095,0.4
4FGL J0515.4-3841 ,242.9372496025599,-34.581911401056786,0.4
4FGL J0515.5-0125 ,202.80630352035035,-21.884225574309518,0.4
4FGL J0515.6-4556 ,251.7336389218555,-35.37729018340584,0.4
4FGL J0515.8+1527 ,187.69287221212826,-13.064657681031742,0.4
4FGL J0515.9+0537 ,196.3576334457636,-18.288606957021855,0.4
4FGL J0516.1-7240 ,284.00476451608256,-32.84303477669805,0.4
4FGL J0516.3+3753 ,169.1739996294273,-0.179237360467447,0.4
4FGL J0516.4+7350 ,138.6284465534831,19.77109314600284,0.4
4FGL J0516.7+2743 ,177.53228791728571,-5.9908979825334905,0.4
4FGL J0516.7-6207 ,271.5182052925777,-34.7638289588307,0.4
4FGL J0516.8-0509 ,206.54637482169207,-23.34922010033363,0.4
4FGL J0517.5+0858 ,193.57823429896396,-16.19322691892084,0.4
4FGL J0517.7-1758 ,219.61128019740966,-28.513750268265724,0.4
4FGL J0517.9-6930c,280.2900566912805,-33.41754452877017,0.4
4FGL J0517.9+5030 ,158.98522313394662,7.326966593304499,0.4
4FGL J0518.6+1227 ,190.67918329128395,-14.116923873440346,0.4
4FGL J0519.0+0851 ,193.88658581620646,-15.935592726647885,0.4
4FGL J0519.6+2744 ,177.88360722970893,-5.4505278105429324,0.4
4FGL J0519.6-4544 ,251.5507244486994,-34.66702596823265,0.4
4FGL J0519.7+1939 ,184.65025156651402,-9.95409108935024,0.4
4FGL J0519.9-6845e,279.35506445703317,-33.38679408717919,0.4
4FGL J0520.4+3607 ,171.08561728025475,-0.53287388890165,0.4
4FGL J0520.6+6531 ,146.3401220733207,15.828710507477858,0.4
4FGL J0521.2+1637 ,187.42411898843397,-11.33010813936193,0.4
4FGL J0521.3-1734 ,219.55445165669755,-27.556615509539053,0.4
4FGL J0521.4-2957 ,233.0634085280822,-31.512631822315964,0.4
4FGL J0521.6+0103 ,201.28617360281987,-19.354399382802143,0.4
4FGL J0521.7+2112 ,183.60672883288174,-8.706679717331134,0.4
4FGL J0521.8+5658c,153.86776954623602,11.38189638897901,0.4
4FGL J0521.8+0843 ,194.3798606770038,-15.426329433111288,0.4
4FGL J0521.8-3848 ,243.31303322729607,-33.36088813839339,0.4
4FGL J0522.9-3628 ,240.61850413914038,-32.721593811687036,0.4
4FGL J0523.3-2527 ,228.18493642884283,-29.828893332721574,0.4
4FGL J0524.1-5659 ,265.2114440504704,-34.23905157133733,0.4
4FGL J0524.1+6017 ,151.16432478915127,13.423021107814293,0.4
4FGL J0524.4-2413 ,226.91878281473083,-29.202549219403465,0.4
4FGL J0524.5+2839 ,177.73463291609926,-4.041786084556652,0.4
4FGL J0524.5-2614 ,229.13615578028265,-29.79642089959447,0.4
4FGL J0524.6-2819 ,231.45279038842196,-30.388751268177064,0.4
4FGL J0524.7+4824 ,161.36270364793353,7.052998400616028,0.4
4FGL J0524.7-8304 ,295.5334909701251,-29.492304250877094,0.4
4FGL J0524.8-6938 ,280.30667864179344,-32.79878153501819,0.4
4FGL J0525.0-0333 ,206.0247664414847,-20.807659822073486,0.4
4FGL J0525.4-4600 ,251.98047061519028,-33.674873220185745,0.4
4FGL J0525.6-2008 ,222.67324036034518,-27.54691114831952,0.4
4FGL J0525.6-6013 ,269.1066159856129,-33.87092543330049,0.4
4FGL J0525.8-0052 ,203.61259482033444,-19.361438911793694,0.4
4FGL J0526.1+6318 ,148.63429185946103,15.192055332218862,0.4
4FGL J0526.2-4830 ,254.99868442639942,-33.75419252965021,0.4
4FGL J0526.3+2246 ,182.88175603612882,-6.956807824816559,0.4
4FGL J0526.4+1114 ,192.77984442533895,-13.142223893768982,0.4
4FGL J0526.7-1519 ,217.7848926494778,-25.495413045007755,0.4
4FGL J0526.7+4254 ,166.15873419147863,4.309103093822872,0.4
4FGL J0527.1+1152 ,192.3084092856317,-12.677802317453104,0.4
4FGL J0527.3-6223 ,271.68511177410517,-33.504787942119684,0.4
4FGL J0527.4+6647 ,145.55891680515816,17.063447854338946,0.4
4FGL J0528.0-4647 ,252.97055176423163,-33.31675644542532,0.4
4FGL J0528.3+1817 ,186.9394561183421,-9.000932985717423,0.4
4FGL J0528.5+3852 ,169.71402084438694,2.3438749676559762,0.4
4FGL J0528.7-5920 ,268.01962406709464,-33.53606758992299,0.4
4FGL J0529.1-2449c,227.9618278849441,-28.385183944003423,0.4
4FGL J0529.1-0101 ,204.17021290082067,-18.7217668064606,0.4
4FGL J0529.1+0935 ,194.57696851635419,-13.42603026021142,0.4
4FGL J0529.3-7243 ,283.82473032080605,-31.87570642620481,0.4
4FGL J0529.4-0521 ,208.28984355113306,-20.65459962862949,0.4
4FGL J0529.9-0224 ,205.55051495603854,-19.197755206061675,0.4
4FGL J0530.0-6900e,279.4677268639243,-32.45661398345176,0.4
4FGL J0530.4+3303 ,174.78164736209428,-0.5434848263647027,0.4
4FGL J0530.9+1332 ,191.36122695265925,-11.006540344203204,0.4
4FGL J0531.3+1609 ,189.15119491912986,-9.535811827199852,0.4
4FGL J0531.4-0058c,204.4014490616704,-18.189462580829062,0.4
4FGL J0531.5-7823 ,290.25532843331865,-30.520138211110336,0.4
4FGL J0531.7+1241c,192.20911395113907,-11.278742057584372,0.4
4FGL J0531.8-6639e,276.67720720716113,-32.591447276836085,0.4
4FGL J0532.0-4827 ,255.0261171048589,-32.80462942581157,0.4
4FGL J0532.6+3358 ,174.26027695285492,0.3575962015704817,0.4
4FGL J0532.6+0732 ,196.84306471781844,-13.728535387901585,0.4
4FGL J0532.7+5749 ,153.91861481918522,13.088526843543223,0.4
4FGL J0532.8-3941 ,244.78490208254433,-31.439571043474842,0.4
4FGL J0532.9-8325 ,295.8454042372595,-29.15418969866321,0.4
4FGL J0532.9+6936 ,143.22886193774852,18.86395292409282,0.4
4FGL J0533.0-8446 ,297.3186987433108,-28.767159958406292,0.4
4FGL J0533.1-6119 ,270.34962067189133,-32.89967077614591,0.4
4FGL J0533.2+3024c,177.3139037097722,-1.4909816539135556,0.4
4FGL J0533.3-5549 ,263.79933134279923,-32.98077935567819,0.4
4FGL J0533.3+4823 ,162.165291858714,8.241170885077402,0.4
4FGL J0533.5+1449 ,190.58413223744364,-9.79295787030295,0.4
4FGL J0533.6+5945 ,152.25754161686413,14.167843810908948,0.4
4FGL J0533.8+6800 ,144.7663136958036,18.18653020502364,0.4
4FGL J0533.8-3749 ,242.71043869701256,-30.86246090884879,0.4
4FGL J0534.0+3746c,171.23118507202295,2.6508547315451767,0.4
4FGL J0534.1-7218 ,283.2559181994572,-31.592767541204832,0.4
4FGL J0534.2+2751 ,179.5880836082424,-2.684384056665154,0.4
4FGL J0534.5+2201i,184.55274782893068,-5.781475340650802,0.4
4FGL J0534.5+2201s,184.55288446288338,-5.781449048551987,0.4
4FGL J0534.5+2200 ,184.55892453791836,-5.78130683711283,0.4
4FGL J0535.0+3615c,172.61565709454482,2.002853346956878,0.4
4FGL J0535.1-5422 ,262.0898278147109,-32.68844025032772,0.4
4FGL J0535.2-6736 ,277.7524754378183,-32.16018479270981,0.4
4FGL J0535.3+0934 ,195.3902601694043,-12.1266715252249,0.4
4FGL J0535.6-0405 ,207.84352592244926,-18.70721621643733,0.4
4FGL J0535.7-6604c,275.95626282484903,-32.26139158525266,0.4
4FGL J0536.0-2754 ,231.83646862776527,-27.86431663334037,0.4
4FGL J0536.1-1205 ,215.56585990154974,-22.109107586019224,0.4
4FGL J0536.2+1733 ,188.58575861895082,-7.80263944243355,0.4
4FGL J0536.4-3401 ,238.55139087421756,-29.490387867674823,0.4
4FGL J0536.4-3343 ,238.22741465061029,-29.4082708969371,0.4
4FGL J0536.5-2548 ,229.61510729417026,-27.11622462583738,0.4
4FGL J0537.5+0959 ,195.3101463733295,-11.466010494201464,0.4
4FGL J0537.6+0400 ,200.65176715316917,-14.416509092445343,0.4
4FGL J0537.7-5717 ,265.54960526127877,-32.3950533503369,0.4
4FGL J0537.8-6909 ,279.55023852317095,-31.7428254088051,0.4
4FGL J0538.2-3910 ,244.43850355861733,-30.297256200652487,0.4
4FGL J0538.6+0443 ,200.12387430316522,-13.851538960793738,0.4
4FGL J0538.8-4405 ,250.08310511689675,-31.090373210224918,0.4
4FGL J0538.9+3549c,173.39816371093957,2.433702699081236,0.4
4FGL J0539.0+1644 ,189.6247385540119,-7.674743836477842,0.4
4FGL J0539.2-6333 ,272.9447986920221,-32.07338775147631,0.4
4FGL J0539.6+1432 ,191.60243944417903,-8.68741584693636,0.4
4FGL J0539.7-1030 ,214.4206292438799,-20.647236510007797,0.4
4FGL J0539.7-0521c,209.51208935904225,-18.371903179717222,0.4
4FGL J0539.9-2839 ,232.93808769073823,-27.27449169746111,0.4
4FGL J0540.0-7552 ,287.2820152308489,-30.582246927626077,0.4
4FGL J0540.0+1209 ,193.73520259053214,-9.830702684532412,0.4
4FGL J0540.0+3501c,174.20215921845067,2.1951917975773654,0.4
4FGL J0540.2+0655 ,198.36650344007808,-12.42969101785008,0.4
4FGL J0540.3-6920 ,279.72293139076294,-31.500131003883837,0.4
4FGL J0540.3+2756e,180.2442633403191,-1.499815400549144,0.4
4FGL J0540.5+5823 ,153.9431524864444,14.264772576254732,0.4
4FGL J0540.6+5540 ,156.38764779627098,12.950011267973823,0.4
4FGL J0540.7+3611c,173.27490105935811,2.9372524058696845,0.4
4FGL J0540.8-5415 ,261.98717903857147,-31.85358246241044,0.4
4FGL J0540.9+5046 ,160.73540173924872,10.537268647218497,0.4
4FGL J0541.1-4854 ,255.73520485797684,-31.35564227283568,0.4
4FGL J0541.1-2059 ,224.99212137079348,-24.466664190170928,0.4
4FGL J0541.4-7334 ,284.62421282845105,-30.869033546463484,0.4
4FGL J0541.4-0754c,212.13045559826742,-19.131710686694046,0.4
4FGL J0541.6-0541 ,210.0568729946565,-18.10541585827152,0.4
4FGL J0542.4+3547c,173.80902784121238,3.0106635418895875,0.4
4FGL J0542.8-3458 ,239.9994136862697,-28.45798735949337,0.4
4FGL J0542.9-0913 ,213.54696092258217,-19.36894174483053,0.4
4FGL J0543.2+8238 ,130.68865114547646,24.75635982483944,0.4
4FGL J0543.5-8741 ,300.4302688555782,-27.78125553559721,0.4
4FGL J0543.9-0418 ,209.02462836999777,-16.977463176210865,0.4
4FGL J0543.9-5531 ,263.51159134907977,-31.47798394694677,0.4
4FGL J0544.4+2238 ,185.23629934853594,-3.507905702331794,0.4
4FGL J0544.7+7124 ,141.96782241829828,20.53293953759763,0.4
4FGL J0544.8+5209c,159.82694174644803,11.755691117419406,0.4
4FGL J0545.0+0613c,199.58851332099925,-11.722632277613878,0.4
4FGL J0545.7+6016 ,152.5497749699015,15.73708166079909,0.4
4FGL J0545.8-0905 ,213.75030590581264,-18.678398006838652,0.4
4FGL J0546.5-1100 ,215.66597066162853,-19.334510248233848,0.4
4FGL J0546.9-2206 ,226.67328712894872,-23.625169439571895,0.4
4FGL J0548.5-5218 ,259.830859087929,-30.54554165115583,0.4
4FGL J0548.6+1200 ,194.9432906301721,-8.088699466415687,0.4
4FGL J0549.0+3258c,176.93184350842083,2.720941779217986,0.4
4FGL J0549.0-0233 ,208.0165021441843,-15.024523419710745,0.4
4FGL J0550.2+0730c,199.09587874361557,-9.98601748608757,0.4
4FGL J0550.3-6107 ,270.0746457098125,-30.832202472029792,0.4
4FGL J0550.3-5733 ,265.9232422033083,-30.70348767465548,0.4
4FGL J0550.5-3216 ,237.55965446284836,-26.182002310605228,0.4
4FGL J0550.5-4356 ,250.34695152935384,-28.998212004292878,0.4
4FGL J0550.9+2552c,183.23953681805835,-0.5631719097775927,0.4
4FGL J0551.0-1622 ,221.34324327201838,-20.558502580178477,0.4
4FGL J0551.7+0446 ,201.70982002532318,-10.966184320810381,0.4
4FGL J0551.8-2130 ,226.51893401872968,-22.349301841446508,0.4
4FGL J0551.8-3517 ,240.87336303182033,-26.74999255757051,0.4
4FGL J0552.0+2656c,182.4469919882665,0.18287202160006516,0.4
4FGL J0552.0+0256c,203.38542877465653,-11.789992871035151,0.4
4FGL J0552.4+3755 ,172.99969203048425,5.8200461640791685,0.4
4FGL J0552.8+0313 ,203.2240747725495,-11.472333453098136,0.4
4FGL J0553.5-2034 ,225.74392260400384,-21.61963033538864,0.4
4FGL J0553.5+4810 ,164.07498189577913,11.043522724488767,0.4
4FGL J0553.6+0100 ,205.31055324472192,-12.36020697148072,0.4
4FGL J0553.9-5048 ,258.22328552925234,-29.532023978712136,0.4
4FGL J0554.0-0839 ,214.26372899983124,-16.652559001914163,0.4
4FGL J0554.1+3107 ,179.07896373117148,2.7115464179733837,0.4
4FGL J0554.2-0259 ,209.02575723827016,-14.07695569390515,0.4
4FGL J0554.3-1009c,215.70708891978356,-17.236231372937105,0.4
4FGL J0554.4-2757 ,233.31409069930396,-24.032918585173622,0.4
4FGL J0554.5-4419 ,250.9258248206055,-28.352894138892136,0.4
4FGL J0554.8-0011 ,206.55553125771706,-12.652768621754253,0.4
4FGL J0555.1+0150c,204.7389970421289,-11.639245781054676,0.4
4FGL J0555.1+0304 ,203.6401171529071,-11.057953827585576,0.4
4FGL J0555.6+3947 ,171.6787495473814,7.287320726150193,0.4
4FGL J0555.9+0030 ,206.05389619424344,-12.075063037668139,0.4
4FGL J0556.2-4352 ,250.49390457803244,-27.961829767365426,0.4
4FGL J0557.2+3528 ,175.6063991152564,5.443801431350754,0.4
4FGL J0557.2+7705 ,136.6315470149402,23.44429806399301,0.4
4FGL J0557.3-0615 ,212.40996976142807,-14.86384400218347,0.4
4FGL J0557.4-0302 ,209.46096992665318,-13.383785909257085,0.4
4FGL J0557.5-4452 ,251.65220330832298,-27.9528349173435,0.4
4FGL J0557.6-0721 ,213.4510540311128,-15.280529312829017,0.4
4FGL J0558.0-3837 ,244.85040428852014,-26.426046798783233,0.4
4FGL J0558.1-2113 ,226.81736584068653,-20.87751782369365,0.4
4FGL J0558.1-2859 ,234.66711490207797,-23.598398967248755,0.4
4FGL J0558.2+0132c,205.3874464570138,-11.093041454075037,0.4
4FGL J0558.7-4957 ,257.3852435431362,-28.66264644511419,0.4
4FGL J0558.8-7459 ,286.08512755747046,-29.52518049289467,0.4
4FGL J0559.2+2557 ,184.11337140988854,1.0921867333712887,0.4
4FGL J0559.3+0352 ,203.4336005462819,-9.758871753027789,0.4
4FGL J0559.5+7026 ,143.4214081407726,21.27105477597556,0.4
4FGL J0559.6+3044 ,179.98242858839416,3.533829851086246,0.4
4FGL J0559.7-1817 ,224.09831901106463,-19.39039932621987,0.4
4FGL J0559.9+6409 ,149.6257151553496,18.90659893406967,0.4
4FGL J0600.1+0215 ,204.98436199893368,-10.333692210411996,0.4
4FGL J0600.3+1244 ,195.71811737141184,-5.244159371394877,0.4
4FGL J0600.4+4949 ,163.12778613925622,12.809769209658283,0.4
4FGL J0600.6-3939 ,246.08770716121253,-26.213468207248642,0.4
4FGL J0600.7+2012c,189.26926865283184,-1.4702807576694477,0.4
4FGL J0600.8+0509c,202.45744400260264,-8.810508580216718,0.4
4FGL J0601.0-1016c,216.56119650363812,-15.808713751387593,0.4
4FGL J0601.0+3838 ,173.21478957111043,7.65151196151602,0.4
4FGL J0601.1-7035 ,281.0203243413029,-29.630487115823957,0.4
4FGL J0601.3-7238 ,283.3720772102044,-29.527432149632222,0.4
4FGL J0601.3+5444 ,158.65211292258337,15.119355027429117,0.4
4FGL J0601.4-6057 ,269.95183345372016,-29.485565820006688,0.4
4FGL J0601.4+2320 ,186.62046312292298,0.22957828407265102,0.4
4FGL J0601.8-2003 ,226.02443752300024,-19.616604982384594,0.4
4FGL J0602.0+5315 ,160.0673785085893,14.574023159971667,0.4
4FGL J0602.7-0007 ,207.43097525905262,-10.86674546383583,0.4
4FGL J0602.7+6621 ,147.5993965014463,20.027642937971276,0.4
4FGL J0602.8-4019 ,246.9405487739891,-25.964875895783056,0.4
4FGL J0602.8+6041 ,153.10509770052607,17.82169416795564,0.4
4FGL J0603.0-2936 ,235.69295156635394,-22.796681898203488,0.4
4FGL J0603.9+2159 ,188.0843253483443,0.0480394628316466,0.4
4FGL J0603.9+1901 ,190.67223077481646,-1.4033667746319323,0.4
4FGL J0604.1-4816 ,255.68296706133836,-27.489499871240426,0.4
4FGL J0604.5-4851 ,256.3359546616971,-27.53798701595909,0.4
4FGL J0604.8+1653c,192.62951426338032,-2.2725004136774642,0.4
4FGL J0604.8+4411 ,168.58413808548175,10.892534661760834,0.4
4FGL J0604.9-1042 ,217.38718420640268,-15.128990858355415,0.4
4FGL J0604.9-0000 ,207.57933246141886,-10.327151689018153,0.4
4FGL J0605.1+3757 ,174.19715192550868,8.027447820062893,0.4
4FGL J0606.5-4730 ,254.91489285339566,-26.94720544346683,0.4
4FGL J0606.9+4402 ,168.90439637918772,11.162800997155191,0.4
4FGL J0607.2-2518 ,231.70536345021816,-20.429098778982336,0.4
4FGL J0607.4+4739 ,165.6295879955868,12.865928473536451,0.4
4FGL J0607.9-1904 ,225.64544330264798,-17.923938700891764,0.4
4FGL J0608.0+6721 ,146.80762240550573,20.872196319872675,0.4
4FGL J0608.0-0835 ,215.76149378477743,-13.51596887124089,0.4
4FGL J0608.1-6028 ,269.4651799886337,-28.632567997699777,0.4
4FGL J0608.1-1521 ,222.11989160647028,-16.38261718826728,0.4
4FGL J0608.5+1826c,191.7041426153542,-0.7381395686352199,0.4
4FGL J0608.6-2305 ,229.6288120835119,-19.327394418988128,0.4
4FGL J0608.6+1149 ,197.51508185977883,-3.9091166077062414,0.4
4FGL J0608.8+5553 ,158.0224392834062,16.575927722599715,0.4
4FGL J0608.8+2034c,189.86747152339535,0.35267373062073115,0.4
4FGL J0608.9-5456 ,263.2417083191316,-27.870644267315097,0.4
4FGL J0609.0+2136c,188.98704283672168,0.8929256121516492,0.4
4FGL J0609.0+2006 ,190.30645415893264,0.16713365975322828,0.4
4FGL J0609.0-2219 ,228.92495736359098,-18.944911360915263,0.4
4FGL J0609.1+1544 ,194.14172286830828,-1.9251533859200791,0.4
4FGL J0609.2-0247 ,210.60102036346902,-10.659147560161381,0.4
4FGL J0609.5+1402 ,195.68272595955452,-2.6440348778590494,0.4
4FGL J0610.1-1848 ,225.6180572139591,-17.32807514470334,0.4
4FGL J0610.2-2100 ,227.7399485274184,-18.17998168359034,0.4
4FGL J0610.6+5318 ,160.59481594963407,15.745417639981254,0.4
4FGL J0610.7+1656 ,193.2636181745437,-1.009109184692809,0.4
4FGL J0610.7+3752 ,174.8049786117986,8.96632906103161,0.4
4FGL J0610.8-4911 ,256.9186596537452,-26.587307697151743,0.4
4FGL J0610.9-6054 ,270.00109821394886,-28.33137328399051,0.4
4FGL J0610.9+2040c,190.0281574289362,0.835493907276735,0.4
4FGL J0611.1+4325 ,169.81162539625078,11.56814127730697,0.4
4FGL J0611.4-4722 ,254.9748622373286,-26.120236784713804,0.4
4FGL J0611.5-2918 ,236.0623412288757,-20.943835692441496,0.4
4FGL J0611.6-2712 ,233.97372013660402,-20.197974043298064,0.4
4FGL J0611.6+2803 ,183.62070941164038,4.528141078656832,0.4
4FGL J0612.2+1909c,191.49499514323932,0.38304162190888547,0.4
4FGL J0612.5-3138 ,238.48649663245106,-21.547030979378448,0.4
4FGL J0612.5-3934 ,246.69166263924583,-23.974408424431502,0.4
4FGL J0612.6+1520c,194.89327120466004,-1.3739151803963274,0.4
4FGL J0612.8+4122 ,171.8271328852191,10.92733651631012,0.4
4FGL J0612.9+1150 ,198.00172972074108,-2.9866165193682295,0.4
4FGL J0613.1+1749c,192.77275470905124,-0.08248703384592668,0.4
4FGL J0613.6+7108 ,143.1425587006366,22.59826577665219,0.4
4FGL J0613.6+1709 ,193.42578563213766,-0.28515152456365483,0.4
4FGL J0613.7-0201 ,210.42276255771898,-9.305029928948718,0.4
4FGL J0614.1-3329 ,240.50008942255545,-21.827696173522707,0.4
4FGL J0614.1+1628c,194.07044137051525,-0.4990307713164189,0.4
4FGL J0614.6-2306 ,230.19710351854212,-18.046747199642496,0.4
4FGL J0614.8+5735 ,156.74554234350745,18.008123272914666,0.4
4FGL J0614.8+6136 ,152.80344290120075,19.507224233529918,0.4
4FGL J0614.9+2426 ,187.1519625497451,3.456707176193054,0.4
4FGL J0615.1-1901 ,226.31628588781945,-16.343037439295692,0.4
4FGL J0615.3-3117 ,238.34878866920212,-20.85694927394774,0.4
4FGL J0615.9+1416 ,196.205556806209,-1.1821700894133627,0.4
4FGL J0616.1-1732 ,225.01146056831357,-15.524246019822032,0.4
4FGL J0616.2-0653 ,215.12795282747646,-10.951309936599754,0.4
4FGL J0616.5+2235 ,188.96249897248208,2.905254023881551,0.4
4FGL J0616.7-1049 ,218.78302994869745,-12.567967346835118,0.4
4FGL J0616.9+4340 ,170.04706114804603,12.61909003487696,0.4
4FGL J0617.2+2234e,189.04765703402066,3.0334498966052093,0.4
4FGL J0617.2+5701 ,157.42000876943663,18.093443296818055,0.4
4FGL J0617.6-4028 ,247.931452824376,-23.295970313062966,0.4
4FGL J0617.7-1715 ,224.89156834067944,-15.064864240947234,0.4
4FGL J0617.9-0319 ,212.0898094895229,-8.959432107120238,0.4
4FGL J0618.1+7819 ,135.67382643474014,24.865607064133705,0.4
4FGL J0618.1-2428 ,231.8557166303952,-17.834454958526212,0.4
4FGL J0618.4+3150 ,180.94885708088782,7.590736115819839,0.4
4FGL J0618.7+1211 ,198.38252694363274,-1.5643206747029803,0.4
4FGL J0618.9+2240c,189.14916887516776,3.424280252079877,0.4
4FGL J0618.9-1138 ,219.78234920666767,-12.413301279811721,0.4
4FGL J0620.0+5733 ,157.04581361999135,18.644337080141344,0.4
4FGL J0620.1+2246 ,189.18173779604774,3.7160659595438617,0.4
4FGL J0620.3+3804 ,175.4742604449196,10.742768564751188,0.4
4FGL J0620.4+1445 ,196.30472302833363,0.003422957722084389,0.4
4FGL J0620.5-2512 ,232.78639018724573,-17.59793882051807,0.4
4FGL J0620.7+2643 ,185.73980941937648,5.671257350892913,0.4
4FGL J0620.7-5034 ,258.802367797539,-25.318719557618532,0.4
4FGL J0620.9+2201 ,189.94625476431725,3.523017286295754,0.4
4FGL J0621.2-4648 ,254.785381136225,-24.365675451559135,0.4
4FGL J0621.2+2512 ,187.15122893592243,5.074793131683684,0.4
4FGL J0621.2-2213 ,229.96466180129198,-16.298241069998912,0.4
4FGL J0621.7-3411 ,241.76293334146115,-20.575260341874774,0.4
4FGL J0621.8+1746 ,193.79160691771898,1.717174981479945,0.4
4FGL J0621.9+4219 ,171.70677741601972,12.858911930054619,0.4
4FGL J0622.2+3749 ,175.87512465214303,10.974042003474857,0.4
4FGL J0622.3-2605 ,233.80555342945402,-17.555921528404046,0.4
4FGL J0622.4-6433 ,274.2490150684485,-27.38595697157942,0.4
4FGL J0622.5+3120 ,181.80166181850407,8.147566017775977,0.4
4FGL J0622.7+2248 ,189.43923694752135,4.254298718942527,0.4
4FGL J0622.7-4141 ,249.4955345725538,-22.718808450529814,0.4
4FGL J0622.9+3326 ,179.94020317156637,9.151608681535155,0.4
4FGL J0623.0-3010 ,237.8641108252157,-18.92150802324815,0.4
4FGL J0623.2+3044 ,182.4098318021533,8.011051232571809,0.4
4FGL J0623.6-3351 ,241.5588083237246,-20.08985386158572,0.4
4FGL J0623.9-5259 ,261.53548041018365,-25.358656769205588,0.4
4FGL J0624.0+0855 ,201.86952266875608,-1.944748914673165,0.4
4FGL J0624.1-6330 ,273.10211581859295,-27.080596677786854,0.4
4FGL J0624.2-2943 ,237.5040664462468,-18.51387639603335,0.4
4FGL J0624.7-4903 ,257.3412335478979,-24.334890558510864,0.4
4FGL J0624.8-0735 ,216.72685314682596,-9.332389701063455,0.4
4FGL J0625.3+4439 ,169.77708527633607,14.391393859201642,0.4
4FGL J0625.3-1144 ,220.5703997305535,-11.055232492268088,0.4
4FGL J0625.5+7029 ,144.1132709259051,23.350372285400287,0.4
4FGL J0625.8-5441 ,263.4364406615264,-25.43651348790509,0.4
4FGL J0626.4-4259 ,251.04502662528253,-22.44299328383873,0.4
4FGL J0626.4-1712 ,225.73744284420616,-13.137514189746492,0.4
4FGL J0626.8-2603 ,234.16961206581828,-16.610309840999758,0.4
4FGL J0627.0+2623 ,186.68739164569234,6.7709171883547405,0.4
4FGL J0627.0-3529 ,243.45116945625082,-19.969524528110092,0.4
4FGL J0628.5+6218 ,152.67465409426077,21.251358387739874,0.4
4FGL J0628.6-6711 ,277.26406363852936,-27.041248933843452,0.4
4FGL J0628.6+6900 ,145.76140681814857,23.208502406730698,0.4
4FGL J0628.8-6250 ,272.43898807281397,-26.464731823050126,0.4
4FGL J0628.8-2340 ,232.07971134260092,-15.258607904818046,0.4
4FGL J0629.3-1959 ,228.65022241740687,-13.667200134514843,0.4
4FGL J0629.6+2435 ,188.58038958417137,6.479589876152694,0.4
4FGL J0630.1-2010 ,228.89623590356754,-13.573581162833378,0.4
4FGL J0630.2+3228 ,181.5054450510068,10.102085027452388,0.4
4FGL J0630.9-2406 ,232.68361277041757,-14.995300710464864,0.4
4FGL J0631.0+5626 ,158.7006054117656,19.64828621558874,0.4
4FGL J0631.1+2020 ,192.53707554029967,4.851125397885266,0.4
4FGL J0631.4-1650 ,225.92223755528573,-11.898600356727822,0.4
4FGL J0631.5+1036 ,201.23578726325937,0.4544167999745602,0.4
4FGL J0631.8+0645 ,204.68308699939112,-1.2446527985716995,0.4
4FGL J0632.0-1032 ,220.1975763963063,-9.040760181397406,0.4
4FGL J0632.7+1215 ,199.90977246799451,1.4780515717341374,0.4
4FGL J0632.8+0550 ,205.61147950315893,-1.4479200968569836,0.4
4FGL J0633.4-2222 ,231.27988122575962,-13.767677841080092,0.4
4FGL J0633.7+0632 ,205.09275215280567,-0.9284409436936157,0.4
4FGL J0633.9+5840 ,156.589518190563,20.744525990935745,0.4
4FGL J0633.9+1746 ,195.13522604494742,4.272988454633099,0.4
4FGL J0634.2+0436e,206.8749107426204,-1.7003807049197306,0.4
4FGL J0634.6-3046c,239.40158814822482,-16.809457462726744,0.4
4FGL J0634.7+1036 ,201.59510522030797,1.169049097815566,0.4
4FGL J0634.9-2335 ,232.56966437306835,-13.959681595866007,0.4
4FGL J0635.6-7518 ,286.4049228676038,-27.171076929375534,0.4
4FGL J0635.7+3113 ,183.15773257665217,10.634687896532533,0.4
4FGL J0636.2-1057 ,221.04286178413153,-8.30270963071004,0.4
4FGL J0636.7+7139 ,143.1186835936386,24.51112589313462,0.4
4FGL J0637.3-6220 ,272.06460605663074,-25.420601465922637,0.4
4FGL J0637.4-3537 ,244.36414405839653,-18.036934590093335,0.4
4FGL J0638.2+6020 ,155.06599575452032,21.776697995421788,0.4
4FGL J0638.6+7320 ,141.33965366476806,25.002853788549476,0.4
4FGL J0638.7+2753 ,186.50390712085107,9.775659296840274,0.4
4FGL J0638.7+5658 ,158.5338033172058,20.8245309082186,0.4
4FGL J0639.1-8009 ,291.85993264033243,-27.22040325056484,0.4
4FGL J0639.4+0655e,205.40027302514042,0.5034902584314533,0.4
4FGL J0639.6+3503 ,179.95153316388718,12.964129805321654,0.4
4FGL J0640.0-1253 ,223.21432396996673,-8.321287274519934,0.4
4FGL J0640.4+3307 ,181.8338492661747,12.330218935751507,0.4
4FGL J0640.5-2714 ,236.5431132181225,-14.250251718827354,0.4
4FGL J0640.7-1924 ,229.2406558683255,-10.996894408513654,0.4
4FGL J0640.8+2432 ,189.76765442882024,8.7466992600022,0.4
4FGL J0640.9-5204 ,261.2335228165206,-22.621715638226032,0.4
4FGL J0641.4+3349 ,181.26820654332718,12.79694084737867,0.4
4FGL J0641.7-0320 ,214.81052319073876,-3.6792210058320807,0.4
4FGL J0642.4+1048 ,202.28185241779332,2.9352305333972213,0.4
4FGL J0642.9-6501 ,275.1109530354014,-25.298267407178123,0.4
4FGL J0643.2-5356 ,263.28111458908506,-22.78587709940979,0.4
4FGL J0643.3+0857 ,204.0420946858992,2.2863306027613173,0.4
4FGL J0643.4-3314 ,242.51255221056527,-16.023136033372253,0.4
4FGL J0644.4-6712 ,277.5268087539889,-25.527537518744143,0.4
4FGL J0644.4-1401 ,224.70167142976499,-7.865522887647742,0.4
4FGL J0644.6+6039 ,154.98067654509595,22.61653091773781,0.4
4FGL J0644.6-2853 ,238.47177531200498,-14.075066666212456,0.4
4FGL J0644.7+3917 ,176.37284729812234,15.590367700530779,0.4
4FGL J0644.7-4949 ,259.0884159031282,-21.40883159790305,0.4
4FGL J0646.4-5455 ,264.44865233497904,-22.59470753509136,0.4
4FGL J0646.5+0018 ,212.10160310226405,-0.954792495021626,0.4
4FGL J0646.7-3913 ,248.5750198781122,-17.60883202056065,0.4
4FGL J0647.0-5138 ,261.06845331887354,-21.593144231438135,0.4
4FGL J0647.6+4459 ,171.03240920492223,18.172017846502136,0.4
4FGL J0647.7-4418 ,253.6721920872723,-19.200984739907266,0.4
4FGL J0647.7-6058 ,270.87752084401313,-23.93634755364076,0.4
4FGL J0647.7+0031 ,212.05277749374622,-0.5721099057445467,0.4
4FGL J0647.8+4527 ,170.57242919611937,18.373387711548162,0.4
4FGL J0648.0-3045 ,240.53268241832478,-14.15144154608944,0.4
4FGL J0648.1+1605 ,198.18038654581287,6.555784143961454,0.4
4FGL J0648.2+1745 ,196.68477003003707,7.3261731585381735,0.4
4FGL J0648.4-1744 ,228.51128943088773,-8.622992489921153,0.4
4FGL J0648.4-6941 ,280.3061523535427,-25.571901773883795,0.4
4FGL J0648.6-3623 ,245.97360905146937,-16.216474758230706,0.4
4FGL J0648.7+1516 ,198.97694921825516,6.323998328955067,0.4
4FGL J0649.3+2230 ,192.4811794400865,9.618119842010387,0.4
4FGL J0649.5-3139 ,241.52538084847683,-14.20932765201692,0.4
4FGL J0649.6-4017 ,249.8362935675563,-17.46712193086381,0.4
4FGL J0650.2+5620 ,159.68351536310684,22.14081945572913,0.4
4FGL J0650.2-5144 ,261.3364384062934,-21.152484717308464,0.4
4FGL J0650.2-1636 ,227.66972565729142,-7.733301545017809,0.4
4FGL J0650.5-2851 ,238.97573004361732,-12.898971239018016,0.4
4FGL J0650.6+2055 ,194.0546997697513,9.203487898199137,0.4
4FGL J0650.7+2503 ,190.2798302894098,11.001720747868294,0.4
4FGL J0651.0+4013 ,175.9286225093044,17.066420026836685,0.4
4FGL J0651.4+6525 ,150.12971937091018,24.499779666555625,0.4
4FGL J0651.5+7956 ,134.1973206938489,26.683584468120884,0.4
4FGL J0651.9-4330 ,253.15192467825034,-18.204214729095522,0.4
4FGL J0652.1-4813 ,257.86247535532704,-19.765210976016835,0.4
4FGL J0652.5+1932 ,195.51297159262782,9.018391794952484,0.4
4FGL J0652.8-1855 ,230.0473075370968,-8.208627384894783,0.4
4FGL J0652.9+4707 ,169.23140924690068,19.763712204588813,0.4
4FGL J0653.4+1813 ,196.80958756754868,8.631461301945144,0.4
4FGL J0653.6+1636 ,198.2974483978183,7.96406161475939,0.4
4FGL J0653.7+2815 ,187.5708281303296,12.92738260498729,0.4
4FGL J0653.8-1330 ,225.26624653459274,-5.589156157387739,0.4
4FGL J0654.0-4658 ,256.73261552322003,-19.051327130194753,0.4
4FGL J0654.0-4152 ,251.7035749845929,-17.259434698799947,0.4
4FGL J0654.3+0923 ,204.8820605618408,4.898238692924713,0.4
4FGL J0654.3+5042 ,165.6848280517645,21.107552347912904,0.4
4FGL J0654.4+4514 ,171.20680771764503,19.388206510934946,0.4
4FGL J0654.6-4952 ,259.660324447624,-19.91002790681808,0.4
4FGL J0654.7+4246 ,173.68153512978796,18.609137590926707,0.4
4FGL J0655.3-0037 ,213.9352711745357,0.5743461631555031,0.4
4FGL J0655.4-2631 ,237.26802732209484,-10.931958173490916,0.4
4FGL J0655.5+1552 ,199.16086022774326,8.057194424319055,0.4
4FGL J0656.0+2420 ,191.45079471355754,11.79370808321551,0.4
4FGL J0656.3-0322 ,216.48453966160892,-0.45396772387018247,0.4
4FGL J0656.3+4235 ,173.97351130147158,18.826144484554998,0.4
4FGL J0656.3-2404 ,235.10091542712846,-9.69543713024754,0.4
4FGL J0656.5+4218 ,174.26587665346972,18.768854710304876,0.4
4FGL J0657.4-4658 ,256.941282606846,-18.510597688285973,0.4
4FGL J0657.7-5340 ,263.66813653664025,-20.66688653892294,0.4
4FGL J0658.1-5840 ,268.8168122241877,-22.082519070537746,0.4
4FGL J0658.2+2709 ,189.03993931556678,13.400897094403277,0.4
4FGL J0658.6+0636 ,207.85361708356908,4.604213286457336,0.4
4FGL J0658.7-0407c,217.42631889931616,-0.2617198671683379,0.4
4FGL J0658.7+2318 ,192.67619099431263,11.909176941324821,0.4
4FGL J0659.2-1758c,229.86939298290613,-6.414392527027957,0.4
4FGL J0659.6-2742 ,238.75320452204903,-10.592447099998274,0.4
4FGL J0659.6-6742 ,278.38151717316106,-24.189531568729848,0.4
4FGL J0659.7+1416 ,201.06758907785976,8.267970993725639,0.4
4FGL J0659.9-2900 ,239.9809585497069,-11.083305880699736,0.4
4FGL J0659.9+1709 ,198.46768625360025,9.555956125769681,0.4
4FGL J0700.1-6311 ,273.5986799212086,-23.05479198502591,0.4
4FGL J0700.2-5118 ,261.42137309361954,-19.5386826067775,0.4
4FGL J0700.2+1304 ,202.224471379108,7.851799436172067,0.4
4FGL J0700.4-4308 ,253.38665910646125,-16.640935795711755,0.4
4FGL J0700.5-6610 ,276.76966482770644,-23.76010183366256,0.4
4FGL J0700.6+3558 ,180.79581534860918,17.265382345550066,0.4
4FGL J0700.8+1551 ,199.74766315548877,9.185142675052008,0.4
4FGL J0701.3-0403 ,217.6686055304334,0.34082084092808257,0.4
4FGL J0701.3-0327c,217.13804560875386,0.6344551763594107,0.4
4FGL J0701.5+2511 ,191.17593982203368,13.266805396888858,0.4
4FGL J0701.5-2842 ,239.86798989823205,-10.639282025256946,0.4
4FGL J0701.5-4634 ,256.80211220596834,-17.70639725450943,0.4
4FGL J0702.7-1951 ,231.92339596894743,-6.527705648584343,0.4
4FGL J0703.2+6809 ,147.38507222937713,26.121805044533367,0.4
4FGL J0703.2-3914 ,249.86345362398012,-14.646177893526215,0.4
4FGL J0703.3-1042 ,223.81099061811085,-2.260040216880921,0.4
4FGL J0703.3-0050 ,215.04162147961605,2.2641459723934676,0.4
4FGL J0704.0-1153c,224.94376360273702,-2.632976170402233,0.4
4FGL J0704.3-4829 ,258.85323687117847,-17.953682838870403,0.4
4FGL J0704.6-1055c,224.14905361318046,-2.07304017529481,0.4
4FGL J0704.7+4508 ,171.93478394621764,21.07924342604714,0.4
4FGL J0704.8+4907 ,167.82691921925877,22.260826341966748,0.4
4FGL J0704.9-1007c,223.47096236582422,-1.6391392080121883,0.4
4FGL J0705.0+1331 ,202.32309828290528,9.085888673667428,0.4
4FGL J0705.7-4848 ,259.25996584542327,-17.845266200242122,0.4
4FGL J0705.8-0004 ,214.63525800878276,3.169938538002761,0.4
4FGL J0705.9+5309 ,163.65643774084418,23.501381287005138,0.4
4FGL J0706.1+0246 ,212.1362821306218,4.544945933164755,0.4
4FGL J0706.3-3250 ,244.13291041866063,-11.452248084503498,0.4
4FGL J0706.5+3744 ,179.49692922152067,18.988041041327552,0.4
4FGL J0706.8-4351 ,254.53642886016505,-15.827881112758783,0.4
4FGL J0706.8+7742 ,136.7673831533884,27.277351587107667,0.4
4FGL J0706.9+6109 ,155.1150917463602,25.367301837257042,0.4
4FGL J0708.6+1747 ,198.78328363623396,11.710556441490647,0.4
4FGL J0708.8-3121 ,242.99288515022383,-10.350920782164257,0.4
4FGL J0708.9+4839 ,168.52635605065427,22.78723696022283,0.4
4FGL J0709.0+4304 ,174.28893249512925,21.177414971463353,0.4
4FGL J0709.1+2241 ,194.26213618588935,13.833457854026312,0.4
4FGL J0709.1-1034c,224.34828202043832,-0.91547196989829,0.4
4FGL J0709.2-1527 ,228.69256980027907,-3.1485066708784064,0.4
4FGL J0709.3+0540 ,209.89540867604276,6.562838854489451,0.4
4FGL J0709.7-3009 ,241.9729811074772,-9.645974505613935,0.4
4FGL J0709.7-0255 ,217.63518846196223,2.737006742942406,0.4
4FGL J0710.4+5908 ,157.4082407264919,25.424814049120034,0.4
4FGL J0710.8-3851 ,250.10441929992194,-13.135703691369155,0.4
4FGL J0710.9+4733 ,169.77304017466446,22.798658261592916,0.4
4FGL J0711.3-0942 ,223.83555331812082,-0.04911409314131581,0.4
4FGL J0712.0-6431 ,275.3794984418114,-22.16660815856359,0.4
4FGL J0712.4+5724 ,159.33856341874414,25.35190877102896,0.4
4FGL J0712.5+3311 ,184.45484393431713,18.557285134717976,0.4
4FGL J0712.7+5033 ,166.70548771706706,23.867055626507394,0.4
4FGL J0712.8-5637 ,267.39400898978175,-19.580902623303174,0.4
4FGL J0713.0+5738 ,159.11009139486868,25.466628866026912,0.4
4FGL J0713.5+2537 ,191.8768508082391,15.925289906051848,0.4
4FGL J0713.5-2555 ,238.5182494027192,-7.031330448059337,0.4
4FGL J0713.8-4820c,259.32967934542864,-16.442070559095338,0.4
4FGL J0713.8+1935 ,197.63727048356463,13.577908840620724,0.4
4FGL J0714.4+1110 ,205.47979169648877,10.140852797150936,0.4
4FGL J0715.3-6828 ,279.59034912367815,-22.97075427336642,0.4
4FGL J0715.6-4528 ,256.7163520122504,-15.026118540674087,0.4
4FGL J0715.7-1128 ,225.89724311243606,0.08201932856681644,0.4
4FGL J0716.0-0826 ,223.25982657435537,1.5773334929858716,0.4
4FGL J0716.9-2219 ,235.66200689955667,-4.685243927461709,0.4
4FGL J0717.3+2437 ,193.19191464983626,16.33045720450466,0.4
4FGL J0717.7-5519 ,266.3490902660514,-18.480205785051037,0.4
4FGL J0718.0+4536 ,172.16071393971845,23.455539011808526,0.4
4FGL J0718.2-1324 ,227.89573989910303,-0.2797270562788169,0.4
4FGL J0718.6-4319 ,254.91808758616926,-13.656108506873156,0.4
4FGL J0718.8-5004 ,261.3225234483076,-16.35298064504671,0.4
4FGL J0718.8+4618 ,171.46564986971697,23.775519332148196,0.4
4FGL J0719.1-7055 ,282.2450866134531,-23.322663615444398,0.4
4FGL J0719.3+3307 ,185.04432527820234,19.861863286364827,0.4
4FGL J0719.6-3927 ,251.39573038486324,-11.848338731524073,0.4
4FGL J0719.7-4012 ,252.10337553301778,-12.169496430237748,0.4
4FGL J0720.0-3507 ,247.46288706135948,-9.89244480426018,0.4
4FGL J0720.0-6237 ,273.7279970262716,-20.724909684894808,0.4
4FGL J0721.3-0222 ,218.46569804435842,5.548933450796968,0.4
4FGL J0721.3+0405 ,212.68704681566865,8.523798250130694,0.4
4FGL J0721.9+7120 ,143.9845822740942,28.02239770888033,0.4
4FGL J0722.4-2650 ,240.25614818056764,-5.668004103131138,0.4
4FGL J0722.7+3606 ,182.27322643894905,21.50529261658353,0.4
4FGL J0722.7-2309c,237.01023204055525,-3.884803966241671,0.4
4FGL J0723.0-0732 ,223.25839539154995,3.5138530081080477,0.4
4FGL J0723.1-3048 ,243.86371384020688,-7.360038177797268,0.4
4FGL J0723.4+5841 ,158.20023450477083,26.996577058753935,0.4
4FGL J0723.5+2900 ,189.46776235385184,19.255918023353374,0.4
4FGL J0723.7+2050 ,197.43156140920212,16.215351106860233,0.4
4FGL J0723.9+5702 ,160.04788861091825,26.815577216200793,0.4
4FGL J0724.5+7015 ,145.22735754926293,28.192896333978247,0.4
4FGL J0724.8+3016 ,188.31970716467427,19.962733208696267,0.4
4FGL J0725.2+1425 ,203.64494529808192,13.912374882719671,0.4
4FGL J0725.3-2550c,239.67148758245696,-4.631483609618338,0.4
4FGL J0725.5+0216 ,214.80172612533335,8.627785300299468,0.4
4FGL J0725.5-0504 ,221.36864560427733,5.231666872809976,0.4
4FGL J0725.6-5008 ,261.83592193949147,-15.375995299427856,0.4
4FGL J0725.6-3530 ,248.3306527460614,-9.030082581038432,0.4
4FGL J0725.7-0549 ,222.05637841696213,4.934136346248182,0.4
4FGL J0725.8-0054 ,217.69913799772561,7.2360459152673355,0.4
4FGL J0726.1+8114 ,132.75938734006732,28.108565624397414,0.4
4FGL J0726.4-4727 ,259.3698468271108,-14.145758244479682,0.4
4FGL J0727.1+3734 ,181.07064370558902,22.79296500779527,0.4
4FGL J0727.3+2152 ,196.77871894121293,17.3781512145412,0.4
4FGL J0727.4+5325 ,164.1291635646784,26.695642322536646,0.4
4FGL J0728.0-4740 ,259.6855778922047,-13.98822553904495,0.4
4FGL J0728.2+4827 ,169.5882052034682,25.821861004991902,0.4
4FGL J0728.5+6128 ,155.18090610180133,27.982005736415427,0.4
4FGL J0729.1-3131 ,245.10512996261846,-6.559303679411012,0.4
4FGL J0729.1+5703 ,160.1521927657686,27.511673568843303,0.4
4FGL J0729.3-1445 ,230.35906188419318,1.4669523759206429,0.4
4FGL J0730.1+6852 ,146.80431462805947,28.633066207455112,0.4
4FGL J0730.3-1141 ,227.76869385512165,3.1376566837916835,0.4
4FGL J0730.4+3308 ,185.86456410800474,22.06370656243806,0.4
4FGL J0730.5-0535 ,222.40520447580445,6.0863754909764145,0.4
4FGL J0730.5-1831c,233.7964510854256,-0.08812637621144447,0.4
4FGL J0730.5+6720 ,148.54979756272917,28.62320439946412,0.4
4FGL J0730.7-6602 ,277.5975671528414,-20.79304339906974,0.4
4FGL J0731.0+6607 ,149.9432951661229,28.619457947705552,0.4
4FGL J0731.2-1403 ,229.96635022884033,2.1987181094046337,0.4
4FGL J0731.5-1910c,234.4806816233905,-0.18879283368227856,0.4
4FGL J0731.8-3009 ,244.16713416035307,-5.396683548135163,0.4
4FGL J0731.9+2805 ,191.07705333676054,20.650942575951714,0.4
4FGL J0732.7-4638 ,259.08967574156986,-12.83511204786137,0.4
4FGL J0733.0+4915 ,168.9029571159645,26.769004342425735,0.4
4FGL J0733.1+5910 ,157.8519949158191,28.295571538562786,0.4
4FGL J0733.3-7615 ,288.1423394505772,-23.858947372926757,0.4
4FGL J0733.4+5152 ,166.02148728923774,27.31445356253938,0.4
4FGL J0733.5+3517 ,183.85273424806007,23.330731088901917,0.4
4FGL J0733.5-5445 ,266.7258242986902,-16.177094947417945,0.4
4FGL J0733.6+3649 ,182.27183046322446,23.819322283649466,0.4
4FGL J0733.7+0205c,215.91458335958313,10.364635627573001,0.4
4FGL J0733.7+4110 ,177.68838868091203,25.041929576183634,0.4
4FGL J0733.8+0455 ,213.35385322018962,11.681735709445505,0.4
4FGL J0734.0+5021 ,167.7267792347039,27.142647997558527,0.4
4FGL J0734.3-4448 ,257.54133660386793,-11.757420597460591,0.4
4FGL J0734.4-7711 ,289.12494897774576,-24.066618811716406,0.4
4FGL J0734.7-1559 ,232.0642649515694,2.012945846388633,0.4
4FGL J0735.0-7255 ,284.7132159324949,-22.736449064053893,0.4
4FGL J0736.9-3231 ,246.7859730764493,-5.574803270703671,0.4
4FGL J0737.3-8247 ,295.0981984658437,-25.475177310010853,0.4
4FGL J0737.4+6535 ,150.584487024148,29.25133605462351,0.4
4FGL J0737.7-8047 ,292.9796003333489,-24.932767884265004,0.4
4FGL J0737.9-3041 ,245.2663563955839,-4.508923287170211,0.4
4FGL J0738.1+1742 ,201.8483579144193,18.07799724978136,0.4
4FGL J0738.4+1539 ,203.8405403471346,17.31000320486252,0.4
4FGL J0738.6+1311 ,206.2157162239583,16.329151467195,0.4
4FGL J0738.9-6736 ,279.45999913601787,-20.59526068106396,0.4
4FGL J0739.2+0137 ,216.9839618036575,11.377295226734974,0.4
4FGL J0739.6-4530 ,258.5982061992472,-11.246884602150518,0.4
4FGL J0739.6+7505 ,139.68746611154035,29.241641572078528,0.4
4FGL J0739.7+1743 ,201.99615257586888,18.442753503256696,0.4
4FGL J0739.8-6722 ,279.25838868379793,-20.432888435547607,0.4
4FGL J0740.0-0753 ,225.58900227503358,7.068233988917082,0.4
4FGL J0740.4+7300 ,142.07402273250358,29.42412339282211,0.4
4FGL J0740.9+3203 ,187.73023589341824,23.80730115607473,0.4
4FGL J0741.0+6618 ,149.76492419438057,29.624397222707678,0.4
4FGL J0741.0+3226 ,187.34207456015056,23.947099463460017,0.4
4FGL J0741.0-5226 ,265.0527138243854,-14.173659581052153,0.4
4FGL J0741.2-5140 ,264.35377991397104,-13.811713100660405,0.4
4FGL J0741.4-8132 ,293.8136339980838,-25.00514108542973,0.4
4FGL J0741.4-4709 ,260.2459786630916,-11.738334839181832,0.4
4FGL J0741.9-4157 ,255.6187033110446,-9.217229086824942,0.4
4FGL J0742.1+4902 ,169.44853805178585,28.188967454831307,0.4
4FGL J0742.6+5443 ,163.0527931558854,29.093633856232405,0.4
4FGL J0742.8-2822 ,243.77777517568256,-2.442105454449398,0.4
4FGL J0742.9-5242 ,265.42388499282754,-14.035495325384588,0.4
4FGL J0743.0-5622 ,268.8427373754844,-15.63984612315147,0.4
4FGL J0743.1+1713 ,202.81524235633475,18.96565426258526,0.4
4FGL J0743.2+4034 ,178.8216390184189,26.61465712615623,0.4
4FGL J0743.3-4912c,262.25771189006997,-12.399353944807036,0.4
4FGL J0743.6-3805 ,252.346403529233,-7.0769121993752755,0.4
4FGL J0744.0-2525 ,241.35329934937548,-0.7392297400554345,0.4
4FGL J0744.0+5033 ,167.80991921497437,28.742409877404075,0.4
4FGL J0744.1-6211 ,274.4085663553925,-17.983680685709132,0.4
4FGL J0744.1+7434 ,140.2520049419953,29.57149837662838,0.4
4FGL J0744.2-6918 ,281.33802501616924,-20.77859488780435,0.4
4FGL J0744.4-1403 ,231.51856138357545,5.007369009409666,0.4
4FGL J0744.9-4028 ,254.5690185581177,-7.998978694128336,0.4
4FGL J0745.4-2447 ,240.96296375629643,-0.15026571479550013,0.4
4FGL J0745.6+0107c,218.18050050492158,12.554249556762514,0.4
4FGL J0746.0-0039 ,219.84939896894312,11.831601537647373,0.4
4FGL J0746.3-0225 ,221.4814479225435,11.061641412538663,0.4
4FGL J0746.4+2546 ,194.6295065859579,22.869295372654587,0.4
4FGL J0746.5+2730 ,192.85032271438982,23.485090178591406,0.4
4FGL J0746.5-0710 ,225.7325770407735,8.813264202857276,0.4
4FGL J0746.5-4113 ,255.38488363610992,-8.10651372334821,0.4
4FGL J0746.6-4754 ,261.34702929420524,-11.304773186085033,0.4
4FGL J0747.2-0736 ,226.19887348922478,8.759924447592873,0.4
4FGL J0747.2+4529 ,173.5863998813455,28.407974103972677,0.4
4FGL J0747.3-3310 ,248.4248980485637,-3.9945288257401446,0.4
4FGL J0747.5+0905 ,211.0445810397132,16.552656544409285,0.4
4FGL J0747.5-4927 ,262.8057426710144,-11.909675757000038,0.4
4FGL J0747.6+7209 ,142.9995864465683,30.020611460603675,0.4
4FGL J0747.8+7410 ,140.69092981933872,29.857083504453726,0.4
4FGL J0748.0-1638 ,234.20313295951894,4.462021809511373,0.4
4FGL J0748.3+8511 ,128.216854936568,28.209163003263345,0.4
4FGL J0748.3+4928 ,169.1469840249608,29.25436124917991,0.4
4FGL J0748.6+2400 ,196.6024226435643,22.733218013381244,0.4
4FGL J0748.8-1501 ,232.88861661240352,5.440807628086087,0.4
4FGL J0749.0-3904 ,253.73021560334894,-6.631098764696446,0.4
4FGL J0749.0-2956 ,245.81905579824908,-2.044888317731733,0.4
4FGL J0749.2+2314 ,197.45092541754352,22.589088773169212,0.4
4FGL J0749.3+4453 ,174.34460381674918,28.657005562028345,0.4
4FGL J0749.4+1058 ,209.48143356478042,17.80562077971573,0.4
4FGL J0749.5+1026 ,209.99000499615207,17.59253548045019,0.4
4FGL J0749.6+1324 ,207.1784084052961,18.866396592674615,0.4
4FGL J0749.7+7450 ,139.90247449148075,29.911432399079263,0.4
4FGL J0749.8-4420 ,258.43653966154625,-9.101466480769938,0.4
4FGL J0749.9+3112 ,189.26397505221053,25.362862864988628,0.4
4FGL J0749.9+1823 ,202.35387106397866,20.921378846363634,0.4
4FGL J0750.0+8238 ,131.06111637266648,28.755282896557627,0.4
4FGL J0750.5-7519 ,287.55139936527036,-22.55491733492498,0.4
4FGL J0750.8+1229 ,208.17675061442176,18.736407246381535,0.4
4FGL J0751.0+7908 ,134.99572232946394,29.40363691791762,0.4
4FGL J0751.0-5131 ,264.94289329262426,-12.388874019197946,0.4
4FGL J0751.2+1808 ,202.72173288922133,21.10365901026901,0.4
4FGL J0751.2-0029 ,220.31751498528763,13.046259361550561,0.4
4FGL J0751.4-0421 ,223.82714530963185,11.249323800147717,0.4
4FGL J0751.4+2655 ,193.85775317074902,24.328176581620678,0.4
4FGL J0751.6-5029c,264.04520782655203,-11.815641288405901,0.4
4FGL J0751.9+3314 ,187.24977589428647,26.367732347812144,0.4
4FGL J0752.0-2931 ,245.78332463914936,-1.2766927714117042,0.4
4FGL J0752.3-1631 ,234.6316438718703,5.417300004192102,0.4
4FGL J0753.0+5353 ,164.19286202581443,30.504762393278785,0.4
4FGL J0753.1-2624c,243.2247674675065,0.5353255620716371,0.4
4FGL J0753.2+4319 ,176.24876874627307,29.04326356422451,0.4
4FGL J0753.4+4650 ,172.2800510244064,29.691385857891596,0.4
4FGL J0753.7-4545 ,260.014768912218,-9.205884984202225,0.4
4FGL J0753.8-4700 ,261.12842163004154,-9.811221231189307,0.4
4FGL J0753.9+0923 ,211.48522508674247,18.118757552425,0.4
4FGL J0754.0+0451 ,215.7548560078199,16.140956083764653,0.4
4FGL J0754.4-1148 ,230.77421152563346,8.23286233392396,0.4
4FGL J0754.5+3911 ,180.913396612799,28.410682193317868,0.4
4FGL J0754.7+4823 ,170.5551170334295,30.144844859214007,0.4
4FGL J0754.9-3953 ,255.02257134201764,-6.062299369449393,0.4
4FGL J0755.6+1855 ,202.37771006848638,22.373947822874786,0.4
4FGL J0755.9-0515 ,225.18089296201748,11.785359358240195,0.4
4FGL J0756.3-6431 ,277.22950091467726,-17.736839876236736,0.4
4FGL J0756.6-7723 ,289.7764032349213,-22.97996696579508,0.4
4FGL J0757.1-3729 ,253.17177670118014,-4.468249907265968,0.4
4FGL J0757.1+0956 ,211.30931375837375,19.066584498257196,0.4
4FGL J0757.9+7304 ,141.85240987874863,30.68648057984614,0.4
4FGL J0757.9-1514 ,234.19327705489854,7.230206099733514,0.4
4FGL J0758.1+1134 ,209.8670669712209,19.977984623220543,0.4
4FGL J0758.7+3746 ,182.70145216722807,28.88167117304269,0.4
4FGL J0758.8-1450 ,233.95619654778343,7.613156216064253,0.4
4FGL J0758.9+2703 ,194.31094620978743,25.93925241287203,0.4
4FGL J0759.6+1321 ,208.2807739664963,21.047289322882722,0.4
4FGL J0759.9+0005 ,220.85071057441039,15.242360188612857,0.4
4FGL J0800.1-5531 ,269.2028356007787,-13.125261763182856,0.4
4FGL J0800.3+5611 ,161.59348301762344,31.70142259562447,0.4
4FGL J0800.4-2257 ,241.13905107549954,3.7375639797303353,0.4
4FGL J0800.5+3715 ,183.3736455507429,29.111371534614097,0.4
4FGL J0800.7-1059 ,230.85432079680837,9.989529617518437,0.4
4FGL J0800.9+0733 ,214.02026446694057,18.86050338375342,0.4
4FGL J0800.9-0825 ,228.6064543485541,11.306644544778209,0.4
4FGL J0800.9+4401 ,175.75556957168996,30.537244539762813,0.4
4FGL J0801.0-0618 ,226.7665507856719,12.389890725906461,0.4
4FGL J0801.1+1335 ,208.22480437031768,21.474273175164242,0.4
4FGL J0801.1+6444 ,151.5315962033367,31.746630002768285,0.4
4FGL J0801.3+6631 ,149.4318074072138,31.646391678392607,0.4
4FGL J0802.0+1006 ,211.70083467284667,20.223409458844586,0.4
4FGL J0802.1-5612 ,269.9489344583885,-13.209602130693476,0.4
4FGL J0802.3-0942 ,229.92486741897716,10.952676205445467,0.4
4FGL J0803.0+2439 ,197.1769168504925,26.022393026367933,0.4
4FGL J0803.2-2522 ,243.5430357365471,3.007796421902753,0.4
4FGL J0803.2-0337 ,224.6283644315785,14.192386904648469,0.4
4FGL J0803.5-5145c,266.11605374328263,-10.81626974218327,0.4
4FGL J0803.5+2046 ,201.26338530764346,24.78620035304209,0.4
4FGL J0804.0-3629 ,253.03349286349135,-2.7660606028303802,0.4
4FGL J0804.5+0414 ,217.5680541844187,18.179788145356927,0.4
4FGL J0804.9-0624 ,227.33052274673534,13.173616884081273,0.4
4FGL J0805.0+6746 ,147.94793866863733,31.89292370252917,0.4
4FGL J0805.1+7744 ,136.42805792976165,30.352486074640606,0.4
4FGL J0805.2-0110 ,222.6572407870925,15.787420023759127,0.4
4FGL J0805.3-7425 ,287.0725427573408,-21.318834716935008,0.4
4FGL J0805.4+6147 ,154.98193201994044,32.36321202695354,0.4
4FGL J0805.4+7534 ,138.89278201379258,30.794523928977252,0.4
4FGL J0805.8-2331 ,242.28821474125118,4.4892825578671145,0.4
4FGL J0805.9+3834 ,182.16645562100766,30.43548924508413,0.4
4FGL J0806.1-0458 ,226.2113097985289,14.145668656402979,0.4
4FGL J0806.5+4503 ,174.72897984506025,31.670910170533702,0.4
4FGL J0806.5+5930 ,157.67772546614657,32.573460441129626,0.4
4FGL J0806.8+5659 ,160.67382849944562,32.61853599377537,0.4
4FGL J0806.9-2151 ,240.9956705342079,5.600534513151922,0.4
4FGL J0807.0-6102 ,274.6157062491362,-15.034657742461453,0.4
4FGL J0807.1-0541 ,226.96510512893636,14.004566115010812,0.4
4FGL J0807.2+3312 ,188.2530881863084,29.441614978313833,0.4
4FGL J0807.2-7630 ,289.1570858774513,-22.08291071589923,0.4
4FGL J0807.3-1954 ,239.39606941255678,6.707062078187621,0.4
4FGL J0807.7-1206 ,232.7117125819229,10.880389572463116,0.4
4FGL J0808.2-0751 ,229.04432800164483,13.161611888784199,0.4
4FGL J0808.3-5121 ,266.15258181289045,-9.972218675515828,0.4
4FGL J0808.5+4950 ,169.17316321802343,32.541055166354,0.4
4FGL J0809.3+4053 ,179.65294676117804,31.517900038706646,0.4
4FGL J0809.3+3121 ,190.450144599327,29.39407368083251,0.4
4FGL J0809.5-4714 ,262.7227976409872,-7.640033940777486,0.4
4FGL J0809.5+5341 ,164.61053357756785,32.92436413163998,0.4
4FGL J0809.6+3455 ,186.48223140085136,30.35641122213723,0.4
4FGL J0809.8+0507 ,217.36238552383725,19.757652689572723,0.4
4FGL J0809.8+5218 ,166.24755575814612,32.914418788302925,0.4
4FGL J0809.9-7028 ,283.4443139104489,-19.257864451568896,0.4
4FGL J0810.0-0505 ,226.81283422685468,14.924627547986415,0.4
4FGL J0810.5+6139 ,155.107883557026,32.97897896498797,0.4
4FGL J0810.9-4926 ,264.7215505605912,-8.609600480435478,0.4
4FGL J0811.0-7529 ,288.27760702878317,-21.44624906491383,0.4
4FGL J0811.0-5636 ,270.94350794620584,-12.352125331350052,0.4
4FGL J0811.4+0146 ,220.71138506575286,18.566111853510314,0.4
4FGL J0811.9+7847 ,135.16240575345694,30.455230888452775,0.4
4FGL J0812.0+0237 ,219.98898162527158,19.097090642641497,0.4
4FGL J0812.3+1143 ,211.28343047517586,23.212154548461434,0.4
4FGL J0812.5+0711 ,215.72421108115904,21.298096212548785,0.4
4FGL J0812.6+2821 ,193.9734693641484,29.22585394593097,0.4
4FGL J0812.8+6507 ,150.9628759985335,32.950427495805464,0.4
4FGL J0812.9+5555 ,161.9573165349889,33.46249558549636,0.4
4FGL J0813.1-5049 ,266.10227486375993,-9.048005661210247,0.4
4FGL J0813.4+2531 ,197.10968482614317,28.537091839516787,0.4
4FGL J0813.7-0356 ,226.2517324132142,16.29276479376579,0.4
4FGL J0813.9+0124 ,221.3641967170743,18.936985745511556,0.4
4FGL J0814.2-1013 ,231.89947412818594,13.21434119934063,0.4
4FGL J0814.4+6926 ,145.86145180173932,32.52500959166422,0.4
4FGL J0814.4+2941 ,192.6387639374211,29.98447102489959,0.4
4FGL J0814.5-2642 ,246.0236882197464,4.416623174033411,0.4
4FGL J0814.6+6430 ,151.67547153300768,33.20612399685335,0.4
4FGL J0815.5+6554 ,150.00767723454524,33.13357082517076,0.4
4FGL J0815.6+3641 ,184.7758419034499,31.922406651566767,0.4
4FGL J0815.9+2951 ,192.54320014533525,30.33908476896128,0.4
4FGL J0816.0-2342 ,243.7044538191519,6.358603374374206,0.4
4FGL J0816.1+4909 ,170.0822052598528,33.71881594625067,0.4
4FGL J0816.3+5739 ,159.85096195332636,33.89916137962017,0.4
4FGL J0816.4-1311 ,234.7964446084841,12.121344788456286,0.4
4FGL J0816.4-0007 ,223.10651453819082,18.770308077595132,0.4
4FGL J0816.7-2420 ,244.32906482213338,6.143419138037991,0.4
4FGL J0816.9+2050 ,202.41963067183002,27.73396687585693,0.4
4FGL J0817.1+1955 ,203.4097134890167,27.44845967631956,0.4
4FGL J0817.7-5258c,268.3316771803117,-9.613654124839229,0.4
4FGL J0817.8+3243 ,189.44738743930395,31.48232242395541,0.4
4FGL J0817.8-0934 ,231.82269702732563,14.32305811771512,0.4
4FGL J0818.2+4222 ,178.22352268398473,33.39542314146846,0.4
4FGL J0818.4+2816 ,194.49015571891945,30.425301271991383,0.4
4FGL J0818.7+3153 ,190.45438035177287,31.462662080592477,0.4
4FGL J0818.8+3229 ,189.77173846691073,31.618704600503566,0.4
4FGL J0819.0+2746 ,195.0876444654289,30.414971484937727,0.4
4FGL J0819.4-0756 ,230.5799090935011,15.490136978358697,0.4
4FGL J0819.4+4035 ,180.3771205778219,33.354181321212565,0.4
4FGL J0819.5-3439 ,253.23625558010656,0.8743969278660172,0.4
4FGL J0820.1-2801 ,247.82701383267255,4.723239601193212,0.4
4FGL J0820.3+3639 ,185.0362342667878,32.84489053604448,0.4
4FGL J0820.6-0318 ,226.56201465809644,18.104236480207476,0.4
4FGL J0820.7-5758 ,272.84102682064486,-11.969206286419759,0.4
4FGL J0820.9+2353 ,199.50971165156452,29.6242999317689,0.4
4FGL J0820.9-1258 ,235.20422843765786,13.173173046297176,0.4
4FGL J0821.0-0651 ,229.82173197060433,16.401147794077332,0.4
4FGL J0821.1+1007 ,213.86564646799604,24.495054663725767,0.4
4FGL J0821.5-1436 ,236.6991421675528,12.420672527013178,0.4
4FGL J0822.1-4253e,260.3090638297587,-3.3742665939945606,0.4
4FGL J0822.4-2630 ,246.85344499479046,6.005755139549657,0.4
4FGL J0822.8-4207 ,259.75731364478276,-2.8364328861489034,0.4
4FGL J0822.9+0538 ,218.46796102495517,22.897964650854767,0.4
4FGL J0823.1-6330 ,277.7971111887979,-14.675176043067172,0.4
4FGL J0823.1+4042 ,180.37425837914634,34.0801707237715,0.4
4FGL J0823.3+2224 ,201.3339553076049,29.677357352576564,0.4
4FGL J0823.7-4838 ,265.22101484651716,-6.410408531670486,0.4
4FGL J0824.1-6004 ,274.8967250526081,-12.73433182440531,0.4
4FGL J0824.4+2440 ,198.9476755211654,30.634630296102895,0.4
4FGL J0824.7-1035 ,233.63993410929203,15.223643290538266,0.4
4FGL J0824.7+5552 ,161.95428820057728,35.11795552379523,0.4
4FGL J0824.9+3915 ,182.16730342203073,34.192594405466814,0.4
4FGL J0825.6-5216c,268.4104584097107,-8.217881106627697,0.4
4FGL J0825.8+0309 ,221.20894741485301,22.389634414849027,0.4
4FGL J0825.9-3218 ,252.06565583895636,3.3067943595789617,0.4
4FGL J0825.9-2230 ,243.9846020610774,8.925702272184907,0.4
4FGL J0826.0-0157 ,226.04726867594604,19.963024986239837,0.4
4FGL J0826.1-5053 ,267.3068072587435,-7.3856896457601655,0.4
4FGL J0826.2-2344 ,245.05136209317226,8.279659995303588,0.4
4FGL J0826.4-6404 ,278.5003534794006,-14.673641640315937,0.4
4FGL J0827.0-0708 ,230.8899943739524,17.523929345331958,0.4
4FGL J0827.0-4111c,259.4371782858954,-1.6513581600024483,0.4
4FGL J0827.6-0059 ,225.36038958344903,20.7703080778281,0.4
4FGL J0827.6-3735 ,256.5795663995802,0.5316007483610685,0.4
4FGL J0827.8+5221 ,166.2575094428592,35.66354092350447,0.4
4FGL J0828.0+5659 ,160.56699590974847,35.50272932184143,0.4
4FGL J0828.0+2307 ,200.96199146513678,30.933651722796725,0.4
4FGL J0828.3+4152 ,179.11661415859655,35.19269220259932,0.4
4FGL J0828.4-4444 ,262.4717832708673,-3.51597703128963,0.4
4FGL J0828.6-0747 ,231.689462079233,17.529586946218206,0.4
4FGL J0828.7-2422 ,245.8989984799288,8.376819026972159,0.4
4FGL J0829.0+1755 ,206.7033948072647,29.363344822852728,0.4
4FGL J0829.3+3729 ,184.44431615702342,34.75334725340578,0.4
4FGL J0829.4+0857 ,216.00072767980666,25.815580453361385,0.4
4FGL J0829.4+4019 ,181.04195541327576,35.19957775327166,0.4
4FGL J0829.6-1140 ,235.2629833051747,15.664081894162546,0.4
4FGL J0829.7+5105 ,167.80944496710796,35.964008973448095,0.4
4FGL J0829.7-5856 ,274.32584094434463,-11.515563443529944,0.4
4FGL J0830.0+5231 ,166.04009959821119,35.99592870560305,0.4
4FGL J0830.1-5454c,270.98152524907005,-9.178831013871719,0.4
4FGL J0830.1-0946 ,233.65228644218672,16.790149811126238,0.4
4FGL J0830.5-4451 ,262.79969704577786,-3.279606588835696,0.4
4FGL J0830.8+2410 ,200.02821979136812,31.859256440157598,0.4
4FGL J0831.4+2631 ,197.42659752524642,32.707436255659466,0.4
4FGL J0831.5+1747 ,207.09423947002347,29.855447628037172,0.4
4FGL J0831.8+0429 ,220.70347554834368,24.34897885345643,0.4
4FGL J0832.2-4322c,261.7672855158446,-2.1546018578248614,0.4
4FGL J0832.2+2753 ,195.9178962392535,33.25721315489211,0.4
4FGL J0832.4+4912 ,170.1496435831796,36.38654051725983,0.4
4FGL J0833.0+3300 ,189.97314867122796,34.650326819457085,0.4
4FGL J0833.3-4342c,262.1653351873524,-2.1988081630052276,0.4
4FGL J0833.4-0458 ,229.80408258561286,20.01629258436158,0.4
4FGL J0833.8-4400 ,262.45569091217493,-2.3072495639557316,0.4
4FGL J0833.9+4223 ,178.614865622954,36.271569990673385,0.4
4FGL J0834.3-4542e,263.87336606429756,-3.2328444360727433,0.4
4FGL J0834.6+4402 ,176.58506809944768,36.5491657653464,0.4
4FGL J0835.0+6243 ,153.44050569569447,35.6974812121465,0.4
4FGL J0835.2-2243 ,245.40899327351576,10.546102334810413,0.4
4FGL J0835.3-4510 ,263.5537104760401,-2.7877204306739776,0.4
4FGL J0835.7+0936 ,216.10212403527177,27.51868409203096,0.4
4FGL J0835.8+1517 ,210.20451345595276,29.866673828973628,0.4
4FGL J0835.9-2120 ,244.35847602370265,11.481655369006866,0.4
4FGL J0836.0-8015 ,293.46570619756017,-22.522025516734516,0.4
4FGL J0836.0-5458 ,271.536830583329,-8.517890781736606,0.4
4FGL J0836.2+2141 ,203.26448693001552,32.24661566586763,0.4
4FGL J0836.5-2026 ,243.68978375473645,12.111401220684385,0.4
4FGL J0836.6-6036 ,276.2241070428341,-11.749918482203515,0.4
4FGL J0836.9+5833 ,158.49649473548993,36.5342180726084,0.4
4FGL J0837.3+1458 ,210.7200123586479,30.081184656093864,0.4
4FGL J0837.4+2454 ,199.7491516396774,33.52453792434519,0.4
4FGL J0837.8-4048c,260.34840649686987,0.21484410756159733,0.4
4FGL J0838.4-3952 ,259.6687739938609,0.8665907614228756,0.4
4FGL J0838.5+4013 ,181.42083989222422,36.907314488026934,0.4
4FGL J0838.7-3359 ,255.00941638613847,4.476650529036317,0.4
4FGL J0838.7-2827 ,250.57239511521448,7.80959173092467,0.4
4FGL J0838.9-2502 ,247.8087221771742,9.873265011078344,0.4
4FGL J0839.4+1803 ,207.6010993359845,31.711047451484752,0.4
4FGL J0839.6-8341 ,296.77757103817913,-24.12614777917384,0.4
4FGL J0839.7+3540 ,187.08401403059483,36.509183851148606,0.4
4FGL J0839.8+0105 ,225.03266712687568,24.46045610904082,0.4
4FGL J0840.1-0225 ,228.39570783030874,22.75640648988183,0.4
4FGL J0840.5-4122c,261.10626291238674,0.2715588638834311,0.4
4FGL J0840.6-3130 ,253.2760207825185,6.3006028623993835,0.4
4FGL J0840.8+1317 ,212.89352191079678,30.192158721765928,0.4
4FGL J0840.9-7044 ,285.0855658791821,-17.189673680959785,0.4
4FGL J0841.0-2744 ,250.30283410667633,8.640254709601459,0.4
4FGL J0841.3-3554 ,256.86616574534963,3.7415903353575133,0.4
4FGL J0841.3+7053 ,143.5492395152965,34.42446189950285,0.4
4FGL J0842.3-6053 ,276.88215121941226,-11.355018466690606,0.4
4FGL J0842.5+0251 ,223.67798110915885,25.912513277589003,0.4
4FGL J0842.7+6656 ,148.14411911960357,35.61234708383743,0.4
4FGL J0843.0-0853 ,234.68775756264415,19.94984676578697,0.4
4FGL J0843.1+5034 ,168.4096033890129,38.093700284940795,0.4
4FGL J0843.3+6712 ,147.80280429357146,35.60180486383311,0.4
4FGL J0843.7-6933 ,284.2013488221404,-16.313102533585468,0.4
4FGL J0843.9-4224c,262.2986763511511,0.12569886616461776,0.4
4FGL J0844.1-4330 ,263.19237860611065,-0.5289729993802388,0.4
4FGL J0844.2+5312 ,165.04856520079656,38.094672439172705,0.4
4FGL J0844.5+3035 ,193.53866548959326,36.51493437284055,0.4
4FGL J0844.9-4117 ,261.55130380659625,0.9727121706377209,0.4
4FGL J0844.9-5458 ,272.31410980729476,-7.499678591152218,0.4
4FGL J0845.1-2716 ,250.46793620219466,9.648367165705,0.4
4FGL J0845.4+0442 ,222.24390713759104,27.424822383872158,0.4
4FGL J0845.7-5556 ,273.1625102413956,-8.010026623549537,0.4
4FGL J0845.9+6822 ,146.34931436537966,35.51954294408588,0.4
4FGL J0846.5-2609 ,249.77509325937254,10.578573719483664,0.4
4FGL J0846.6-4747 ,266.81809675423483,-2.842488179258873,0.4
4FGL J0846.9+4608 ,174.06038207055934,38.791920383558576,0.4
4FGL J0847.0-2336 ,247.77411981985247,12.204956154741733,0.4
4FGL J0847.1-5954 ,276.4356664066601,-10.292159192222355,0.4
4FGL J0847.2+1134 ,215.45414718782206,30.898804870707792,0.4
4FGL J0847.8-4138 ,262.15028209826573,1.1709054893952635,0.4
4FGL J0847.9-0702 ,233.7413199504552,21.97023784528822,0.4
4FGL J0848.0-0524 ,232.2649614848783,22.859106324370995,0.4
4FGL J0848.2-4527 ,265.1785120023217,-1.1691766574055857,0.4
4FGL J0848.7+0508 ,222.26088284338292,28.355441965348533,0.4
4FGL J0848.7-6942 ,284.59709159045343,-16.056567698184935,0.4
4FGL J0848.7+7017 ,144.01357685731358,35.18617190372498,0.4
4FGL J0848.8-4328 ,263.6940066446183,0.16362523690693104,0.4
4FGL J0848.9+0205 ,225.3111915496325,26.93099103612234,0.4
4FGL J0849.0-2702 ,250.8214138983161,10.475694230107836,0.4
4FGL J0849.1+6607 ,148.92721069078013,36.434243476439704,0.4
4FGL J0849.2-4410c,264.294037032648,-0.22205696861296095,0.4
4FGL J0849.4-2911 ,252.59116021482222,9.215625193274908,0.4
4FGL J0849.5+0456 ,222.56150808196037,28.440590275138092,0.4
4FGL J0849.5+2710 ,197.99491412915074,36.75449242539336,0.4
4FGL J0849.6-5836 ,275.5960187890136,-9.2403222078377,0.4
4FGL J0849.8-3541 ,257.7615472313145,5.218646864866005,0.4
4FGL J0850.0+4855 ,170.46540945806532,39.273113799327504,0.4
4FGL J0850.0+5108 ,167.6050444355788,39.148312934982464,0.4
4FGL J0850.1-1212 ,238.64764381889628,19.528654327598446,0.4
4FGL J0850.3-4448 ,264.90076868123407,-0.4648636306718902,0.4
4FGL J0850.4-2558 ,250.17261398285962,11.386073445058114,0.4
4FGL J0850.5+3455 ,188.45865236565749,38.56951727450228,0.4
4FGL J0850.8-4239 ,263.30221361325744,0.9605151048277255,0.4
4FGL J0851.1-1806 ,243.8216474145592,16.27297219970495,0.4
4FGL J0851.2-4737 ,267.17268798767617,-2.142824693219848,0.4
4FGL J0851.5+5528 ,162.021694411176,38.90528002779402,0.4
4FGL J0851.9-4620e,266.26008398482935,-1.232302733554749,0.4
4FGL J0851.9-5229 ,271.0174459823081,-5.148826038137991,0.4
4FGL J0851.9+4845 ,170.66087889825297,39.5993008343367,0.4
4FGL J0852.2-7208 ,286.8215560687211,-17.26638621229386,0.4
4FGL J0852.2+2834 ,196.47456433173443,37.68575477046123,0.4
4FGL J0852.5-5755 ,275.31125960419513,-8.517976308335156,0.4
4FGL J0852.5-2515 ,249.89146387412507,12.20568903095304,0.4
4FGL J0852.5-3123 ,254.77513164968136,8.370995841523511,0.4
4FGL J0852.9-3824 ,260.2719133547017,3.9888044445637885,0.4
4FGL J0853.1-3657 ,259.1784577231394,4.939515887371769,0.4
4FGL J0853.1-4407 ,264.69805719391127,0.3519547122826086,0.4
4FGL J0853.2-4218c,263.30728138168007,1.525871450377954,0.4
4FGL J0853.6-4306 ,263.97553791989606,1.071757553346292,0.4
4FGL J0853.9-5501 ,273.1724916171295,-6.532936389865937,0.4
4FGL J0854.0+2753 ,197.44174355597647,37.90534467288469,0.4
4FGL J0854.3+4408 ,176.65297022109092,40.08757190987665,0.4
4FGL J0854.8-4504 ,265.60713245207586,-0.03379035245309547,0.4
4FGL J0854.8+2006 ,206.80487936960208,35.82642296866332,0.4
4FGL J0854.9-4426 ,265.13856553803004,0.3867155236529048,0.4
4FGL J0855.0+0720 ,220.85693398165657,30.77308549526368,0.4
4FGL J0855.0-6026 ,277.4935816376397,-9.854094860695275,0.4
4FGL J0855.4-0714 ,235.03064353996007,23.409860673871936,0.4
4FGL J0855.9+7144 ,142.10590471871097,35.24819050766044,0.4
4FGL J0856.0-4724c,267.52867184228745,-1.3823718572129333,0.4
4FGL J0856.2-0810 ,235.9853361700129,23.039715080580738,0.4
4FGL J0856.4-5309 ,271.9699197132921,-5.050695509431645,0.4
4FGL J0856.6-1105 ,238.65258377523026,21.473302701167793,0.4
4FGL J0856.8+2056 ,206.02212183770888,36.535920347715255,0.4
4FGL J0856.8+8559 ,126.84819766277023,29.158441283000627,0.4
4FGL J0857.0-4353c,264.9660225642772,1.0319489448591268,0.4
4FGL J0857.4+6615 ,148.45293258851467,37.202154583281654,0.4
4FGL J0857.7+0137 ,226.99706840834264,28.598561465385323,0.4
4FGL J0857.7-4256c,264.33409337710304,1.7517216616909694,0.4
4FGL J0857.9-1949 ,246.25898839944165,16.530556524256653,0.4
4FGL J0858.0-3130 ,255.60423586441135,9.196126631515432,0.4
4FGL J0858.1+1405 ,214.00659718248244,34.362631152993856,0.4
4FGL J0858.3-5355 ,272.73507053144215,-5.332135623675156,0.4
4FGL J0858.4-4615c,266.92347235365384,-0.3244444705794755,0.4
4FGL J0859.2-4729 ,267.93741037508715,-1.0268992044730254,0.4
4FGL J0859.2+0047 ,228.04553786795626,28.50890182801029,0.4
4FGL J0859.3-4342 ,265.0962706739883,1.4603146544596963,0.4
4FGL J0859.4+6218 ,153.18929411549823,38.53445097284657,0.4
4FGL J0859.4+8345 ,129.06444252806713,30.30387203633992,0.4
4FGL J0859.8+0053 ,228.0148602442451,28.683046451625355,0.4
4FGL J0859.8-4530c,266.509891041133,0.35569852633924404,0.4
4FGL J0900.1-4402c,265.4489271656508,1.3592437507641422,0.4
4FGL J0900.2-4608 ,267.02724626980313,-0.010827377375625714,0.4
4FGL J0900.2-2549 ,251.46813287870185,13.19689152223329,0.4
4FGL J0900.5-4434c,265.900104573024,1.0582827187947828,0.4
4FGL J0900.6-7408 ,288.8822014011614,-17.978145449228027,0.4
4FGL J0900.7-1243 ,240.68296477919014,21.3271840127449,0.4
4FGL J0901.1-4456c,266.24204453360915,0.8921541780435207,0.4
4FGL J0901.2+6742 ,146.58290089301866,37.08923786481046,0.4
4FGL J0901.3-4848c,269.1720461294868,-1.623947335200889,0.4
4FGL J0901.4+4542 ,174.5832534588329,41.330744710124776,0.4
4FGL J0901.5+6711 ,147.1823442125645,37.28911454801322,0.4
4FGL J0902.4+6440 ,150.1622155967828,38.178739215053355,0.4
4FGL J0902.4+2051 ,206.67243016234482,37.75767355415939,0.4
4FGL J0902.5-4727 ,268.2835611301034,-0.5796160930324793,0.4
4FGL J0902.5-4801 ,268.71268608222186,-0.953340873607178,0.4
4FGL J0902.8-4633 ,267.64612151513546,0.048537322973875446,0.4
4FGL J0903.1+4652 ,173.017506477331,41.574138648442855,0.4
4FGL J0903.5+2847 ,196.92071895968888,40.151265351953995,0.4
4FGL J0903.5+4057 ,180.92275545442934,41.709337690301474,0.4
4FGL J0903.6-5025 ,270.6253310279615,-2.4259003365739864,0.4
4FGL J0903.9-2735 ,253.398467530046,12.693494478444252,0.4
4FGL J0904.0+2724 ,198.71857446580262,39.93567609765025,0.4
4FGL J0904.5-3513 ,259.36048514226417,7.809422991684463,0.4
4FGL J0904.6+5200 ,166.16028107906857,41.30653540442738,0.4
4FGL J0904.6+4238 ,178.66390718440383,41.94138438186523,0.4
4FGL J0904.7-4908c,269.78376082214174,-1.4360995814095412,0.4
4FGL J0904.9-5734 ,276.1189308196591,-7.035807071396124,0.4
4FGL J0905.6+1358 ,215.02545159609195,35.96761927269828,0.4
4FGL J0906.0-6627 ,282.9955458881849,-12.763390330960029,0.4
4FGL J0906.1-1011 ,239.32050049305872,23.89155979704095,0.4
4FGL J0906.2-5337 ,273.2728261697444,-4.261846900611567,0.4
4FGL J0906.2-1707 ,245.30296503945465,19.742209472817354,0.4
4FGL J0906.3-0905 ,238.3686397532891,24.57208730547843,0.4
4FGL J0906.7+4950 ,168.9682349997054,41.91743575549638,0.4
4FGL J0906.8-2122 ,248.87866600121865,17.18262772807103,0.4
4FGL J0907.1+0856 ,220.78061497908743,34.170602937126446,0.4
4FGL J0907.6-0606 ,235.85972175310042,26.55586471087712,0.4
4FGL J0907.8-1002 ,239.45283217602372,24.309883239613217,0.4
4FGL J0908.5-8751 ,300.97200547741124,-25.91255231589349,0.4
4FGL J0908.7-4911 ,270.26130575636444,-0.9874315194028974,0.4
4FGL J0908.9+2311 ,204.39731379447738,39.907353141264686,0.4
4FGL J0909.1+6647 ,147.34525528146773,38.12356463811002,0.4
4FGL J0909.1+0121 ,228.9515482916237,30.92651377393961,0.4
4FGL J0909.6+0159 ,228.39023881499796,31.361761187277377,0.4
4FGL J0909.7-0230 ,232.82601762947883,28.993938898383302,0.4
4FGL J0909.7+3104 ,194.29542477215745,41.92027602349812,0.4
4FGL J0910.0+4257 ,178.2341079809935,42.92401999852936,0.4
4FGL J0910.1-1816 ,246.8593653604787,19.746799411466437,0.4
4FGL J0910.3-4816c,269.7655742976282,-0.15982136239453834,0.4
4FGL J0910.6+3329 ,191.118802691116,42.46375366154963,0.4
4FGL J0910.6+2247 ,205.04425588347908,40.17369472186484,0.4
4FGL J0910.8+3859 ,183.65288252534404,43.01470034935038,0.4
4FGL J0910.9+6055 ,154.41067256714177,40.22834627209185,0.4
4FGL J0911.0-5047 ,271.68605816331234,-1.8086190168444292,0.4
4FGL J0911.6-4738c,269.45778847083204,0.4297095117726987,0.4
4FGL J0911.7+3349 ,190.7224757766649,42.743673355968454,0.4
4FGL J0912.0-1539 ,244.97847484292225,21.73749037133486,0.4
4FGL J0912.1-6449 ,282.1736872481027,-11.215279672868192,0.4
4FGL J0912.2+4127 ,180.29431963113885,43.340783485670926,0.4
4FGL J0912.2+3004 ,195.75318086085704,42.254976887872374,0.4
4FGL J0912.2-2751 ,254.8364341533673,13.920073125377932,0.4
4FGL J0912.2+2800 ,198.47578285161802,41.850729879758624,0.4
4FGL J0912.4-3257 ,258.7462711356933,10.534363116730532,0.4
4FGL J0912.5+1556 ,213.5815801861237,38.27480425345231,0.4
4FGL J0912.9-2102 ,249.56615229381023,18.484379498875285,0.4
4FGL J0913.3+8133 ,131.008951158805,31.791464713584713,0.4
4FGL J0913.7+1540 ,214.01768250287384,38.43567805563583,0.4
4FGL J0913.9+1732 ,211.83615503058294,39.18168906207198,0.4
4FGL J0914.1-0202 ,233.0581284017874,30.177393294034975,0.4
4FGL J0914.4+0249 ,228.25699085862954,32.81368340757371,0.4
4FGL J0914.5+6845 ,144.7906849573325,37.85030864817543,0.4
4FGL J0914.8+5846 ,156.9538936913921,41.30825072302063,0.4
4FGL J0915.1-3738 ,262.6073484849526,7.761121098220137,0.4
4FGL J0915.4-3027 ,257.3146608011667,12.702410299995558,0.4
4FGL J0915.9+2933 ,196.6587129463954,42.94938864931294,0.4
4FGL J0916.2-5823 ,277.7435115024591,-6.481332195580681,0.4
4FGL J0916.4+1204 ,218.53993497286862,37.58889746551642,0.4
4FGL J0916.7+3856 ,183.78759764788748,44.162870302919195,0.4
4FGL J0916.7+5238 ,164.8967646469197,43.029992187325874,0.4
4FGL J0916.9+7756 ,134.61452996736188,33.796447750326166,0.4
4FGL J0917.1-2131 ,250.6255878104086,18.921065100949043,0.4
4FGL J0917.3-0342 ,235.16350401217827,29.9012931100851,0.4
4FGL J0917.9-4755 ,270.3923778066432,0.9867864948224636,0.4
4FGL J0918.5+3516 ,188.9381869947084,44.300472849895364,0.4
4FGL J0918.9-0625 ,237.9694443667181,28.66332396362514,0.4
4FGL J0918.9-4904c,271.325211530668,0.31078294255412964,0.4
4FGL J0919.3+6607 ,147.63335224161162,39.31993609310814,0.4
4FGL J0919.3-2202 ,251.40644959281693,18.974628503452493,0.4
4FGL J0919.5-6203 ,280.69566282603364,-8.727071734133851,0.4
4FGL J0920.2-3835 ,264.0091421582898,7.8247991763479074,0.4
4FGL J0920.3-0443 ,236.64016772682567,29.943312223848356,0.4
4FGL J0920.9+4441 ,175.7005336543828,44.805220303254,0.4
4FGL J0920.9-2256 ,252.36893311544605,18.64656923315763,0.4
4FGL J0921.2-8211 ,296.2374010902634,-22.21929328652735,0.4
4FGL J0921.6+6216 ,152.18867800990938,40.999069650187536,0.4
4FGL J0921.7-6317 ,281.76891176087156,-9.400668855623282,0.4
4FGL J0921.7+2336 ,204.97685465151733,42.844688522864935,0.4
4FGL J0922.3+0644 ,225.3360859717819,36.46556167791978,0.4
4FGL J0922.4-0528 ,237.6806950436941,29.928006370207964,0.4
4FGL J0922.6+4454 ,175.36315365152203,45.09117349273086,0.4
4FGL J0922.6+0434 ,227.6987722783174,35.46644415601129,0.4
4FGL J0922.6-2116 ,251.33403062096005,20.058959256132454,0.4
4FGL J0922.7-3959 ,265.34616614171847,7.19389757508349,0.4
4FGL J0923.5+3852 ,183.9358318897868,45.47977235040263,0.4
4FGL J0923.5+4210 ,179.22938432000575,45.44001962789133,0.4
4FGL J0923.5+4125 ,180.29335434935913,45.46904745547447,0.4
4FGL J0924.0+2816 ,198.86385277398838,44.436880425731765,0.4
4FGL J0924.0+0534 ,226.84945085703995,36.27547684603218,0.4
4FGL J0924.1-5202c,274.0149711394432,-1.2133878119372334,0.4
4FGL J0925.7+5959 ,154.82180654532945,42.253541330120754,0.4
4FGL J0925.7+3126 ,194.54288532130164,45.352040852091555,0.4
4FGL J0926.1-5336 ,275.3272243492932,-2.1269088530300717,0.4
4FGL J0926.4+5412 ,162.3483943517551,44.07503867538534,0.4
4FGL J0927.2+2454 ,203.69638914508846,44.39427868598246,0.4
4FGL J0928.1-2035 ,251.706091065103,21.468882825485686,0.4
4FGL J0928.2-3048 ,259.52041863878367,14.45680344010545,0.4
4FGL J0928.3+7444 ,137.5241473215651,36.014162479808476,0.4
4FGL J0928.3-2713 ,256.8642686614441,16.977947537685647,0.4
4FGL J0928.4-5256 ,275.10102105202196,-1.4034217437872964,0.4
4FGL J0928.4-0415 ,237.54910480172353,31.86083652987095,0.4
4FGL J0928.5+3916 ,183.36459089320465,46.45903761010617,0.4
4FGL J0928.5+4048 ,181.13331522292674,46.42991371271677,0.4
4FGL J0928.7-2541 ,255.77365301495678,18.094367743979173,0.4
4FGL J0928.7-3529 ,262.99019186590414,11.219150372913205,0.4
4FGL J0929.2+7302 ,139.2969052454237,36.94772315897656,0.4
4FGL J0929.3+5014 ,167.64749974975786,45.42655867996731,0.4
4FGL J0929.3-4110 ,267.0883793134579,7.2139767585406,0.4
4FGL J0929.3-2414 ,254.76065192305936,19.18657708214166,0.4
4FGL J0929.6+4621 ,173.11902932043026,46.14093354426127,0.4
4FGL J0930.1-5059c,273.95904522998586,0.19206073377892802,0.4
4FGL J0930.3+8612 ,126.28734345898535,29.516199706852216,0.4
4FGL J0930.5+4951 ,168.11973709294895,45.691163183836075,0.4
4FGL J0930.5+5132 ,165.76929311850608,45.330412769431234,0.4
4FGL J0930.7+3502 ,189.55854679658233,46.756159941110575,0.4
4FGL J0930.9-3030 ,259.71168603531095,15.074710048798158,0.4
4FGL J0930.9-1015 ,243.50913399114805,28.708013802076035,0.4
4FGL J0930.9+0033 ,233.22706174534906,35.11019175717079,0.4
4FGL J0931.2-8533 ,299.20311654883795,-24.229608614280146,0.4
4FGL J0931.2-1906 ,251.0494656894761,23.00477725557784,0.4
4FGL J0931.4-3559 ,263.73979337288546,11.231120473990345,0.4
4FGL J0931.9+6737 ,145.19631415432562,39.792713698195065,0.4
4FGL J0932.1+3634 ,187.31579051325255,47.115815302361526,0.4
4FGL J0932.6+5306 ,163.51164309039328,45.256088778450255,0.4
4FGL J0932.7+1041 ,222.39206308444753,40.57711766362318,0.4
4FGL J0932.8+3337 ,191.65752019374722,47.08852155860323,0.4
4FGL J0933.5-0013 ,234.44581076675917,35.202214526019674,0.4
4FGL J0933.5-5240 ,275.4908184036448,-0.680660426097332,0.4
4FGL J0933.8-6232 ,282.2436400144119,-7.907417666580902,0.4
4FGL J0934.3+3926 ,183.10497461983215,47.571695894061584,0.4
4FGL J0934.5-1720 ,250.16816574925934,24.76279224885235,0.4
4FGL J0934.5+7223 ,139.73365724741666,37.62068831638238,0.4
4FGL J0935.3-1736 ,250.52810489932517,24.723250144502252,0.4
4FGL J0935.3+0901 ,224.71836457377435,40.38401693290769,0.4
4FGL J0935.4-6911 ,286.97746600108417,-12.635931689966771,0.4
4FGL J0935.5+1152 ,221.38270148744473,41.72772425866327,0.4
4FGL J0936.3-2111 ,253.58066926873664,22.459455491915232,0.4
4FGL J0936.5+1847 ,212.76925674368385,44.6455287390575,0.4
4FGL J0937.0-2044 ,253.33663416206412,22.892590862499354,0.4
4FGL J0937.1+5008 ,167.37883401393157,46.67756098871112,0.4
4FGL J0937.6-3358 ,263.26071467080783,13.574519397918829,0.4
4FGL J0937.9-1434 ,248.4775849216929,27.21591887033482,0.4
4FGL J0938.8+5155 ,164.78170385242925,46.486704196681494,0.4
4FGL J0938.9-6403 ,283.6952229416063,-8.62755301557178,0.4
4FGL J0939.3-1732 ,251.19312288439676,25.475957445037928,0.4
4FGL J0940.0-2828 ,259.70891876835793,17.91176633126853,0.4
4FGL J0940.3-7610 ,292.2482854270051,-17.449456445745223,0.4
4FGL J0940.4+6148 ,151.5881264570565,43.20492264610619,0.4
4FGL J0940.5-5253 ,276.42356522283444,-0.13557388448986082,0.4
4FGL J0940.7-6105 ,281.8523173771808,-6.282381698299872,0.4
4FGL J0940.9-1335 ,248.20734302793656,28.425112679837177,0.4
4FGL J0941.1-5429 ,277.533987492368,-1.2839399761967005,0.4
4FGL J0941.7+4125 ,180.0120371706959,48.87883372724732,0.4
4FGL J0941.9+2724 ,201.20244128108612,48.163429973783764,0.4
4FGL J0942.1-5215 ,276.1965511533729,0.49770162705425675,0.4
4FGL J0942.3+2842 ,199.30609492678428,48.46994861651275,0.4
4FGL J0942.3-3530 ,265.0509518308196,13.104750561130762,0.4
4FGL J0942.3-0800 ,243.53991664146147,32.30620174102939,0.4
4FGL J0942.5+7620 ,135.28877919903002,35.86357060950835,0.4
4FGL J0942.7-2028 ,254.14509193723273,24.036483030255816,0.4
4FGL J0943.6+4207 ,178.9065798619862,49.153731643109985,0.4
4FGL J0943.7+6137 ,151.6037798876225,43.63403942710839,0.4
4FGL J0944.2+5557 ,158.86714380713684,45.96528601182969,0.4
4FGL J0944.3-0911 ,244.9921216675565,31.93227408477823,0.4
4FGL J0944.6+5729 ,156.8033019841914,45.44951876594347,0.4
4FGL J0944.7-5124 ,275.9386471307407,1.4039006650362071,0.4
4FGL J0945.2-3658 ,266.5113297421092,12.39577322072992,0.4
4FGL J0945.2+5200 ,164.25072743195093,47.40635541904326,0.4
4FGL J0945.5+4635 ,172.07633193243686,48.802629951685525,0.4
4FGL J0945.7+5759 ,156.08190555344154,45.38439107771111,0.4
4FGL J0946.0+4735 ,170.58681743489694,48.681519971302805,0.4
4FGL J0946.0-5447 ,278.27522814553583,-1.050009602162739,0.4
4FGL J0946.2+0104 ,235.36609103839174,38.56282240436278,0.4
4FGL J0946.6+1016 ,224.99549780766353,43.431550721087056,0.4
4FGL J0946.7+0548 ,230.27413833887218,41.25752512554613,0.4
4FGL J0947.0-3548 ,265.9853704365985,13.51275435033048,0.4
4FGL J0947.1-2541 ,258.87199809672023,21.02291122830553,0.4
4FGL J0947.6+2215 ,209.16879025893692,48.189775925010764,0.4
4FGL J0947.8-4234 ,270.6109332705418,8.497749581899447,0.4
4FGL J0947.9+1121 ,223.86573124005537,44.21894775573593,0.4
4FGL J0948.0-3859 ,268.2885863246499,11.23664892029354,0.4
4FGL J0948.6-0338 ,240.60447964601036,36.26443271467971,0.4
4FGL J0948.9+0022 ,236.59575233621155,38.716579570090445,0.4
4FGL J0949.0+4038 ,181.02900108666321,50.3104634176476,0.4
4FGL J0949.2+1749 ,215.5866013137564,47.138036779985796,0.4
4FGL J0949.7+5819 ,155.32838360004823,45.72942612709686,0.4
4FGL J0949.8+7551 ,135.4243828866594,36.498731904095784,0.4
4FGL J0950.2-1623 ,252.2656616042776,28.147785217199264,0.4
4FGL J0950.2+0615 ,230.36030207096957,42.22089593083229,0.4
4FGL J0950.2+4553 ,172.89343211082314,49.74513484814295,0.4
4FGL J0951.4+2019 ,212.3504531671952,48.476312608948994,0.4
4FGL J0951.5-3433 ,265.85898248584476,15.06836241792374,0.4
4FGL J0951.8-3711 ,267.6660215883551,13.087939810955788,0.4
4FGL J0951.8-5944 ,282.03346671673546,-4.377613762976484,0.4
4FGL J0952.1+3932 ,182.67830562364765,51.00434554687506,0.4
4FGL J0952.1-0607 ,243.66718406179368,35.38638083093624,0.4
4FGL J0952.2+7503 ,136.1032745709888,37.115628605463876,0.4
4FGL J0952.3-4342 ,271.98556162641717,8.14317944910581,0.4
4FGL J0952.5-3902 ,268.99615014458317,11.756015101872265,0.4
4FGL J0952.6-5048 ,276.5112053745188,2.6531409757499147,0.4
4FGL J0952.8+0712 ,229.70587157314466,43.275396475866025,0.4
4FGL J0952.9+1351 ,221.44650756567364,46.41385228982983,0.4
4FGL J0953.0-0840 ,246.18585531472365,33.90086320973827,0.4
4FGL J0953.1-3005 ,263.07044213499955,18.64846343563753,0.4
4FGL J0953.4-7659 ,293.4101886712095,-17.5416533112354,0.4
4FGL J0953.6-1509 ,251.9031860163998,29.60278244903202,0.4
4FGL J0953.8-3200 ,264.51896200440683,17.315089260658883,0.4
4FGL J0954.2+4913 ,167.63967774825832,49.575060060954456,0.4
4FGL J0954.2-2520 ,259.8927604593991,22.372097433352906,0.4
4FGL J0955.1+3551 ,188.52312184120638,51.747574072605055,0.4
4FGL J0955.2+4725 ,170.25527725281552,50.22987803888156,0.4
4FGL J0955.2+0835 ,228.47387350644075,44.483491365534505,0.4
4FGL J0955.3-3949 ,269.93343385081346,11.513520026764063,0.4
4FGL J0955.4-6151 ,283.7072392992783,-5.742351470986273,0.4
4FGL J0955.7+6940 ,141.42867067572172,40.56825704718403,0.4
4FGL J0955.8-4106 ,270.8288537211475,10.560398478243341,0.4
4FGL J0956.0+3936 ,182.46303975839308,51.736230712018596,0.4
4FGL J0956.5-0958 ,248.04165193714516,33.6781243161323,0.4
4FGL J0956.7+2516 ,205.45914376325666,50.95954386254405,0.4
4FGL J0957.3-3851 ,269.614506270705,12.489832306373996,0.4
4FGL J0957.3-1348 ,251.51411224201726,31.18035533487321,0.4
4FGL J0957.6+5523 ,158.59468876925735,47.93139993763728,0.4
4FGL J0957.6-3051 ,264.38512952366955,18.707705327238315,0.4
4FGL J0957.7-3510 ,267.27553825306984,15.403557698539801,0.4
4FGL J0957.8+3423 ,190.90189123665735,52.30415047102804,0.4
4FGL J0958.0+4728 ,170.00184627256672,50.66966693621969,0.4
4FGL J0958.0-0319 ,242.1103779865071,38.28988950220038,0.4
4FGL J0958.0+3222 ,194.21823782422834,52.26485788578163,0.4
4FGL J0958.1-6753 ,287.7168782126263,-10.300622469236588,0.4
4FGL J0958.3-2656 ,261.7777451178145,21.78887607938387,0.4
4FGL J0958.4+5042 ,165.14915267761683,49.76635120381806,0.4
4FGL J0958.4-2441 ,260.1802043170706,23.486316120208542,0.4
4FGL J0958.6-0522 ,244.23900666964977,37.098153742441085,0.4
4FGL J0958.7+6534 ,145.74551572858223,43.127733354529006,0.4
4FGL J0958.8+7039 ,140.1813406519578,40.18784375731024,0.4
4FGL J0959.1-6441 ,285.8002078016085,-7.7209663809650015,0.4
4FGL J0959.1+5719 ,155.8576594094906,47.29360718756162,0.4
4FGL J0959.2-7535 ,292.737580525742,-16.24145672403879,0.4
4FGL J0959.4+2120 ,211.73345954398073,50.56422500432274,0.4
4FGL J0959.6+4606 ,171.97631253081997,51.28689741071613,0.4
4FGL J1000.0-5312e,278.87828323386253,1.4710630875870663,0.4
4FGL J1000.5-5709c,281.340472898701,-1.635711998658487,0.4
4FGL J1000.7-4248 ,272.62433843233765,9.793856671158236,0.4
4FGL J1001.1+2911 ,199.5182797905461,52.619488042574275,0.4
4FGL J1001.3-2040 ,257.7534881667302,26.914907261022996,0.4
4FGL J1001.8+7628 ,134.26222444841974,36.65717792619453,0.4
4FGL J1002.3-2810 ,263.3644953678787,21.42082623103467,0.4
4FGL J1002.3-1200 ,250.99969202842533,33.32505330467258,0.4
4FGL J1002.5+2215 ,210.66922520683607,51.51708279583313,0.4
4FGL J1002.7+1218 ,225.01746471380093,47.86405288999581,0.4
4FGL J1002.8+2140 ,211.60581055074687,51.404679187390485,0.4
4FGL J1002.9-2937 ,264.45987511047133,20.38862628829735,0.4
4FGL J1003.2-5737c,281.90546792352495,-1.782322637718154,0.4
4FGL J1003.4+0205 ,237.53924373219112,42.65604333597568,0.4
4FGL J1003.6-2137 ,258.9258772777433,26.5656800768209,0.4
4FGL J1003.6+2605 ,204.68902274009577,52.658956444030736,0.4
4FGL J1003.7+7049 ,139.6844352766525,40.40927258925337,0.4
4FGL J1005.5-5708c,281.86100458006075,-1.2154791705164836,0.4
4FGL J1006.5+6440 ,146.13242833689264,44.30222115024438,0.4
4FGL J1006.5-5626c,281.5718544902967,-0.5651739497824951,0.4
4FGL J1006.7-2159 ,259.8019291515379,26.775117275550432,0.4
4FGL J1006.8-5007 ,277.90416446423137,4.569137933272536,0.4
4FGL J1006.9-2806 ,264.16630601481245,22.12937905333364,0.4
4FGL J1007.0+3455 ,190.0276652520786,54.187541465349206,0.4
4FGL J1007.6+4253 ,176.58426996964457,53.39628724900406,0.4
4FGL J1007.6-3332 ,267.88807390841976,17.957363399485,0.4
4FGL J1007.8-4514 ,275.1309264581506,8.622253493681242,0.4
4FGL J1008.0+0620 ,233.53989470459746,46.01619687032545,0.4
4FGL J1008.0+0028 ,240.23288315913007,42.618391158509034,0.4
4FGL J1008.1+4706 ,169.7695153368097,52.41406094221703,0.4
4FGL J1008.1-5706c,282.13482151881203,-0.9761773883336708,0.4
4FGL J1008.2-1000 ,250.49252674678846,35.74724533750833,0.4
4FGL J1008.7-4659 ,276.30733338299723,7.304894652118905,0.4
4FGL J1008.7-2909 ,265.2108246954516,21.557773970615244,0.4
4FGL J1008.8-3139 ,266.8735870128763,19.59470313690552,0.4
4FGL J1009.5-0034 ,241.66160891858152,42.2489957760001,0.4
4FGL J1010.0+1416 ,223.53766842419773,50.335798221939235,0.4
4FGL J1010.2+8251 ,128.395654266769,32.464609072790985,0.4
4FGL J1010.2-3119 ,266.9129569409793,20.054926232333678,0.4
4FGL J1010.8-0158 ,243.39531095129985,41.60861233899544,0.4
4FGL J1011.1-2300 ,261.4090362909083,26.656283854868022,0.4
4FGL J1011.1-4420 ,275.0956510000829,9.692400541952322,0.4
4FGL J1011.3-0427 ,245.98099734615718,40.08529540209678,0.4
4FGL J1011.4-5729c,282.71995230703834,-1.039502448119285,0.4
4FGL J1011.6+3600 ,188.08164372342722,55.07934526377841,0.4
4FGL J1012.1-4235 ,274.209956102605,11.230154789276588,0.4
4FGL J1012.3-1232 ,253.53695342765346,34.647045602240986,0.4
4FGL J1012.3+0629 ,234.20431977247438,46.98501694561713,0.4
4FGL J1012.7+4228 ,176.91704550037147,54.41019480228354,0.4
4FGL J1012.7+2439 ,207.7720473527199,54.38237580623722,0.4
4FGL J1013.1-4628 ,276.63173772449613,8.156189182828749,0.4
4FGL J1013.3-2551 ,263.8327168926322,24.76370635440785,0.4
4FGL J1013.4-4006 ,272.93288779240777,13.38840747043983,0.4
4FGL J1013.7+3444 ,190.28832854662713,55.57748952449943,0.4
4FGL J1014.3+4112 ,178.96916997765507,54.96106539106123,0.4
4FGL J1014.6+6126 ,149.18478934912028,46.906172705136434,0.4
4FGL J1014.7+3210 ,194.8384816466329,55.770912866437165,0.4
4FGL J1014.8+2257 ,210.8182847882592,54.431573332055045,0.4
4FGL J1014.8-0537 ,247.88575884820006,39.960061374321285,0.4
4FGL J1014.9-4508 ,276.1120043034025,9.423984806893047,0.4
4FGL J1015.0+4926 ,165.53344236681554,52.71268990920144,0.4
4FGL J1015.1-6353 ,286.7268498595088,-6.0457707135673715,0.4
4FGL J1015.5-6030 ,284.8662091727212,-3.218108655623128,0.4
4FGL J1015.6+5553 ,156.16714371376392,49.96816449700867,0.4
4FGL J1016.0+0512 ,236.52623640683657,47.02472445115017,0.4
4FGL J1016.1-4247 ,274.93220122593266,11.488272544418516,0.4
4FGL J1016.2-5729c,283.25350192640127,-0.6828029633045911,0.4
4FGL J1016.3-5857 ,284.08527439433,-1.8823155096218234,0.4
4FGL J1016.4+7703 ,133.02078141912222,36.85790676133734,0.4
4FGL J1016.5-2650 ,265.12454075794665,24.43508816508418,0.4
4FGL J1016.8-0606 ,248.77928704458716,39.982968459772515,0.4
4FGL J1017.2-1549 ,257.2752276767888,33.04913212082312,0.4
4FGL J1017.3+5204 ,161.34250301378293,51.97382861327844,0.4
4FGL J1017.4+2538 ,206.4840422229777,55.61806131057347,0.4
4FGL J1017.4+5956 ,150.70986785982117,48.033751960007066,0.4
4FGL J1017.8+0715 ,234.3818900424329,48.56104202084316,0.4
4FGL J1018.1-4051 ,274.1255874103692,13.2891466323587,0.4
4FGL J1018.1+1905 ,217.51247384558337,54.006163406660164,0.4
4FGL J1018.1-2705 ,265.6098147263199,24.457580088927642,0.4
4FGL J1018.2+0145 ,240.9945674173968,45.40170493796713,0.4
4FGL J1018.3-3124 ,268.43701411818404,21.02668463772708,0.4
4FGL J1018.3-0703 ,250.0269575013877,39.59979080264297,0.4
4FGL J1018.4+3540 ,188.5221959185557,56.47698315542123,0.4
4FGL J1018.4+0528 ,236.72376385033843,47.67026720465989,0.4
4FGL J1018.4+2210 ,212.51039588290715,55.0252020472235,0.4
4FGL J1018.6+3126 ,196.20616139296055,56.56614946412192,0.4
4FGL J1018.8+5913 ,151.46463765299043,48.57699421933377,0.4
4FGL J1018.9+1043 ,230.0472347984583,50.60859484281676,0.4
4FGL J1018.9-5856 ,284.3546128702149,-1.6848713415949947,0.4
4FGL J1019.3+5625 ,155.04594269370148,50.14885774650869,0.4
4FGL J1019.7+6321 ,146.42971856922588,46.251133666369064,0.4
4FGL J1019.7+0511 ,237.3407507222733,47.772267504379826,0.4
4FGL J1019.8-5749 ,283.8418213585941,-0.6872763642293702,0.4
4FGL J1020.4-5508 ,282.44556124212147,1.6004207008511953,0.4
4FGL J1020.4-5314 ,281.4100079451956,3.1978423912346834,0.4
4FGL J1020.7-3920 ,273.6602884776593,14.824052578865496,0.4
4FGL J1021.1+1626 ,222.13769105957243,53.666543224210145,0.4
4FGL J1021.3+3805 ,184.05501873126212,56.81363467435569,0.4
4FGL J1021.4+8021 ,130.0514803638511,34.60213517333204,0.4
4FGL J1021.8-6348 ,287.3071126914104,-5.575057273448673,0.4
4FGL J1021.8-6308 ,286.9498114086363,-5.01415542043969,0.4
4FGL J1021.9+5123 ,161.83953818118638,52.91282021884412,0.4
4FGL J1022.1-1818 ,260.2352517574924,31.924841631293567,0.4
4FGL J1022.4-4231 ,275.76750351447885,12.356557845203003,0.4
4FGL J1022.7-0112 ,245.23678254147012,44.37673615416397,0.4
4FGL J1023.0-5745 ,284.16767563724716,-0.39784026872129113,0.4
4FGL J1023.1+3949 ,180.82222226099998,56.86718937620221,0.4
4FGL J1023.2+2859 ,200.8412672334263,57.392350190324876,0.4
4FGL J1023.3-5747e,284.2092245277287,-0.4104198645207603,0.4
4FGL J1023.7+0038 ,243.48004556785367,45.78247168659258,0.4
4FGL J1023.8+3002 ,198.892641994892,57.606882069043074,0.4
4FGL J1023.8-4335 ,276.5867766193356,11.601470877708062,0.4
4FGL J1023.9-3236 ,270.2212579735797,20.741679753678117,0.4
4FGL J1024.5-0719 ,251.6659856815577,40.49244119721518,0.4
4FGL J1024.5-5329 ,282.0553214598712,3.313430531338079,0.4
4FGL J1024.5-4543 ,277.87322722187275,9.875006501223051,0.4
4FGL J1024.8+2332 ,210.82175019098693,56.798335208324275,0.4
4FGL J1025.9+1244 ,228.56237867818925,53.07284124154935,0.4
4FGL J1026.2-5731 ,284.40523303292724,0.02228892598624632,0.4
4FGL J1026.9+0608 ,237.73897957681496,49.775451493713184,0.4
4FGL J1026.9-1749 ,260.92459166485736,33.01699407519973,0.4
4FGL J1027.0-8542 ,300.1786118203645,-23.640285779027483,0.4
4FGL J1027.2+7427 ,134.6775144038234,39.21074252324611,0.4
4FGL J1027.4-6324 ,287.6208214920001,-4.892112099025716,0.4
4FGL J1027.6+6317 ,145.69107929245726,46.980600319541615,0.4
4FGL J1027.6+1828 ,219.89763765852183,55.888064392690936,0.4
4FGL J1027.6+8251 ,127.91087466608225,32.81993973566415,0.4
4FGL J1027.9+0252 ,241.92489433881647,48.000478142019944,0.4
4FGL J1028.1-3550 ,272.90483262473197,18.535784634496572,0.4
4FGL J1028.3+3108 ,196.92076739894662,58.6235589146392,0.4
4FGL J1028.4-1539 ,259.6039052045173,34.91793290016889,0.4
4FGL J1028.4-0234 ,248.01667036649786,44.51658624816392,0.4
4FGL J1028.5-5819 ,285.07063550027283,-0.49183642791149523,0.4
4FGL J1028.7-6431c,288.3309576159159,-5.784096684313023,0.4
4FGL J1029.3-6657 ,289.6603603702003,-7.818795861226235,0.4
4FGL J1029.4-0828 ,253.8726463725449,40.506707118927466,0.4
4FGL J1029.9+7335 ,135.25827890821427,39.97379942036677,0.4
4FGL J1030.2-8403 ,299.2264573453427,-22.23019407771909,0.4
4FGL J1030.4-3001 ,269.8726168618233,23.645251845758764,0.4
4FGL J1030.6-2028 ,263.6637180145661,31.45233233331904,0.4
4FGL J1030.7+6118 ,147.6155118867323,48.52257784237762,0.4
4FGL J1031.1+7442 ,134.21206162785055,39.19920347156162,0.4
4FGL J1031.3+5053 ,161.4432180328794,54.45396412779508,0.4
4FGL J1031.4-4448 ,278.41835103606354,11.307303204822862,0.4
4FGL J1031.6+6019 ,148.68155446985105,49.23386287650638,0.4
4FGL J1031.8-2609 ,267.73026964283895,27.00333661931204,0.4
4FGL J1032.0+5725 ,152.22126261961617,51.03510589810396,0.4
4FGL J1032.3-1358 ,259.1998062777578,36.81243456470544,0.4
4FGL J1032.6+3737 ,184.27432926705364,59.09231214958513,0.4
4FGL J1032.7+6624 ,141.82183573467654,45.3010426580497,0.4
4FGL J1033.1+4115 ,177.39563689940576,58.37627485544646,0.4
4FGL J1033.5-5035 ,281.72332283007404,6.518636300573931,0.4
4FGL J1033.5+4221 ,175.36748992379822,58.14502877332989,0.4
4FGL J1033.7+3708 ,185.14012036168356,59.3715321521522,0.4
4FGL J1033.9+6050 ,147.7782896405966,49.116495895261146,0.4
4FGL J1034.0-2547 ,267.9565041520553,27.59160872202243,0.4
4FGL J1034.7-4645 ,279.9386874464328,9.928070597406697,0.4
4FGL J1035.1-0608 ,253.12334377761334,43.1660827045917,0.4
4FGL J1035.3-2050 ,264.9498986064058,31.80568146451867,0.4
4FGL J1035.3+5541 ,154.05332812838054,52.41032157104714,0.4
4FGL J1035.4-6720 ,290.37200274796294,-7.844165681957401,0.4
4FGL J1035.6+4409 ,171.8921561156722,57.927500083597266,0.4
4FGL J1035.9-3108 ,271.62577926669024,23.36447294626789,0.4
4FGL J1036.2+2202 ,214.84480031199678,58.9343633012235,0.4
4FGL J1036.2+5701 ,152.1896705662412,51.719944043653584,0.4
4FGL J1036.2-5936 ,286.57943874553666,-1.095526095759796,0.4
4FGL J1036.3-5833e,286.08101952196074,-0.1814904509008935,0.4
4FGL J1036.5-7434c,294.1798186867323,-14.047633522346587,0.4
4FGL J1036.5-1809 ,263.33966262758673,34.14882857198415,0.4
4FGL J1036.5+1231 ,231.05289592288196,55.243923443483034,0.4
4FGL J1036.5-8318 ,298.94847171178907,-21.510080003471856,0.4
4FGL J1036.6-4349 ,278.70814870187587,12.615109875209571,0.4
4FGL J1036.6-3741 ,275.45965479126744,17.894224312057847,0.4
4FGL J1037.0-1954 ,264.6964693877525,32.81053595256505,0.4
4FGL J1037.4-2933 ,270.9775081594469,24.873551054619966,0.4
4FGL J1037.7-2822 ,270.32855338286214,25.893952476958397,0.4
4FGL J1037.7+5711 ,151.78268800611275,51.78443089280627,0.4
4FGL J1037.8-5810c,286.06105581647824,0.24389589226330324,0.4
4FGL J1038.2-2425 ,267.9722627609581,29.25807812639896,0.4
4FGL J1038.5+3926 ,180.31858475007962,59.84100676087166,0.4
4FGL J1038.8-5848c,286.48022268135395,-0.24301680595811356,0.4
4FGL J1038.8-5312 ,283.75013316157117,4.6544264327392355,0.4
4FGL J1039.2+3258 ,193.23775384953734,60.92869229747509,0.4
4FGL J1039.2-2848 ,270.9084074657747,25.722676280918343,0.4
4FGL J1039.6+0535 ,241.44825010747562,51.971990388842016,0.4
4FGL J1039.7-1540 ,262.24795747115303,36.589235037246134,0.4
4FGL J1039.9+7326 ,134.67437255239875,40.55073662689992,0.4
4FGL J1040.5+0947 ,235.97182860003025,54.621584486126764,0.4
4FGL J1040.5+0617 ,240.79346673043236,52.58608996810031,0.4
4FGL J1041.0+1342 ,230.1625515365182,56.776197669030985,0.4
4FGL J1041.1-1201 ,259.76692118471493,39.6791382441824,0.4
4FGL J1041.3-6437 ,289.55104976871144,-5.180244711669979,0.4
4FGL J1041.5+0607 ,241.2336470518181,52.67076442963896,0.4
4FGL J1041.7+3902 ,180.78750092767228,60.543893128933185,0.4
4FGL J1041.9-0557 ,254.6740998142619,44.44693489568786,0.4
4FGL J1042.1-4128 ,278.4161566387503,15.158084094151981,0.4
4FGL J1042.9+0054 ,247.90545521782389,49.53236940274361,0.4
4FGL J1043.0+5316 ,156.31331662777205,54.718027120554204,0.4
4FGL J1043.2+2408 ,211.58257099617367,61.0254966212304,0.4
4FGL J1043.4-0623 ,255.4916809153545,44.379667043498664,0.4
4FGL J1043.6+0654 ,240.7391415109569,53.553243964500425,0.4
4FGL J1044.4-5737 ,286.57005285969075,1.156336815483844,0.4
4FGL J1044.5-1439 ,262.6490451596997,38.09111519286892,0.4
4FGL J1044.6+8053 ,128.7406202222614,34.755738201155935,0.4
4FGL J1045.1-5940 ,287.60138943715293,-0.6245647383380494,0.4
4FGL J1045.3+2751 ,204.06577497190108,62.107695354182866,0.4
4FGL J1045.7-6414 ,289.7926462197926,-4.627213744567041,0.4
4FGL J1045.8-2928 ,272.6593297217779,25.910539083315932,0.4
4FGL J1045.9+7538 ,132.4977939833245,39.057742514183076,0.4
4FGL J1045.9-2331 ,269.11298512492255,30.979793980513058,0.4
4FGL J1046.0+5448 ,153.7221219408718,54.16234648347189,0.4
4FGL J1046.7-6010 ,288.00612679642234,-0.9672116735752881,0.4
4FGL J1046.8-2534 ,270.5598430071772,29.350191278435844,0.4
4FGL J1047.2-5517 ,285.817965371751,3.3960605787347453,0.4
4FGL J1047.2+6740 ,139.11755967858244,45.35563856469428,0.4
4FGL J1047.4+0031 ,249.53319249372905,50.08366261766326,0.4
4FGL J1047.5-6532 ,290.5690131123718,-5.685726237430719,0.4
4FGL J1047.7+7238 ,134.74862779971792,41.52924674536026,0.4
4FGL J1047.8-6216 ,289.09332911123005,-2.7707506838810025,0.4
4FGL J1047.9+0055 ,249.2370614432681,50.454036119660145,0.4
4FGL J1047.9-3738 ,277.476014583508,19.047536383760377,0.4
4FGL J1047.9-4642 ,281.92804522216466,11.059572346564751,0.4
4FGL J1048.0-1912 ,266.7643218263303,34.84968922897291,0.4
4FGL J1048.2-5832 ,287.43011641356225,0.5739922401269392,0.4
4FGL J1048.4-5030 ,283.7761731000487,7.726621357297308,0.4
4FGL J1048.4+7143 ,135.44550720343412,42.281540619953404,0.4
4FGL J1048.5-5923 ,287.8545984116887,-0.16667121178047842,0.4
4FGL J1048.5-4114 ,279.3920262420917,15.942677662726506,0.4
4FGL J1048.6+2340 ,213.13654036574943,62.134298011620245,0.4
4FGL J1049.5+1548 ,228.47331978827154,59.57380823256052,0.4
4FGL J1049.6-0153 ,252.75373292717748,48.755264587494224,0.4
4FGL J1049.7+5011 ,159.83634022352874,57.31414927422348,0.4
4FGL J1049.8+2741 ,204.6498539676306,63.07313614331498,0.4
4FGL J1049.8+1429 ,230.8345875026527,59.01861398032845,0.4
4FGL J1049.9-3658 ,277.506667537836,19.824029094702507,0.4
4FGL J1050.1+0432 ,245.54997825000254,53.319225277601916,0.4
4FGL J1050.6+2027 ,219.9637665124488,61.65433799878925,0.4
4FGL J1050.6-5248 ,285.14099959295044,5.839405051533855,0.4
4FGL J1051.2-6517 ,290.80335822855477,-5.297579060046609,0.4
4FGL J1051.4-3139 ,275.0034744839234,24.631390210839076,0.4
4FGL J1051.4+3942 ,178.36702392919685,62.16659818533736,0.4
4FGL J1051.6+3253 ,193.07030184587427,63.52966212768151,0.4
4FGL J1051.6+2109 ,218.71150493519443,62.10219482692828,0.4
4FGL J1051.9+0103 ,250.19230737269714,51.26906842183383,0.4
4FGL J1052.3+0818 ,241.08474005639397,56.12642298777277,0.4
4FGL J1052.9-3743 ,278.43542773083004,19.447870251952786,0.4
4FGL J1053.3-1134 ,262.5261667303991,41.848713425627,0.4
4FGL J1053.7+4930 ,160.2263976752163,58.22085600921622,0.4
4FGL J1053.9+8628 ,124.93250748773262,30.188138030717692,0.4
4FGL J1054.0-5938 ,288.5878310118489,-0.07847082872158508,0.4
4FGL J1054.2+3926 ,178.59449281787968,62.757320565805756,0.4
4FGL J1054.5+2211 ,217.0168865907839,63.04310380759477,0.4
4FGL J1054.7-6008c,288.8825696719364,-0.49147463038285466,0.4
4FGL J1055.5-0125 ,253.94121275995207,50.084162764575154,0.4
4FGL J1055.6-0719 ,259.60847951075175,45.5865711025621,0.4
4FGL J1055.7+1033 ,238.67206854071603,58.13055560227518,0.4
4FGL J1055.7-6028 ,289.1407905561188,-0.7361115609181764,0.4
4FGL J1055.7-1807 ,267.93096634073584,36.770575853246136,0.4
4FGL J1055.9+6507 ,140.55164388684634,47.85132246050478,0.4
4FGL J1056.0+0253 ,249.2210704606289,53.27371550379096,0.4
4FGL J1056.2-6323 ,290.44619804665155,-3.34478238143157,0.4
4FGL J1056.3+1350 ,233.4667751751188,60.066813596302275,0.4
4FGL J1056.8+7012 ,135.9606484236548,43.91292418166905,0.4
4FGL J1056.9-5852 ,288.59718201885977,0.7676909625978404,0.4
4FGL J1057.2+5510 ,151.45813654544912,55.16125007817422,0.4
4FGL J1057.3-2341 ,271.822353014967,32.20274806794531,0.4
4FGL J1057.6-4051 ,280.80300170263814,17.069020643261446,0.4
4FGL J1057.8-2754 ,274.32722997306803,28.58446670987033,0.4
4FGL J1057.8-0100 ,254.16028164588673,50.78553566806224,0.4
4FGL J1057.9-5227 ,285.9868791577539,6.646351448800126,0.4
4FGL J1058.0+4305 ,170.67403560803447,62.070751846677496,0.4
4FGL J1058.3+2134 ,218.9104524441772,63.71512011306803,0.4
4FGL J1058.4-6625 ,291.9615596855984,-5.994654392262566,0.4
4FGL J1058.4+0133 ,251.51395034800598,52.77281928796942,0.4
4FGL J1058.5+8115 ,127.95362400908508,34.743180811428736,0.4
4FGL J1058.6+2817 ,203.66629394604976,65.05489750284384,0.4
4FGL J1058.6-8003 ,298.00563834603554,-18.28874682565661,0.4
4FGL J1058.6+5627 ,149.59544621426033,54.43242385412068,0.4
4FGL J1058.9-6101 ,289.7324887995519,-1.0710030213463888,0.4
4FGL J1059.2-1134 ,264.1186368441817,42.68675221249762,0.4
4FGL J1059.4+2148 ,218.57031301538004,64.01834798026152,0.4
4FGL J1059.4+0226 ,250.78244166878972,53.570931997539454,0.4
4FGL J1059.5+2057 ,220.4469086667974,63.771356821830125,0.4
4FGL J1059.5-6021 ,289.5229695764104,-0.4387527600593418,0.4
4FGL J1100.0-2044 ,270.6839364127083,35.06019784006046,0.4
4FGL J1100.3+4020 ,175.84195710758587,63.563025519605134,0.4
4FGL J1101.3+7017 ,135.4488469035037,44.05908178221063,0.4
4FGL J1101.4+4108 ,173.98109752408388,63.451448847504274,0.4
4FGL J1101.5+3904 ,178.36444097590058,64.20964108024403,0.4
4FGL J1101.6-4358 ,282.8806829406811,14.58781926962771,0.4
4FGL J1102.0-6054 ,290.02431083418463,-0.8094468924697786,0.4
4FGL J1102.1+2249 ,216.72777865894537,64.92410252340454,0.4
4FGL J1102.1+1318 ,235.90772549231232,60.99164195193386,0.4
4FGL J1102.3+6715 ,137.86129440825331,46.58357023774455,0.4
4FGL J1102.4+0246 ,251.29851764073044,54.338195887780465,0.4
4FGL J1102.6+5251 ,153.63711672778513,57.29805422238101,0.4
4FGL J1102.8-0148 ,256.47729426835133,50.99214491793476,0.4
4FGL J1102.9-5628 ,288.32562421890555,3.28644047252231,0.4
4FGL J1102.9+3014 ,199.00398817987733,66.06317450786759,0.4
4FGL J1103.0-2447 ,273.78232522319087,31.877326114300892,0.4
4FGL J1103.0+1157 ,238.44915843245778,60.42240068527672,0.4
4FGL J1103.2+8603 ,125.01073104548857,30.61965025720301,0.4
4FGL J1103.6-2329 ,273.1941886830453,33.077142194846765,0.4
4FGL J1103.9-5357 ,287.42798117557527,5.638282314559894,0.4
4FGL J1104.0+2611 ,209.02261769682696,66.0288511078185,0.4
4FGL J1104.0+0020 ,254.58510322298628,52.82058087095149,0.4
4FGL J1104.4+0730 ,245.72183531409152,57.948435888801164,0.4
4FGL J1104.4+3812 ,179.8329229450946,65.03570480611023,0.4
4FGL J1104.9-6037 ,290.2347554553808,-0.41123525124927657,0.4
4FGL J1104.9+5748 ,146.93876017469805,54.07373605425894,0.4
4FGL J1105.1-2600 ,274.9497746293297,31.031292868713926,0.4
4FGL J1105.3-0626 ,261.65813519185883,47.74298125034001,0.4
4FGL J1105.4-6108 ,290.4997755677725,-0.8623325066459193,0.4
4FGL J1105.7+6037 ,143.71297303066908,52.03144941526719,0.4
4FGL J1105.8+3944 ,176.2199008392389,64.7548259238497,0.4
4FGL J1105.8-0731 ,262.7457601958492,46.93850137679917,0.4
4FGL J1106.0+2813 ,204.08090634315138,66.6782577974416,0.4
4FGL J1106.2+7303 ,132.93783491041046,41.97110076267569,0.4
4FGL J1106.2-1048 ,265.5053898509234,44.28761017404674,0.4
4FGL J1106.4+0859 ,244.17467024958634,59.28676943543611,0.4
4FGL J1106.5-3646 ,280.5649256124521,21.500525149326556,0.4
4FGL J1106.7+3623 ,183.69153081308733,65.99281828191323,0.4
4FGL J1106.7-1742 ,270.488309254253,38.476679827241284,0.4
4FGL J1107.0-4449 ,284.168810733456,14.20464336796185,0.4
4FGL J1107.6+0222 ,253.38776882997433,54.92458293173597,0.4
4FGL J1107.7-3042 ,277.9604992212562,27.07938267463297,0.4
4FGL J1107.8+1501 ,234.34188345471736,63.056814337721775,0.4
4FGL J1108.7-1844 ,271.6541899041795,37.81059775790385,0.4
4FGL J1108.8-6833 ,293.7547209068272,-7.539571151084207,0.4
4FGL J1109.1-4853 ,286.14529746755426,10.61121149781568,0.4
4FGL J1109.3+2411 ,214.48445712553035,66.85271718186117,0.4
4FGL J1109.4-6115e,290.98464246396446,-0.7756139141311914,0.4
4FGL J1109.6+3735 ,180.47412183192301,66.19829259388615,0.4
4FGL J1109.7-4814 ,285.9889415046013,11.253745100999147,0.4
4FGL J1109.8+4406 ,166.51961737681873,63.46534619161845,0.4
4FGL J1110.2+7135 ,133.63407289374004,43.377602627242595,0.4
4FGL J1110.3-6501 ,292.5192659048218,-4.209887981993132,0.4
4FGL J1110.4-8023 ,298.6334744215629,-18.379906299415655,0.4
4FGL J1110.5-1836 ,272.0400123523333,38.14098448809307,0.4
4FGL J1111.0+3542 ,184.77578099540273,67.01815407984358,0.4
4FGL J1111.1-3231 ,279.5618459179652,25.75492370777996,0.4
4FGL J1111.4+0137 ,255.47101422357034,55.002935319707504,0.4
4FGL J1111.4-4624 ,285.5252544239127,13.05197636307974,0.4
4FGL J1111.5+3455 ,186.68777619007142,67.29274553481666,0.4
4FGL J1111.8-6039 ,291.02701947057045,-0.10992669136306353,0.4
4FGL J1111.8+4858 ,157.56010764647107,60.91467479394297,0.4
4FGL J1112.0+2607 ,209.8296607261292,67.80165582307055,0.4
4FGL J1112.1-6108 ,291.2353879241579,-0.5381702786236723,0.4
4FGL J1112.2-6055 ,291.1699096664603,-0.3315741564470468,0.4
4FGL J1112.4+1751 ,229.87127757718116,65.38496690358853,0.4
4FGL J1112.5+3448 ,186.87873434651027,67.53532700542797,0.4
4FGL J1113.6-1920 ,273.2862019997936,37.84084515271389,0.4
4FGL J1113.8+1528 ,235.1509712304967,64.52715544918408,0.4
4FGL J1113.9+5523 ,148.1884457733069,56.69029902005133,0.4
4FGL J1114.2+0638 ,250.11439510833532,59.139033931501864,0.4
4FGL J1114.5-0819 ,266.01737606291454,47.48643771421323,0.4
4FGL J1114.6+1225 ,241.15258217200622,62.9827807857404,0.4
4FGL J1114.7-0248 ,261.23921360220135,52.06764832013588,0.4
4FGL J1115.1-6118 ,291.6333155448024,-0.56804558859713,0.4
4FGL J1115.2-0703 ,265.1939072173787,48.63331334472102,0.4
4FGL J1115.9+1407 ,238.42112817484207,64.22932555271753,0.4
4FGL J1116.3+1818 ,229.8919696214908,66.42179047834868,0.4
4FGL J1116.3-4000 ,283.8389281571448,19.31662160130416,0.4
4FGL J1116.6+2915 ,201.5293712675702,69.0418440394253,0.4
4FGL J1117.0+2013 ,225.5951938951185,67.3658767522795,0.4
4FGL J1117.2+0008 ,259.0608330935934,54.780690860238,0.4
4FGL J1117.2-5337 ,289.13382538231,6.703430969958792,0.4
4FGL J1117.5-4839 ,287.368254738655,11.350214329950377,0.4
4FGL J1117.6+2550 ,211.08847006679085,69.00037892007124,0.4
4FGL J1117.6+0217 ,256.80750206298336,56.519913967598356,0.4
4FGL J1117.7-3650 ,282.8122143053612,22.349586301774984,0.4
4FGL J1118.0-1620 ,272.67273418189126,40.97397237207584,0.4
4FGL J1118.0+5356 ,149.18905750714873,58.16934113590919,0.4
4FGL J1118.1+5857 ,143.40199434880375,54.299821775477355,0.4
4FGL J1118.2-4634 ,286.7058411505783,13.33483161105029,0.4
4FGL J1118.2-0415 ,263.7526338270907,51.39124302121607,0.4
4FGL J1118.6-1235 ,270.40861654502237,44.3351027411589,0.4
4FGL J1118.6-6159 ,292.2738181521779,-1.059214415294695,0.4
4FGL J1119.0+1235 ,242.2996525200301,63.94308633636416,0.4
4FGL J1119.0-6127e,292.12878567893705,-0.5306537511021645,0.4
4FGL J1119.1-6127 ,292.13310906812745,-0.5344809182051875,0.4
4FGL J1119.6-3047 ,280.63706928749866,28.073375847541723,0.4
4FGL J1119.9-1007 ,269.06295345376276,46.63834325539405,0.4
4FGL J1120.0-2204 ,276.4922805978822,36.05591026015721,0.4
4FGL J1120.1-2645 ,278.8840975272915,31.809540942524055,0.4
4FGL J1120.6+0713 ,251.5043010958725,60.67335744047794,0.4
4FGL J1120.8+4212 ,167.85247020906104,66.16283355872007,0.4
4FGL J1121.3-0011 ,260.8585024442312,55.15669147050313,0.4
4FGL J1121.4-0553 ,266.22902864149233,50.4477921420201,0.4
4FGL J1122.0-0231 ,263.40034702303706,53.34739369560046,0.4
4FGL J1122.2+3926 ,173.6465468422928,67.75724860124903,0.4
4FGL J1122.4-6237 ,292.9038520291932,-1.506487989721547,0.4
4FGL J1122.5-1440 ,272.94191442580257,42.96005766568462,0.4
4FGL J1123.1-3233 ,282.1740020117888,26.72585305061503,0.4
4FGL J1123.2-5111 ,289.14804510400137,9.30172080096704,0.4
4FGL J1123.4-2529 ,279.08343830009824,33.27776880923763,0.4
4FGL J1123.5-6418 ,293.585218893821,-3.045713588156141,0.4
4FGL J1123.6+8028 ,127.3146423146825,35.90197536440055,0.4
4FGL J1123.8-4552 ,287.38258930734304,14.338707404691714,0.4
4FGL J1123.8+7230 ,131.75903054050244,43.0814985178721,0.4
4FGL J1124.0+2336 ,218.16447492292764,69.97013433649983,0.4
4FGL J1124.0-3653 ,284.106006276785,22.756852233742627,0.4
4FGL J1124.0+2045 ,225.94942104961834,69.0855598352305,0.4
4FGL J1124.1-1203 ,271.73494251647196,45.455843026391086,0.4
4FGL J1124.2-3035 ,281.5821587499182,28.638046280038722,0.4
4FGL J1124.4+2308 ,219.58066063879224,69.92974511611315,0.4
4FGL J1124.5-0658 ,268.1408672457837,49.94312037715622,0.4
4FGL J1124.6-0809 ,269.0838105885991,48.9267689856947,0.4
4FGL J1124.7-5915 ,292.0416676183594,1.7644872695116118,0.4
4FGL J1124.9+2143 ,223.56853052348026,69.6226122495832,0.4
4FGL J1124.9+4934 ,153.625220596548,62.09077155887101,0.4
4FGL J1125.0-5804 ,291.69183441681633,2.8910840702310083,0.4
4FGL J1125.1+4811 ,155.70894969752476,63.073784838383624,0.4
4FGL J1125.1-2101 ,277.29740236535366,37.511979444413775,0.4
4FGL J1125.2+2557 ,211.5149792303509,70.70778722121543,0.4
4FGL J1125.5-3557 ,284.0499124572734,23.74545134126121,0.4
4FGL J1125.6-5825 ,291.8807775761309,2.594068505090866,0.4
4FGL J1125.8-4004 ,285.669560256325,19.906021357082263,0.4
4FGL J1125.9-0742 ,269.1694322273616,49.46931362427549,0.4
4FGL J1125.9+2005 ,228.14791484629208,69.22979357488377,0.4
4FGL J1126.0-5007 ,289.2030418984469,10.462620154873091,0.4
4FGL J1126.4-6011 ,292.5513324383678,0.9615723414244667,0.4
4FGL J1126.8-3829 ,285.2733940680452,21.458374542906203,0.4
4FGL J1127.0-1857 ,276.7246205088584,39.57503314626584,0.4
4FGL J1127.3+3755 ,176.19011770439187,69.3216169789952,0.4
4FGL J1127.4+5648 ,143.90846792219082,56.772268172562235,0.4
4FGL J1127.6-4920 ,289.18337342897803,11.281838096468407,0.4
4FGL J1127.8+3618 ,180.33147293135676,70.05344660002343,0.4
4FGL J1127.9-6158 ,293.29943209828167,-0.6798996589263523,0.4
4FGL J1128.0+5924 ,141.19454769929152,54.66934104199717,0.4
4FGL J1128.2+5831 ,141.99891644628318,55.42325328082189,0.4
4FGL J1128.3-1301 ,273.65209789002466,45.07201263417508,0.4
4FGL J1128.8+3757 ,175.72610947916306,69.56392829156675,0.4
4FGL J1129.1-5230 ,290.44843599976474,8.35264644811778,0.4
4FGL J1129.1+3703 ,178.00330838707728,70.00969880195846,0.4
4FGL J1129.2-1014 ,272.0802195963782,47.636192674576535,0.4
4FGL J1129.2-0529 ,268.52471161971886,51.807918227575314,0.4
4FGL J1129.5+3034 ,197.17322964288368,71.76152365067779,0.4
4FGL J1129.8-1447 ,275.1866022987156,43.637339212136176,0.4
4FGL J1129.8-4217 ,287.1997558671475,18.078361091672985,0.4
4FGL J1130.5-7801 ,298.65365818154254,-15.829114687383516,0.4
4FGL J1130.5-6236c,293.77752126019925,-1.1849297371684158,0.4
4FGL J1130.5+1400 ,243.7189873825338,67.02960576165248,0.4
4FGL J1130.5-3137 ,283.438755605989,28.171625026801806,0.4
4FGL J1130.8+1016 ,250.7025843625457,64.62080917637027,0.4
4FGL J1131.0+3815 ,174.41646828739144,69.81977668754945,0.4
4FGL J1131.1-0944 ,272.36549758512564,48.31448158526845,0.4
4FGL J1131.4+5809 ,141.7436940861639,55.95819883756179,0.4
4FGL J1131.4-0504 ,268.97602295194406,52.44799195808671,0.4
4FGL J1131.6+4657 ,155.9923035061729,64.71884702909242,0.4
4FGL J1132.1-1448 ,275.89962689466404,43.86034425309561,0.4
4FGL J1132.2-4736 ,289.3663464565493,13.161417988184821,0.4
4FGL J1132.3-5606 ,292.01467310031876,5.071903070676826,0.4
4FGL J1132.7+0034 ,264.2631424227594,57.4170608017848,0.4
4FGL J1132.8-5328 ,291.2882026022919,7.61847111804281,0.4
4FGL J1133.1+5135 ,148.7275405160929,61.4442348778793,0.4
4FGL J1133.7-6223c,294.0677688296307,-0.8645893081794154,0.4
4FGL J1133.8-2048 ,279.543901675494,38.50938861878721,0.4
4FGL J1134.7+6612 ,134.62023558020218,49.13980119015584,0.4
4FGL J1134.8-1729 ,278.17975541195113,41.66354297464653,0.4
4FGL J1135.1+3014 ,197.9001271768813,73.0044763965846,0.4
4FGL J1135.2-6055 ,293.80405030405575,0.5840541303975149,0.4
4FGL J1135.7-0427 ,270.0159634917318,53.50224905164215,0.4
4FGL J1136.0-6824 ,296.06341695325517,-6.550259229267765,0.4
4FGL J1136.2+3407 ,184.88859470069488,72.42162845682786,0.4
4FGL J1136.3-0501 ,270.6689106438772,53.07069836910774,0.4
4FGL J1136.4+6736 ,133.46016264012505,47.95417258104727,0.4
4FGL J1136.4+7009 ,131.90679164579572,45.646212092982324,0.4
4FGL J1136.8+2550 ,213.09946460681078,73.28060250964127,0.4
4FGL J1136.8-7413 ,297.83553330458983,-12.10297539118412,0.4
4FGL J1137.3+0535 ,260.31339593350566,62.176400808307086,0.4
4FGL J1137.6+7527 ,128.9522646877277,40.79629092153998,0.4
4FGL J1137.9-1708 ,278.9126576788771,42.268522675633854,0.4
4FGL J1138.2+4115 ,164.99680795369554,69.38348508812412,0.4
4FGL J1138.4+4857 ,150.920268000401,64.00822668540367,0.4
4FGL J1138.4-3555 ,286.733250476074,24.646511523626838,0.4
4FGL J1139.0+4033 ,166.34121787687766,69.91732346797461,0.4
4FGL J1139.0+5530 ,142.74179383779793,58.74909089041659,0.4
4FGL J1139.2-6247 ,294.7901684981786,-1.0660297352304773,0.4
4FGL J1139.6+1149 ,251.71322697545205,67.23902864924422,0.4
4FGL J1140.4+0022 ,267.50060353092744,58.282289194462386,0.4
4FGL J1140.5+1528 ,244.59318737750107,69.82993404122105,0.4
4FGL J1140.7-0129 ,269.39863776360113,56.70145173223716,0.4
4FGL J1141.4+6805 ,132.52735023850954,47.70453715704374,0.4
4FGL J1141.5-1408 ,278.44506356174304,45.37703039771516,0.4
4FGL J1142.0+1548 ,244.50998550783592,70.30855552760082,0.4
4FGL J1142.8+0120 ,267.5394072054134,59.4147990261616,0.4
4FGL J1143.1+6122 ,136.7326035995514,53.88043507751901,0.4
4FGL J1143.7-1014 ,276.95342139953846,49.188868898481324,0.4
4FGL J1143.9+1558 ,244.96982721250018,70.78499500024465,0.4
4FGL J1144.9+1937 ,235.61171945829372,73.02337530900782,0.4
4FGL J1145.5-0340 ,273.10920363746806,55.336432513595234,0.4
4FGL J1145.5+4423 ,156.08281265470066,68.26421335147637,0.4
4FGL J1145.6+5552 ,140.84209368917018,58.90143513380063,0.4
4FGL J1145.7+0453 ,264.8620916519725,62.80602367570819,0.4
4FGL J1145.7-6949 ,297.2876188097813,-7.682711068058576,0.4
4FGL J1145.7-1528 ,280.4837079999446,44.50833988046999,0.4
4FGL J1146.0-0638 ,275.43552448724193,52.70505446573649,0.4
4FGL J1146.0-6822 ,296.94165205770014,-6.26011472008852,0.4
4FGL J1146.4-0926 ,277.3922731619591,50.17283160750333,0.4
4FGL J1146.4-3327 ,287.67256674211507,27.476863189515118,0.4
4FGL J1146.6-2902 ,286.26071175183614,31.725614082853344,0.4
4FGL J1146.9+3958 ,164.95108525263788,71.46820460606155,0.4
4FGL J1147.0-3812 ,289.2424948567101,22.953275326385096,0.4
4FGL J1147.2-2627 ,285.51581875797643,34.22656691589538,0.4
4FGL J1147.4-6758 ,296.9743692696383,-5.851939505788483,0.4
4FGL J1147.7-6618 ,296.5899264836745,-4.228873677344358,0.4
4FGL J1147.8-0724 ,276.63556831512255,52.180355634883064,0.4
4FGL J1148.2-0029 ,271.5463783582942,58.470643933310654,0.4
4FGL J1148.5+2629 ,211.92279772865348,75.96683139261539,0.4
4FGL J1148.6+1841 ,239.93761316667343,73.27359109697625,0.4
4FGL J1149.0+5924 ,137.08683659756298,55.963897484009095,0.4
4FGL J1149.1+2819 ,204.33844777824518,76.1644635944339,0.4
4FGL J1149.2+6246 ,134.66358113615163,52.921754126141316,0.4
4FGL J1149.3-6232 ,295.844497036432,-0.529247639187463,0.4
4FGL J1149.4+2441 ,219.40862201824183,75.86599206539668,0.4
4FGL J1149.5-4029 ,290.39107812936095,20.868751749689913,0.4
4FGL J1150.0+1033 ,258.89771174488476,68.00712406560596,0.4
4FGL J1150.1-6324 ,296.13555959611074,-1.3421681452493428,0.4
4FGL J1150.4+2418 ,221.15739249520553,75.97660386192639,0.4
4FGL J1150.6+4154 ,159.09573944419648,70.68705639114714,0.4
4FGL J1150.6-4823 ,292.6297336756032,13.261555308502905,0.4
4FGL J1150.7-4613 ,292.108279297525,15.363338204376147,0.4
4FGL J1150.8-1905 ,283.68738340040767,41.50875487466638,0.4
4FGL J1151.2-2929 ,287.54206172842527,31.57250730845619,0.4
4FGL J1151.3+0957 ,260.55610552448826,67.74264517708764,0.4
4FGL J1151.4-6248 ,296.1420065882454,-0.7336497607082894,0.4
4FGL J1151.5-1347 ,281.5107279080637,46.5747065360422,0.4
4FGL J1151.5+5859 ,136.88793261850182,56.485765544154496,0.4
4FGL J1151.6-2115 ,284.78840448888724,39.50566498083535,0.4
4FGL J1152.0-6107 ,295.82897681652986,0.9208410712962558,0.4
4FGL J1152.1+2837 ,202.95295408724675,76.81545035963724,0.4
4FGL J1152.1-3553 ,289.66595180629383,25.44383567513477,0.4
4FGL J1152.3-0839 ,279.06565905232577,51.44528330244042,0.4
4FGL J1152.6-6207 ,296.12391038708193,-0.02666479457750127,0.4
4FGL J1152.8+3308 ,183.97245408253048,75.99609974517824,0.4
4FGL J1153.0+8056 ,125.73963962214768,35.87207700959278,0.4
4FGL J1153.2+0123 ,272.0580541151325,60.723685462441075,0.4
4FGL J1153.3-1104 ,280.7788867231906,49.279092870094516,0.4
4FGL J1153.4+4931 ,145.55360686425203,64.98464424402852,0.4
4FGL J1153.4-8008 ,300.35585634009465,-17.554173488680576,0.4
4FGL J1153.6-2553 ,286.99401157335166,35.17785147104565,0.4
4FGL J1153.7-3210 ,288.96033296826727,29.118424877668577,0.4
4FGL J1153.7+1857 ,241.571095728725,74.43480830061631,0.4
4FGL J1153.7+3822 ,166.3592551807104,73.50752996150914,0.4
4FGL J1154.0-0010 ,273.79199397152416,59.40619703448875,0.4
4FGL J1154.0+4037 ,160.51599085156795,72.044476890623,0.4
4FGL J1154.0+6018 ,135.41041229839618,55.40610635377723,0.4
4FGL J1154.1-3243 ,289.221202406506,28.623554737339145,0.4
4FGL J1154.5-5952 ,295.8422861216704,2.219097751566179,0.4
4FGL J1155.2-6259 ,296.5969662757245,-0.8095940426966591,0.4
4FGL J1155.2+4320 ,154.33672359674597,70.19977689203061,0.4
4FGL J1155.2-1111 ,281.51202554293513,49.332858729004855,0.4
4FGL J1155.5-3418 ,289.97197998208566,27.148201929657844,0.4
4FGL J1155.6-6547 ,297.2484062782296,-3.540390163842824,0.4
4FGL J1155.6-6245c,296.603411175352,-0.5804420987412657,0.4
4FGL J1155.8+6137 ,134.20835490930034,54.265562658477755,0.4
4FGL J1155.8-1217 ,282.2653619156778,48.344766267330556,0.4
4FGL J1156.6+0640 ,267.99212345454754,65.75667143959778,0.4
4FGL J1156.6-2248 ,286.7766882864608,38.337654584455905,0.4
4FGL J1156.8-1537 ,284.1175534283788,45.251822026517246,0.4
4FGL J1157.2-6059 ,296.4043971663699,1.1972757040746311,0.4
4FGL J1157.7-6327 ,296.97781695411703,-1.2074841832716752,0.4
4FGL J1158.3-6232 ,296.84956757578885,-0.2944518795154894,0.4
4FGL J1158.5+4824 ,145.1829067647968,66.36345548262724,0.4
4FGL J1158.8-1430 ,284.28492070869885,46.45733189630367,0.4
4FGL J1158.9+0956 ,264.66607853331925,68.82346285411342,0.4
4FGL J1158.9+0818 ,267.1082889389957,67.44860240949947,0.4
4FGL J1159.0+0939 ,265.15376055854097,68.59494728648036,0.4
4FGL J1159.2-2227 ,287.3955564020511,38.83145480926622,0.4
4FGL J1159.3-6122 ,296.73723767209475,0.8614507793867626,0.4
4FGL J1159.3-2142 ,287.18019201938836,39.57013526319106,0.4
4FGL J1159.5+2914 ,199.4163659254822,78.37559948262906,0.4
4FGL J1159.5-0723 ,281.09806587317536,53.26910525794189,0.4
4FGL J1200.2+0201 ,274.7303539611623,62.05145035785341,0.4
4FGL J1200.6+1229 ,261.3689280790752,71.14478750270129,0.4
4FGL J1200.7+2008 ,241.3201067241745,76.45958564724201,0.4
4FGL J1200.8-1429 ,284.9548154686493,46.60816246638612,0.4
4FGL J1201.1-0332 ,279.41895626438026,57.01626551347927,0.4
4FGL J1201.4+8234 ,124.87161030108537,34.357130335443,0.4
4FGL J1201.4-6703 ,298.0786894154369,-4.66169294615093,0.4
4FGL J1201.7+1429 ,257.99288398577403,72.86459387846043,0.4
4FGL J1202.4+4442 ,148.9031252593459,69.86154257296211,0.4
4FGL J1202.5-0528 ,281.1776995361163,55.32103423175362,0.4
4FGL J1202.5+3852 ,160.80874549665958,74.441166149081,0.4
4FGL J1202.9+5141 ,140.0772311098783,63.79400220063257,0.4
4FGL J1202.9-5717 ,296.39613803950857,4.959503308711302,0.4
4FGL J1203.1+6031 ,133.4325032654324,55.61496368453058,0.4
4FGL J1203.3+1119 ,265.04263646900404,70.56830966816632,0.4
4FGL J1203.4-3925 ,292.91421221869786,22.509947464867892,0.4
4FGL J1203.4-6145 ,297.29087461587363,0.5909623564376006,0.4
4FGL J1203.5-1748 ,287.09905017531395,43.59163863678256,0.4
4FGL J1203.5-5745 ,296.55740346923596,4.525955749619605,0.4
4FGL J1203.7-6303c,297.56020807094137,-0.6838347888612782,0.4
4FGL J1203.7+5821 ,134.6210900170985,57.6691283035793,0.4
4FGL J1203.8-5920 ,296.8889495365702,2.978831583715751,0.4
4FGL J1203.9-6242 ,297.51788196138295,-0.3381288572053229,0.4
4FGL J1204.0+1146 ,264.7347662802515,71.04662237105606,0.4
4FGL J1204.2-0709 ,282.8347450386275,53.85941312554567,0.4
4FGL J1204.3-6111 ,297.2838625654566,1.167143105845048,0.4
4FGL J1204.4+3750 ,162.67741754542539,75.42984848663168,0.4
4FGL J1204.5-5032 ,295.36453892133545,11.63657652401193,0.4
4FGL J1204.8+0407 ,275.08574992550206,64.44085858295938,0.4
4FGL J1205.1-5951 ,297.1379260556853,2.4983514984591246,0.4
4FGL J1205.3-6212c,297.5861183474722,0.18039816696589703,0.4
4FGL J1205.7-2635 ,290.4160966364128,35.16380790349272,0.4
4FGL J1205.8+3321 ,177.84660904233576,78.36010633521458,0.4
4FGL J1206.8-6038c,297.4883622861572,1.7628110956707208,0.4
4FGL J1206.8-5836 ,297.13985971306005,3.7526930643939096,0.4
4FGL J1207.2-0524 ,283.128312612613,55.753892153381436,0.4
4FGL J1207.4-5050 ,295.8668316273384,11.417195490201921,0.4
4FGL J1207.4-1840 ,288.629186702967,42.97896659891054,0.4
4FGL J1207.4-4536 ,294.9369932934573,16.57597675102773,0.4
4FGL J1207.7-0106 ,280.74022870678107,59.86797961385309,0.4
4FGL J1207.7-2229 ,289.86976414756,39.27705191727176,0.4
4FGL J1207.9-6443c,298.3080074996349,-2.249259776251965,0.4
4FGL J1208.0-6900 ,299.0436223970937,-6.459604197034501,0.4
4FGL J1208.1+3017 ,191.97167891801254,79.99064830114176,0.4
4FGL J1208.1-5149 ,296.1465238584253,10.477596444528567,0.4
4FGL J1208.2-6237 ,297.9875267958466,-0.17705643371516272,0.4
4FGL J1208.2-7810 ,300.64863113196583,-15.50014832219404,0.4
4FGL J1208.2+1158 ,267.09143908852855,71.77409182111762,0.4
4FGL J1208.4+6121 ,131.90018330531862,55.017657588385234,0.4
4FGL J1208.5-5243e,296.36638157196325,9.593774551766385,0.4
4FGL J1208.5-5512 ,296.79412679502076,7.153982331326123,0.4
4FGL J1208.8-1751 ,288.81801671704613,43.834673379663684,0.4
4FGL J1208.8-2754 ,291.5789873276625,34.02210744514091,0.4
4FGL J1208.9+5441 ,135.78374714854291,61.35473504099141,0.4
4FGL J1209.0-4630 ,295.37903918943516,15.747566448225088,0.4
4FGL J1209.2-6009 ,297.7010702072588,2.288570009078478,0.4
4FGL J1209.2-7635 ,300.42729892609253,-13.921439089957998,0.4
4FGL J1209.4+4118 ,151.5648823972291,73.39978172282575,0.4
4FGL J1209.4+7608 ,126.23373165857986,40.720913683452665,0.4
4FGL J1209.4-6421c,298.41176823440605,-1.848752212992181,0.4
4FGL J1209.7+2548 ,218.68730109395304,80.58515652919776,0.4
4FGL J1209.8+1810 ,253.83324280432558,76.89334485210269,0.4
4FGL J1209.9-5923 ,297.6624813633588,3.0545292463015135,0.4
4FGL J1210.1+3241 ,178.57140383933876,79.47442630836026,0.4
4FGL J1210.3+3928 ,154.98786848946486,74.98737502036276,0.4
4FGL J1210.4-6250 ,298.2679855628761,-0.33482944884349963,0.4
4FGL J1210.4-6100c,297.98620393603846,1.4679028300182637,0.4
4FGL J1211.0-3800 ,294.22379141838735,24.17224936663459,0.4
4FGL J1211.6-2735 ,292.21961348433257,34.45411218183231,0.4
4FGL J1211.6+3901 ,155.34423613849097,75.49029794926155,0.4
4FGL J1211.8-4817 ,296.158966299029,14.055399131644942,0.4
4FGL J1211.8-6021c,298.0588588202099,2.134216070683082,0.4
4FGL J1212.0-2326 ,291.3480151511963,38.53372046776054,0.4
4FGL J1212.0+2242 ,237.1243404299162,80.04280140208122,0.4
4FGL J1212.1+6412 ,129.9193847763219,52.39006373125666,0.4
4FGL J1212.2+2442 ,226.0620800856258,80.85798451082461,0.4
4FGL J1212.7-1402 ,288.8970951335444,47.7749603862466,0.4
4FGL J1213.0+5129 ,136.9366769547941,64.58744330004266,0.4
4FGL J1213.1-1123 ,288.1254978318814,50.380717675900534,0.4
4FGL J1213.3-2618 ,292.3990508675291,35.77743838885937,0.4
4FGL J1213.3-6240e,298.5828453923681,-0.1268882953041529,0.4
4FGL J1213.6-5954 ,298.2006335327653,2.6185623521463035,0.4
4FGL J1213.6+1236 ,269.72001403347883,72.98759687522343,0.4
4FGL J1213.6+1306 ,268.82621980276076,73.43159997477002,0.4
4FGL J1213.7+6423 ,129.56668891987454,52.24393118221058,0.4
4FGL J1213.8-4345 ,295.7870581875313,18.593266207232926,0.4
4FGL J1213.9-4416 ,295.8924940462712,18.07962836332648,0.4
4FGL J1214.5-2318 ,292.03505373372474,38.77762154629622,0.4
4FGL J1214.6-1926 ,291.13135134159796,42.57985033774988,0.4
4FGL J1214.7-5858 ,298.20739789079846,3.5635215798809137,0.4
4FGL J1215.0+5351 ,134.55834659760754,62.44675212186758,0.4
4FGL J1215.0+1656 ,261.5518510737359,76.79077966767525,0.4
4FGL J1215.1+5002 ,137.38765892743137,66.05297422849816,0.4
4FGL J1215.1+0731 ,277.5834603100317,68.58964515020612,0.4
4FGL J1215.1+3513 ,164.4362833762177,78.80186587417212,0.4
4FGL J1215.5-5457 ,297.74264256587685,7.553489240886005,0.4
4FGL J1215.8-3732 ,295.1745550236316,24.795140297623842,0.4
4FGL J1215.8-1733 ,291.02071848167213,44.48249096683712,0.4
4FGL J1216.1-0242 ,285.6293537984254,58.96568068766195,0.4
4FGL J1216.1+0930 ,275.98173703089407,70.51302737574758,0.4
4FGL J1216.2-6121 ,298.72142957429713,1.2246598159806914,0.4
4FGL J1216.2+0537 ,280.08103868074903,66.92219648841892,0.4
4FGL J1216.2-0600 ,287.2369490134408,55.790614053675476,0.4
4FGL J1216.2-1550 ,290.6689799126583,46.19695907468757,0.4
4FGL J1216.3-1032 ,289.01642852655715,51.386478000161524,0.4
4FGL J1216.4-6317 ,299.00782995850926,-0.682715640003887,0.4
4FGL J1216.4-1358 ,290.1741717114231,48.02830342951781,0.4
4FGL J1216.5-3539 ,295.0165851548713,26.671492117687222,0.4
4FGL J1216.7-5911 ,298.4948334837942,3.3783357963759206,0.4
4FGL J1216.8-5955 ,298.6059501508385,2.655682167041888,0.4
4FGL J1217.2-2500 ,293.2037164934272,37.21872237677297,0.4
4FGL J1217.9+3007 ,188.84933360346233,82.06005141420957,0.4
4FGL J1218.0-0028 ,285.3713456338531,61.24517071256027,0.4
4FGL J1218.1-6028 ,298.83484386883833,2.1273712410827796,0.4
4FGL J1218.5-0119 ,286.07555708930846,60.46410689518366,0.4
4FGL J1219.0+4827 ,137.22037243827,67.76930206500866,0.4
4FGL J1219.0+3653 ,155.96071787059648,78.08101723094309,0.4
4FGL J1219.0-4827 ,297.4135335420287,14.07030756460497,0.4
4FGL J1219.6+0550 ,281.94751885211184,67.40214017074524,0.4
4FGL J1219.7-0313 ,287.56402394626366,58.70085214874138,0.4
4FGL J1219.7+0444 ,282.88993034003585,66.37793017162306,0.4
4FGL J1219.8-2008 ,292.9132607892455,42.122344105577255,0.4
4FGL J1219.8+6600 ,128.00024013209318,50.81287717145493,0.4
4FGL J1219.9+6056 ,129.7291152179279,55.7755599099295,0.4
4FGL J1220.1-5558 ,298.53211573490216,6.6353011328134315,0.4
4FGL J1220.1+7105 ,126.55691362699051,45.81557427982877,0.4
4FGL J1220.1+3432 ,163.1445285666525,80.01147082421977,0.4
4FGL J1220.1-2458 ,294.0141625586011,37.357053723195435,0.4
4FGL J1220.2-3713 ,296.0791856308905,25.23327246623681,0.4
4FGL J1220.5-2745 ,294.63467780380637,34.6086357683806,0.4
4FGL J1221.1+4742 ,136.97483721991335,68.57944204605506,0.4
4FGL J1221.2+6910 ,126.91793237921739,47.72557596074365,0.4
4FGL J1221.3+3010 ,186.41702260700063,82.74092311706919,0.4
4FGL J1221.4-0634 ,289.71093542035857,55.51776739468415,0.4
4FGL J1221.5+2814 ,201.6941784039155,83.28412984254034,0.4
4FGL J1221.9+3543 ,157.24948261851094,79.35567597772192,0.4
4FGL J1222.0-4121 ,297.02603924980247,21.171500187452878,0.4
4FGL J1222.5+0414 ,284.8853441545869,66.09181925863115,0.4
4FGL J1223.0+1100 ,279.1107896331811,72.55489691118399,0.4
4FGL J1223.3+1213 ,277.7311579232884,73.71378142480401,0.4
4FGL J1223.5+0818 ,282.3100147984819,70.04826717429214,0.4
4FGL J1223.6-3032 ,295.88261160372446,31.947531381554604,0.4
4FGL J1223.8+4649 ,136.5412113491514,69.56845963926706,0.4
4FGL J1223.8+8039 ,124.31764522559354,36.39420131429252,0.4
4FGL J1223.9+7954 ,124.44042682649197,37.14508884895063,0.4
4FGL J1223.9+5000 ,134.05951446612195,66.52131639408785,0.4
4FGL J1223.9-2220 ,294.61613385693136,40.09090476856506,0.4
4FGL J1223.9-0545 ,290.50784909784124,56.45329820635039,0.4
4FGL J1224.1+2239 ,247.30686981065108,82.36472521531995,0.4
4FGL J1224.4+2436 ,233.94034663000784,83.4336233326571,0.4
4FGL J1224.6-6408 ,300.01523734453554,-1.418355099852336,0.4
4FGL J1224.6+7011 ,126.23276327648226,46.75997278725957,0.4
4FGL J1224.7-8313 ,302.09558775473494,-20.397452769117123,0.4
4FGL J1224.9+2122 ,255.06798265715992,81.66161353214167,0.4
4FGL J1224.9+4334 ,139.25987767385627,72.70947663011879,0.4
4FGL J1225.0+0330 ,286.82060059950305,65.55143176175923,0.4
4FGL J1225.3-3446 ,296.889680554855,27.78473590904606,0.4
4FGL J1225.4-1550 ,293.83281189905875,46.5656227768996,0.4
4FGL J1225.5-2851 ,296.12500425360116,33.66710486509625,0.4
4FGL J1225.6-7313 ,301.0429578698304,-10.45526760929767,0.4
4FGL J1225.6-4937 ,298.65051375413617,13.039703700914199,0.4
4FGL J1225.8-2941 ,296.3193769043281,32.8460244444623,0.4
4FGL J1225.9+2951 ,185.42696748279192,83.77291827942396,0.4
4FGL J1226.0+5622 ,130.04680649687222,60.409664014503306,0.4
4FGL J1226.5+3023 ,180.62102898131417,83.65104694435801,0.4
4FGL J1226.7+0637 ,285.84778527798534,68.6767045558349,0.4
4FGL J1226.8-1329 ,293.81984478597883,48.9426858212451,0.4
4FGL J1226.9+6405 ,127.3613681662989,52.82278841771571,0.4
4FGL J1227.1-4437 ,298.3899584160759,18.02999008432312,0.4
4FGL J1227.8-7004 ,300.9112943112501,-7.299356051306448,0.4
4FGL J1227.8+6053 ,128.05142883916173,56.009565882262024,0.4
4FGL J1228.0-6918 ,300.8530358569569,-6.535043616785765,0.4
4FGL J1228.0-4853 ,298.974793011192,13.807190687502109,0.4
4FGL J1228.0+5039 ,132.06730522076478,66.0527753828749,0.4
4FGL J1228.3+7521 ,124.88507265020031,41.68780944718612,0.4
4FGL J1228.7+4858 ,132.79218590614818,67.70826527301608,0.4
4FGL J1228.7-0318 ,291.87470161248825,59.069444805307796,0.4
4FGL J1229.0+0202 ,289.93057263772647,64.3510448296987,0.4
4FGL J1229.1+5521 ,129.560810738268,61.48899674694602,0.4
4FGL J1229.5-3048 ,297.39477281619577,31.826676336405782,0.4
4FGL J1229.7-3259 ,297.7044527805801,29.663056385979328,0.4
4FGL J1229.7-5304 ,299.63451480368116,9.662609378397363,0.4
4FGL J1230.2+2517 ,232.79710517016284,84.90608671496331,0.4
4FGL J1230.7-3556 ,298.2343585974872,26.736962935357074,0.4
4FGL J1230.8+1223 ,283.8031099338443,74.49031881403077,0.4
4FGL J1230.9+3711 ,144.9139487343989,79.05227113346052,0.4
4FGL J1231.1-1412 ,295.5335643457301,48.379306070502466,0.4
4FGL J1231.3+3353 ,154.25543063906258,81.9693898297337,0.4
4FGL J1231.5+1421 ,281.9552097177468,76.40654059680035,0.4
4FGL J1231.6+6415 ,126.48707750751983,52.73763147241389,0.4
4FGL J1231.6-5116 ,299.7742914288485,11.483132161924075,0.4
4FGL J1231.6-6511 ,300.8585647198219,-2.4016727736832015,0.4
4FGL J1231.7+2847 ,190.8612047590371,85.34356699851853,0.4
4FGL J1231.7-6653 ,300.9997491824892,-4.09745634546571,0.4
4FGL J1231.8-0450 ,293.7974738115194,57.67523298461859,0.4
4FGL J1232.1+5953 ,127.39380365767015,57.07632025330446,0.4
4FGL J1232.5+4821 ,131.5129986534432,68.45979606669262,0.4
4FGL J1232.5-3720 ,298.7847951652941,25.378661593737995,0.4
4FGL J1233.0+1333 ,284.4500074214963,75.76354428702567,0.4
4FGL J1233.1+1703 ,279.18859785040405,79.07599991431658,0.4
4FGL J1233.6+5027 ,130.0235596914876,66.42190534972444,0.4
4FGL J1233.7-0144 ,293.83102755249024,60.815758152947495,0.4
4FGL J1234.0-5735 ,300.5981303172439,5.196963737609264,0.4
4FGL J1234.2+2813 ,195.73365903864538,86.04402990680435,0.4
4FGL J1234.5-7055c,301.539683468882,-8.099009588740154,0.4
4FGL J1234.7-0434 ,295.05741789363134,58.0495409606484,0.4
4FGL J1235.1-1405 ,296.96610803245284,48.59404750591848,0.4
4FGL J1235.9+1136 ,288.98401672970016,74.05367756068156,0.4
4FGL J1236.3+3858 ,136.85568898874092,77.73623868041307,0.4
4FGL J1236.9-7232 ,301.82957238600363,-9.692870264327468,0.4
4FGL J1237.0+3019 ,166.82187454186035,85.50826946507894,0.4
4FGL J1237.8+6256 ,125.57310332828352,54.12419962893274,0.4
4FGL J1238.1-4541 ,300.50992234947574,17.123295600002102,0.4
4FGL J1238.3-1959 ,298.74963930134805,42.7711396134368,0.4
4FGL J1238.5-1201 ,297.93219188246144,50.71811891323312,0.4
4FGL J1239.4+0728 ,294.15402623136407,70.1380358250739,0.4
4FGL J1239.5+0443 ,295.19232289511484,67.42120594557724,0.4
4FGL J1239.5+4134 ,131.74062754979278,75.3564016953291,0.4
4FGL J1239.7-3455 ,300.21637041650445,27.883091168803787,0.4
4FGL J1240.1-6846 ,301.90871829804286,-5.9240017775185025,0.4
4FGL J1240.4-2606 ,299.8539766155786,36.69053555287484,0.4
4FGL J1240.4-7148 ,302.0654644775595,-8.962310677200616,0.4
4FGL J1240.8-2918 ,300.1724209673578,33.500283875206314,0.4
4FGL J1241.3+4236 ,129.8335485908713,74.38699480220373,0.4
4FGL J1241.5+3439 ,137.9902966883395,82.18834347216969,0.4
4FGL J1241.6+3844 ,132.26597842169159,78.20416557405416,0.4
4FGL J1241.8-1456 ,299.46067255645397,47.86918323958716,0.4
4FGL J1241.9+0636 ,296.24548233402584,69.35173986717203,0.4
4FGL J1241.9-6706 ,302.0116124264212,-4.248421539757839,0.4
4FGL J1242.6+3236 ,141.64877195234627,84.1987952054012,0.4
4FGL J1242.6+7635 ,123.60129711347673,40.53124720430894,0.4
4FGL J1242.9+7315 ,123.77612690418142,43.853485921441276,0.4
4FGL J1243.0+3950 ,130.19408120965997,77.17622129055071,0.4
4FGL J1243.1-5500 ,301.7295697801335,7.845447142974394,0.4
4FGL J1243.1-6754c,302.15170647275704,-5.044275825934574,0.4
4FGL J1243.2+3627 ,132.97049902408102,80.5095484232896,0.4
4FGL J1243.5+5311 ,125.63175681925297,63.8887500127017,0.4
4FGL J1243.7+1727 ,292.0922294252723,80.16693393621888,0.4
4FGL J1243.9-0218 ,299.1242749475252,60.508088018079,0.4
4FGL J1244.2-4956 ,301.7411889336122,12.9113674598305,0.4
4FGL J1244.3-6233 ,302.11174237047913,0.3064097951617646,0.4
4FGL J1244.5+1616 ,294.20233555908493,79.03502993702305,0.4
4FGL J1245.1+5709 ,124.63354028504116,59.9494823723184,0.4
4FGL J1245.3+3327 ,134.33345069049616,83.53186659943661,0.4
4FGL J1245.4-0701 ,300.26792837037306,55.81204606394032,0.4
4FGL J1245.8+0232 ,299.61008958337004,65.37821748742151,0.4
4FGL J1246.3+0112 ,300.0034373123605,64.05921081903381,0.4
4FGL J1246.7-2548 ,301.61106914697746,37.057937307893624,0.4
4FGL J1247.0+4421 ,125.55611519555532,72.75067268100838,0.4
4FGL J1248.3+5820 ,123.71673831851598,58.780325119857814,0.4
4FGL J1248.7+5127 ,123.9583145598099,65.65984010534402,0.4
4FGL J1248.9+4840 ,124.03816195322811,68.45296809533059,0.4
4FGL J1249.2-2809 ,302.3517273980635,34.71920986574486,0.4
4FGL J1249.3-0545 ,301.9552779328311,57.105603970035155,0.4
4FGL J1249.8+3707 ,124.76584686672109,79.99196001204852,0.4
4FGL J1250.2+3157 ,126.01198330835055,85.16273183308653,0.4
4FGL J1250.6+0217 ,302.43679329851125,65.15854709374089,0.4
4FGL J1250.8+3117 ,124.55427639360107,85.84071657483032,0.4
4FGL J1250.8-5424 ,302.8513234529451,8.465161627040768,0.4
4FGL J1250.9-4943 ,302.84364037909734,13.15135923277088,0.4
4FGL J1251.2+1039 ,302.7985628270538,73.52530701827347,0.4
4FGL J1251.3-0201 ,302.88374993709476,60.8446387573142,0.4
4FGL J1251.3-1719 ,302.9012878202553,45.55074279472714,0.4
4FGL J1252.7-2520 ,303.2929234225525,37.521358391173074,0.4
4FGL J1252.8-3321 ,303.2781451729151,29.5143774515649,0.4
4FGL J1253.2+5301 ,122.31579599767296,64.1088144970505,0.4
4FGL J1253.3-5816 ,303.1863021540903,4.587499598373561,0.4
4FGL J1253.5-3934 ,303.3841789831313,23.302852583421647,0.4
4FGL J1253.8+0327 ,304.4071336546903,66.31564608925365,0.4
4FGL J1253.8+6242 ,122.45342619065438,54.42079556736487,0.4
4FGL J1253.8+2929 ,110.33499254106431,87.57076095325839,0.4
4FGL J1254.2-2205 ,303.77949289412317,40.77998885190873,0.4
4FGL J1254.5+2210 ,311.22538560509213,85.00238739952468,0.4
4FGL J1254.7-4516 ,303.53596104619527,17.593108740517874,0.4
4FGL J1254.9-7141 ,303.20757965482625,-8.823210198035042,0.4
4FGL J1254.9-4426 ,303.5854697383586,18.423240144984565,0.4
4FGL J1254.9+1138 ,306.13619683005356,74.49949472749151,0.4
4FGL J1256.1-5652 ,303.57413024010367,5.994119223841649,0.4
4FGL J1256.1-5919 ,303.531980098107,3.5464733941411097,0.4
4FGL J1256.1-0547 ,305.09519274385167,57.06318654068606,0.4
4FGL J1256.2-1146 ,304.80778636535655,51.07870905850702,0.4
4FGL J1256.8+5329 ,121.12844358580512,63.62398779778796,0.4
4FGL J1256.8-1333 ,304.9518274113646,49.291689506596185,0.4
4FGL J1256.9+2736 ,54.57937972629112,88.68222384788069,0.4
4FGL J1257.0-6339 ,303.5536526425641,-0.7909191415954089,0.4
4FGL J1257.2+3646 ,116.0326375738805,80.27978593291138,0.4
4FGL J1257.6+2413 ,329.0687203192355,86.76989229909942,0.4
4FGL J1257.8+3228 ,108.64686337434388,84.47607205344961,0.4
4FGL J1258.3+6121 ,121.46023639467171,55.746291115154186,0.4
4FGL J1258.4+6554 ,121.78851821086235,51.20947019770912,0.4
4FGL J1258.5-3406 ,304.61540050771504,28.74453934767318,0.4
4FGL J1258.6-1759 ,305.35203463948915,44.842036608583534,0.4
4FGL J1258.7-0452 ,306.36105081655523,57.955629414653735,0.4
4FGL J1258.7+5143 ,120.2032456848587,65.37114481483523,0.4
4FGL J1258.8-2219 ,305.19249000455744,40.51342848816379,0.4
4FGL J1259.0-8148 ,303.21828305576145,-18.948787153358634,0.4
4FGL J1259.1-2311 ,305.2244518884014,39.6450553237074,0.4
4FGL J1259.5+2332 ,330.4863079613158,85.97917381129731,0.4
4FGL J1259.7-3223 ,304.9746081991578,30.44885867692095,0.4
4FGL J1259.8-3749 ,304.7668424701653,25.018346923053986,0.4
4FGL J1300.0+1753 ,315.53678092686016,80.55881870006382,0.4
4FGL J1300.3+5353 ,120.02284486294575,63.1789038270911,0.4
4FGL J1300.4+1416 ,312.6914176093802,76.97023596952886,0.4
4FGL J1301.5+4413 ,116.77755065595014,72.77880326985954,0.4
4FGL J1301.6+4056 ,114.96046292337756,76.02208970198174,0.4
4FGL J1301.6+0834 ,310.82232143181767,71.28936053925314,0.4
4FGL J1301.6+3336 ,104.7622975234664,83.15385264185535,0.4
4FGL J1302.2-0032 ,308.72275075865014,62.20861172347343,0.4
4FGL J1302.3+6901 ,121.47126683928457,48.06428993567653,0.4
4FGL J1302.4-3258 ,305.6049418483591,29.84496910165809,0.4
4FGL J1302.5-6236c,304.2089490651236,0.23610389885062816,0.4
4FGL J1302.7+4750 ,117.59240355163217,69.16132681491698,0.4
4FGL J1302.8+5748 ,119.95104518674347,59.247357602347236,0.4
4FGL J1302.9-6349 ,304.19652784652175,-0.986822806340389,0.4
4FGL J1303.0-6312e,304.23478062448817,-0.35750449922546457,0.4
4FGL J1303.0+2434 ,349.25509626762744,86.35581835386877,0.4
4FGL J1303.1-4714 ,304.9955715313873,15.586711267290896,0.4
4FGL J1303.6-4622 ,305.1361574699502,16.45178079340953,0.4
4FGL J1304.0-5539 ,304.72005675037985,7.176558585882354,0.4
4FGL J1304.0+3704 ,108.73591986840961,79.7077495064561,0.4
4FGL J1304.2-2412 ,306.656391574539,38.569089064592355,0.4
4FGL J1304.3-4353 ,305.3908787430035,18.914375992761475,0.4
4FGL J1304.4+1203 ,315.0250988731711,74.62674994451946,0.4
4FGL J1304.6+0539 ,311.8619719215839,68.30871713571004,0.4
4FGL J1304.6-0348 ,309.3388027909427,58.89293114169977,0.4
4FGL J1304.9-2107 ,307.1347200823144,41.630726765646116,0.4
4FGL J1305.3+5118 ,117.66696100581419,65.6765785059953,0.4
4FGL J1305.4-4928 ,305.2711265814042,13.334776677783525,0.4
4FGL J1305.5-6241 ,304.5535291463208,0.13339678768464325,0.4
4FGL J1305.6+7853 ,122.0612567392449,38.21191006836581,0.4
4FGL J1305.9+3858 ,109.53734318547099,77.77347079190886,0.4
4FGL J1306.3-6043 ,304.7553705381043,2.0990468530546664,0.4
4FGL J1306.3+1113 ,316.1210244843608,73.71649666019144,0.4
4FGL J1306.5+1926 ,327.9459525254006,81.56886205035482,0.4
4FGL J1306.7-2148 ,307.6511682259537,40.92158269395663,0.4
4FGL J1306.8-4035 ,306.08944579453134,22.17736896255978,0.4
4FGL J1307.1-0344 ,310.5234013667418,58.890498469500784,0.4
4FGL J1307.6-4259 ,306.0788927020509,19.777735960613104,0.4
4FGL J1308.1-3801 ,306.5481822776957,24.73680225847981,0.4
4FGL J1308.4-6706 ,304.58886342285933,-4.291069681412253,0.4
4FGL J1308.5+3547 ,101.22187132625841,80.60517177663377,0.4
4FGL J1308.7+0347 ,313.75376603299446,66.29057640231797,0.4
4FGL J1308.9-5730 ,305.28833217422203,5.288044295675895,0.4
4FGL J1309.1-6223 ,304.97965089248606,0.40559052771932097,0.4
4FGL J1309.3+8035 ,122.02257974043678,36.510141192211435,0.4
4FGL J1309.4+4305 ,111.19268154556856,73.63027375224006,0.4
4FGL J1309.4-7915 ,303.80761127270415,-16.411227172999357,0.4
4FGL J1309.6+3718 ,103.36185708486227,79.11582884963852,0.4
4FGL J1309.7+1153 ,319.5743021565681,74.17396841297433,0.4
4FGL J1310.1-0450 ,311.69176064816673,57.709477838066135,0.4
4FGL J1310.2+6219 ,119.16203450260382,54.66916996245901,0.4
4FGL J1310.2-1158 ,310.21294996467213,50.631601088910514,0.4
4FGL J1310.5+3221 ,85.67986805587186,83.33186184104596,0.4
4FGL J1310.6+2449 ,5.946108044023341,85.11844506995881,0.4
4FGL J1310.7-5553 ,305.65494231169436,6.882991383216144,0.4
4FGL J1310.9+5514 ,117.08219883683056,61.656770570168774,0.4
4FGL J1311.0+0034 ,313.7672315293512,63.02688869808258,0.4
4FGL J1311.0+3233 ,86.0634359050387,83.10774237164671,0.4
4FGL J1311.7-6617c,304.9704600678705,-3.5062068083567968,0.4
4FGL J1311.7-3430 ,307.6881757164272,28.17398856427533,0.4
4FGL J1311.8+3954 ,105.88859040772408,76.54458519261357,0.4
4FGL J1311.8+2057 ,341.09337746643547,82.2680612798306,0.4
4FGL J1312.3-6257 ,305.3095005393001,-0.18597299212985713,0.4
4FGL J1312.4-2156 ,309.35872566448944,40.671481134921734,0.4
4FGL J1312.6-6231c,305.3724260189716,0.2432186123396452,0.4
4FGL J1312.6-1900 ,309.8537608749321,43.570280009557194,0.4
4FGL J1312.6+4828 ,113.39550809929037,68.2629819569463,0.4
4FGL J1312.7+0050 ,314.82838597713163,63.220249246338184,0.4
4FGL J1312.8-2350 ,309.20507227772595,38.765597425178065,0.4
4FGL J1312.8-0425 ,313.0583714723295,58.030180111440735,0.4
4FGL J1313.2-4437 ,307.0115014833418,18.074509015753637,0.4
4FGL J1313.6+0159 ,315.8455329465145,64.3059268379133,0.4
4FGL J1314.1+6854 ,119.87248103380104,48.080880308795756,0.4
4FGL J1314.7-0901 ,312.61348105101297,53.4008384286214,0.4
4FGL J1314.7+2348 ,1.995085555893366,83.7818419408966,0.4
4FGL J1315.0-4236 ,307.5575454485374,20.048087147804377,0.4
4FGL J1315.1-5333 ,306.5000604922831,9.142205468722402,0.4
4FGL J1315.4+8453 ,122.30026489231011,32.211647196847224,0.4
4FGL J1315.5+1135 ,324.1331346032051,73.46369453956976,0.4
4FGL J1315.7-6220c,305.7468885376776,0.3927884935866065,0.4
4FGL J1315.9-0732 ,313.51483212192653,54.82136352750442,0.4
4FGL J1315.9-6349c,305.6332347735747,-1.086400029172795,0.4
4FGL J1315.9-6243 ,305.74157367556563,0.013982988756895019,0.4
4FGL J1316.1-3338 ,308.79753908824995,28.954199416773257,0.4
4FGL J1316.5+3013 ,63.74096182689833,83.67681907062847,0.4
4FGL J1316.7+2054 ,347.18767699499955,81.51164793987571,0.4
4FGL J1317.1+6613 ,118.84831310102102,50.70206820609621,0.4
4FGL J1317.5-0153 ,316.1677516642518,60.304084696198096,0.4
4FGL J1317.5-6316 ,305.85915741981603,-0.5551922117391227,0.4
4FGL J1317.6+3428 ,87.12540524107457,80.7620728376749,0.4
4FGL J1317.6+7450 ,120.62444853852541,42.172341513859166,0.4
4FGL J1317.8-5358c,306.8484851039428,8.693188890283684,0.4
4FGL J1318.1-3937 ,308.5073183047222,22.95040518487814,0.4
4FGL J1318.1-1740 ,311.9036989145325,44.72823589494799,0.4
4FGL J1318.2+6754 ,119.09920550353132,49.0132408345388,0.4
4FGL J1318.3-1148 ,313.3385135235699,50.5176277317274,0.4
4FGL J1318.5-6352 ,305.90938654599427,-1.1566722243820635,0.4
4FGL J1318.7-1234 ,313.28481861528206,49.74044437976746,0.4
4FGL J1318.8+2534 ,20.23824866724428,83.6556019741722,0.4
4FGL J1318.9-4556 ,307.9253169337646,16.658657544590167,0.4
4FGL J1319.5-0045 ,317.6719384178494,61.30450327357209,0.4
4FGL J1319.5+1404 ,331.03269503325566,75.3839369994002,0.4
4FGL J1319.8+7759 ,121.03249658331897,39.0350258573119,0.4
4FGL J1320.3-6410c,306.07551941138126,-1.4774821566763998,0.4
4FGL J1320.5-6256c,306.2353160157972,-0.26012958916772816,0.4
4FGL J1320.7+3314 ,78.69797965913591,81.20573579588694,0.4
4FGL J1321.1-6239 ,306.335568629904,0.016051396969090588,0.4
4FGL J1321.1+2216 ,358.87459318392695,81.68845593814402,0.4
4FGL J1321.3-2641 ,311.1565920263473,35.69435728402378,0.4
4FGL J1321.9+3219 ,72.9511146523436,81.58643284316844,0.4
4FGL J1322.0+8317 ,121.85988489699976,33.78001057446062,0.4
4FGL J1322.0-4624 ,308.4168290478667,16.13075578099,0.4
4FGL J1322.0-5921 ,306.83330693958294,3.282384129368761,0.4
4FGL J1322.2+0842 ,325.910318374168,70.1905901285532,0.4
4FGL J1322.3-0606 ,316.7408009314652,55.93513088142518,0.4
4FGL J1322.6-0936 ,315.6345818339564,52.49262650262135,0.4
4FGL J1322.6-1418 ,314.2513337628596,47.87628401660119,0.4
4FGL J1322.6-1617 ,313.7453436289458,45.92404113721772,0.4
4FGL J1322.9+0437 ,322.785048158273,66.28039420987224,0.4
4FGL J1323.0+2941 ,54.99450033719618,82.59555202250698,0.4
4FGL J1323.9+1405 ,334.6910613856291,74.91942580697449,0.4
4FGL J1324.0-4330e,309.1675518582022,18.97714956607445,0.4
4FGL J1324.5-2338 ,312.6541342846286,38.606825633813784,0.4
4FGL J1324.6-2525 ,312.3032509871647,36.84723462432273,0.4
4FGL J1324.9+4748 ,107.57570310406234,68.30781016473789,0.4
4FGL J1325.3+6621 ,117.60519014444375,50.418494061371234,0.4
4FGL J1325.3-5413 ,307.93307413228797,8.308978957881518,0.4
4FGL J1325.4-4706 ,308.9213219152235,15.361256687416365,0.4
4FGL J1325.5-4300 ,309.52875218669686,19.418202299630575,0.4
4FGL J1325.6-0227 ,319.8497503365256,59.287895561986375,0.4
4FGL J1326.0+3507 ,82.31491185468332,79.1186672563589,0.4
4FGL J1326.1-6800 ,306.1852126547569,-5.349129260294977,0.4
4FGL J1326.1+2933 ,52.57360190489382,81.98867063326308,0.4
4FGL J1326.1+1232 ,333.78878882027453,73.2885593660109,0.4
4FGL J1326.2+4115 ,98.30905880450234,74.16315906654044,0.4
4FGL J1326.6+0152 ,322.885361509394,63.37962177623107,0.4
4FGL J1326.6-4729 ,309.078164472785,14.957954149636953,0.4
4FGL J1326.7-0503 ,319.11825399261437,56.69351869172061,0.4
4FGL J1326.8-5256 ,308.3337562057152,9.562013238834528,0.4
4FGL J1326.9+2210 ,3.2688683560302065,80.54196964272394,0.4
4FGL J1327.0+3154 ,66.6916914035283,80.90116422796187,0.4
4FGL J1327.8+2522 ,22.889934921475724,81.66057993134446,0.4
4FGL J1328.4-6231 ,307.1891514870884,0.04495708290358982,0.4
4FGL J1328.5-4727 ,309.40741358853927,14.943456893255188,0.4
4FGL J1328.6+1145 ,334.3604170106987,72.32320448510733,0.4
4FGL J1328.9+5019 ,108.29396923186545,65.71778656722199,0.4
4FGL J1329.0-5607 ,308.19277287990644,6.368286041896752,0.4
4FGL J1329.4-0530 ,320.08588358056005,56.093013483596295,0.4
4FGL J1329.6+4739 ,105.43865956009188,68.15190963412088,0.4
4FGL J1329.8-1559 ,316.236458194426,45.887130717255744,0.4
4FGL J1329.9-6108 ,307.56350733023913,1.3843529450088206,0.4
4FGL J1330.2-7003 ,306.2549327091388,-7.437640770267908,0.4
4FGL J1330.2+7002 ,118.11279014388394,46.72241548227389,0.4
4FGL J1330.2-3946 ,311.0018632988165,22.4927541499102,0.4
4FGL J1330.3+4441 ,101.53625755797115,70.79045693125738,0.4
4FGL J1330.4+3157 ,64.97958061896723,80.2501915604894,0.4
4FGL J1330.4+2416 ,17.09240136355585,80.76331723430333,0.4
4FGL J1330.7+5200 ,109.05167742447844,64.0428253735992,0.4
4FGL J1330.7+2933 ,50.887091239111506,81.01478674468149,0.4
4FGL J1331.0+3032 ,56.791003936413,80.68728435004138,0.4
4FGL J1331.0+5653 ,112.30023092889817,59.409519557886846,0.4
4FGL J1331.2-1325 ,317.5823571592698,48.307037597993855,0.4
4FGL J1331.3-3818 ,311.48313778218466,23.904391634635665,0.4
4FGL J1331.6+1711 ,348.04064773021423,76.3948566152163,0.4
4FGL J1331.7-0343 ,321.97760026918587,57.64905328638037,0.4
4FGL J1331.7-0647 ,320.4444425372555,54.69942919184021,0.4
4FGL J1332.0-0509 ,321.36621487442125,56.24915973009784,0.4
4FGL J1332.2+4722 ,104.06354808133733,68.23284996354066,0.4
4FGL J1332.6-1256 ,318.23359691863396,48.70086354836874,0.4
4FGL J1333.0-6626 ,307.08166341018915,-3.9028734900607156,0.4
4FGL J1333.2-4707 ,310.28151335089905,15.153197548600868,0.4
4FGL J1333.2+2725 ,37.139405492932895,80.69822161482165,0.4
4FGL J1333.4+1540 ,345.4919081658538,74.95498245019314,0.4
4FGL J1333.7+5056 ,107.11965557893883,64.87263053019663,0.4
4FGL J1334.1-4154 ,311.3912729893128,20.25332283547737,0.4
4FGL J1334.1-3521 ,312.68240552471747,26.706847588784555,0.4
4FGL J1334.5+5634 ,111.19847866212362,59.56301668230216,0.4
4FGL J1334.6-4435 ,310.973238080398,17.602786454488,0.4
4FGL J1334.8-3856 ,312.0886895497853,23.158273202144073,0.4
4FGL J1335.0-5656 ,308.8828936898812,5.419633494303531,0.4
4FGL J1335.3-2949 ,314.18531358376237,32.080005461084234,0.4
4FGL J1335.5-4546 ,310.9235285435642,16.413773966033904,0.4
4FGL J1335.6+4759 ,103.39339445703504,67.43144190797076,0.4
4FGL J1335.6-4052 ,311.8877908728513,21.232147711027704,0.4
4FGL J1336.2+2107 ,4.854882221298461,78.15910007500628,0.4
4FGL J1336.2+2320 ,14.847283801627551,79.19452411576336,0.4
4FGL J1336.2+2053 ,3.931797115697785,78.01738894415533,0.4
4FGL J1336.5-4655 ,310.8891339073307,15.24524468848598,0.4
4FGL J1336.5-1529 ,318.68798025815016,45.99358312727869,0.4
4FGL J1336.9-4611 ,311.09433021812674,15.949775141647534,0.4
4FGL J1337.4+5502 ,109.35706889237677,60.856729329846445,0.4
4FGL J1337.5-7802 ,305.39246148099454,-15.39408157495417,0.4
4FGL J1337.6-1257 ,320.03773486057855,48.37766648936167,0.4
4FGL J1337.9-1956 ,317.60917410179275,41.597269475993414,0.4
4FGL J1338.0+6534 ,115.32410905585536,50.864381661246156,0.4
4FGL J1338.0-4159 ,312.1338979385654,20.04142410161379,0.4
4FGL J1338.1-0931 ,321.68784869545493,51.64609915043604,0.4
4FGL J1338.4-5923 ,308.88935287600077,2.934784650082414,0.4
4FGL J1338.8-4509 ,311.6426276169803,16.904009567769442,0.4
4FGL J1338.9+1153 ,341.4211684012145,71.12666685298834,0.4
4FGL J1339.0-2400 ,316.679871549422,37.589577987431916,0.4
4FGL J1339.1-2620 ,316.06558388209055,35.3156994170359,0.4
4FGL J1339.9-0138 ,326.93894428408737,58.95637160562732,0.4
4FGL J1340.0-1501 ,320.0350045174457,46.223495954159965,0.4
4FGL J1340.1+3857 ,85.32950228855042,74.39943049980715,0.4
4FGL J1340.4+6926 ,116.65084509536169,47.08154128983791,0.4
4FGL J1340.5+4409 ,95.99214858743053,70.30704543815794,0.4
4FGL J1340.8-0409 ,325.68966349123156,56.510662179155055,0.4
4FGL J1341.1+7433 ,118.50603506409578,42.13506395618702,0.4
4FGL J1341.2+3958 ,87.28258592226437,73.51726147442626,0.4
4FGL J1341.6+5515 ,108.39647285476715,60.43505891731518,0.4
4FGL J1341.7-3907 ,313.4813412801196,22.717022699242946,0.4
4FGL J1341.7-6216 ,308.7439450138144,0.022724855228424302,0.4
4FGL J1341.8-2053 ,318.46981830838416,40.4559199824514,0.4
4FGL J1342.0+1043 ,341.32608534921866,69.73861832470617,0.4
4FGL J1342.6-5730 ,309.78722746539245,4.687688479461222,0.4
4FGL J1342.6+0944 ,340.1506970027209,68.81801312150648,0.4
4FGL J1342.7+0505 ,334.2160931185546,64.798872786127,0.4
4FGL J1343.5-6827 ,307.70446030704034,-6.0708523997031945,0.4
4FGL J1343.6+5755 ,109.89736482332496,57.86968399187614,0.4
4FGL J1343.8-6208 ,309.0135569315939,0.1092171071698005,0.4
4FGL J1344.0+6605 ,114.65317184110808,50.17656840145744,0.4
4FGL J1344.1-7700 ,305.9643010139241,-14.453193945327696,0.4
4FGL J1344.2-1723 ,320.46527007965426,43.668976563570574,0.4
4FGL J1344.2-6517 ,308.4217377269515,-2.989406226255703,0.4
4FGL J1344.4-3656 ,314.5823743151386,24.73495424355778,0.4
4FGL J1344.9-6228 ,309.07403036113976,-0.2455766763532955,0.4
4FGL J1345.3-6253 ,309.0272350783751,-0.6526908293347733,0.4
4FGL J1345.5+4453 ,95.08945588774954,69.20411191274754,0.4
4FGL J1345.6-3356 ,315.59899353203815,27.589862380567578,0.4
4FGL J1345.7-4703 ,312.4635511927232,14.808582780761467,0.4
4FGL J1345.8+0706 ,338.23270774093345,66.17520580428477,0.4
4FGL J1345.9-2612 ,317.8936845986367,35.07210054548499,0.4
4FGL J1346.1-5121 ,311.5734666598902,10.59098326462772,0.4
4FGL J1346.3-6026 ,309.6587794404219,1.7061740135593755,0.4
4FGL J1346.3+7227 ,117.2166600266219,44.05206288625044,0.4
4FGL J1346.5+3646 ,75.96314867568843,74.88170843864991,0.4
4FGL J1346.5+5330 ,105.5203556414779,61.72249520488776,0.4
4FGL J1347.1-2959 ,317.0545811916332,31.356278088651784,0.4
4FGL J1347.4+7309 ,117.3993276123034,43.367226083770426,0.4
4FGL J1347.6-3751 ,315.0161287430163,23.685769962969545,0.4
4FGL J1347.9-0618 ,327.24557009512523,53.880218984940164,0.4
4FGL J1348.5-8700 ,303.7389154355369,-24.231109380867675,0.4
4FGL J1348.9+0756 ,340.9774190651552,66.46757715256706,0.4
4FGL J1349.1-5829 ,310.42674187871717,3.540393170500546,0.4
4FGL J1349.5-7153 ,307.46501839516844,-9.52489169655233,0.4
4FGL J1349.5-1131 ,324.87054846754813,48.86189074456544,0.4
4FGL J1349.5-6206c,309.67526966855365,-0.00017278792416700487,0.4
4FGL J1350.6-6224 ,309.73253865327047,-0.32658922329357165,0.4
4FGL J1350.8+3033 ,51.22015965294132,76.5548524773819,0.4
4FGL J1350.9-2757 ,318.6353481169028,33.0976502370036,0.4
4FGL J1351.0+0029 ,333.626313061177,59.75961546371191,0.4
4FGL J1351.2-6115c,310.0631665369594,0.7806404182947743,0.4
4FGL J1351.3+1115 ,347.39422188233607,68.77511935356291,0.4
4FGL J1351.4-1529 ,323.5687646490693,44.971300282223325,0.4
4FGL J1351.6-6142 ,310.0006995163369,0.3400843382526097,0.4
4FGL J1351.7-2912 ,318.43866798326303,31.837969842651592,0.4
4FGL J1351.7+5542 ,106.18197821354285,59.41130268340949,0.4
4FGL J1351.9+2847 ,43.568173185982495,76.53638833712716,0.4
4FGL J1352.6+3133 ,54.94673916265404,75.96300419372452,0.4
4FGL J1352.7-2742 ,319.1815546811205,33.224141771892135,0.4
4FGL J1353.0-4413 ,314.42449222746205,17.267058544499786,0.4
4FGL J1353.2+3740 ,75.88021305974657,73.26477024891375,0.4
4FGL J1353.3+1434 ,354.9908626139016,70.88546018952609,0.4
4FGL J1353.3-5910 ,310.8050154343082,2.7438766686818767,0.4
4FGL J1353.4+5600 ,106.04202254025336,59.04613833235994,0.4
4FGL J1353.5-6128 ,310.2746036982973,0.5158296893170693,0.4
4FGL J1353.6-6640 ,309.04356189263757,-4.54085933846828,0.4
4FGL J1353.7-3936 ,315.79722891479776,21.694192307792246,0.4
4FGL J1354.1+2557 ,31.679830805414138,75.93946441708873,0.4
4FGL J1354.1-8750 ,303.5764566163164,-25.046933011502038,0.4
4FGL J1354.2+0353 ,338.5247011668984,62.3450420381004,0.4
4FGL J1354.2+6934 ,115.02512618630054,46.58385639845112,0.4
4FGL J1354.3-0206 ,332.83254849851824,57.06174307990834,0.4
4FGL J1354.4+3707 ,73.80407662461045,73.36443160094053,0.4
4FGL J1354.7+0623 ,341.7635104422082,64.37457838892807,0.4
4FGL J1354.8-1041 ,327.1796898226599,49.16889411745822,0.4
4FGL J1355.2-6420e,309.7673432027339,-2.322868175980731,0.4
4FGL J1355.8-6155 ,310.42598119290363,-0.0010742025388956191,0.4
4FGL J1356.0-6747 ,308.99977598337415,-5.691719712621404,0.4
4FGL J1356.2-2454 ,321.08363924062775,35.66657477686768,0.4
4FGL J1356.2-1726 ,324.1880242809124,42.73268261780057,0.4
4FGL J1356.6+0234 ,338.1583982450063,60.907549124026495,0.4
4FGL J1356.9-6432 ,309.89964968533985,-2.558076431736652,0.4
4FGL J1357.1+1921 ,9.152582048418079,73.04520468532503,0.4
4FGL J1357.3+3730 ,73.84888536280629,72.68294100855759,0.4
4FGL J1357.3-6123 ,310.7353500586587,0.477565817775993,0.4
4FGL J1357.5+0127 ,337.40959837614895,59.82729395662089,0.4
4FGL J1357.8-5724 ,311.81373377683286,4.316263234827592,0.4
4FGL J1357.9-4907 ,313.97458383921605,12.31562317212761,0.4
4FGL J1358.0-0050 ,335.4042728240687,57.76791632496392,0.4
4FGL J1358.0-7749 ,306.52613988813266,-15.418792251796384,0.4
4FGL J1358.1+7642 ,118.00869324479456,39.77771873756947,0.4
4FGL J1358.2-6210 ,310.64011181106486,-0.30418642494932263,0.4
4FGL J1358.3-6026 ,311.10155273633364,1.3609805675446536,0.4
4FGL J1358.7-6944 ,308.7335008633524,-7.6338106323729376,0.4
4FGL J1358.7+2355 ,24.728403919010123,74.49354287567131,0.4
4FGL J1358.9-0703 ,330.91018510866127,52.103559551147676,0.4
4FGL J1359.1+5544 ,104.44618591300672,58.883951693336314,0.4
4FGL J1359.1-1152 ,327.9735066277861,47.66827560031486,0.4
4FGL J1359.4+0202 ,338.8021131982132,60.090385463011714,0.4
4FGL J1359.4+1809 ,6.698358403761446,71.95458363889617,0.4
4FGL J1359.5-6615 ,309.71948636309105,-4.28729217658614,0.4
4FGL J1359.7+4012 ,80.09988690132609,70.75095123135765,0.4
4FGL J1359.8-3746 ,317.5809113151017,23.149373550234188,0.4
4FGL J1359.9+3616 ,69.38545538892781,72.83014140665038,0.4
4FGL J1400.0-2415 ,322.3528429286689,36.00355682678343,0.4
4FGL J1400.2-4010 ,316.9147246091064,20.81630181514274,0.4
4FGL J1400.4-6050 ,311.2422625175239,0.9047585818016737,0.4
4FGL J1400.5-6147c,310.99905225506427,-0.006881870821355485,0.4
4FGL J1400.6-5605 ,312.5250269898168,5.489771161631576,0.4
4FGL J1400.6-1432 ,326.98170596425865,45.069179218900885,0.4
4FGL J1401.1-3717 ,318.00162198634223,23.52467686020879,0.4
4FGL J1401.2-0915 ,330.26458624630067,49.87409908242425,0.4
4FGL J1401.2-6116 ,311.2188818244262,0.4737009736374232,0.4
4FGL J1401.3-5012 ,314.23036301271895,11.128804353861455,0.4
4FGL J1401.6-4645 ,315.24541055002425,14.420656217689151,0.4
4FGL J1401.7-3217 ,319.7914645581352,28.270544417463345,0.4
4FGL J1401.9-6130c,311.2376186402101,0.22776418644549332,0.4
4FGL J1402.5-1827 ,325.59461842893114,41.258286098769986,0.4
4FGL J1402.6+1600 ,2.5889253854294862,70.09432156042882,0.4
4FGL J1402.6-3330 ,319.56934029107884,27.055778032191245,0.4
4FGL J1402.7+1306 ,356.4016138760908,68.21181479217482,0.4
4FGL J1403.2-5758 ,312.3575570022352,3.5714953384968067,0.4
4FGL J1403.4+4319 ,85.6224580751235,68.21780322895825,0.4
4FGL J1403.5-6236 ,311.116230394902,-0.883377326160879,0.4
4FGL J1403.6+3606 ,67.7869691783953,72.24650239583451,0.4
4FGL J1403.7+2429 ,27.78021299796428,73.53042043168307,0.4
4FGL J1403.7+1513 ,1.2871040336161006,69.40920529453064,0.4
4FGL J1404.4-6159 ,311.3977539728498,-0.31941057496025954,0.4
4FGL J1404.8-5237 ,314.0735339576728,8.651643629406315,0.4
4FGL J1404.8+6554 ,111.49915150152479,49.56181836023947,0.4
4FGL J1404.8+0402 ,343.3492640613198,61.00400122433774,0.4
4FGL J1405.0-1544 ,327.7238581164068,43.561490146385815,0.4
4FGL J1405.1-6119 ,311.6594923466415,0.2836054389738025,0.4
4FGL J1405.3-0640 ,333.4806321557632,51.752594798549396,0.4
4FGL J1405.3-6008 ,312.0121800115598,1.4167551352000518,0.4
4FGL J1405.9-1853 ,326.36274318870096,40.56466305535065,0.4
4FGL J1406.1-2508 ,323.5926490522981,34.71676119435511,0.4
4FGL J1406.2-7500 ,307.8118144067689,-12.848120994442162,0.4
4FGL J1406.4-1654 ,327.53950163156094,42.35023022721486,0.4
4FGL J1406.5-0054 ,338.77554946115777,56.6498535582338,0.4
4FGL J1406.6-6523 ,310.6603838249772,-3.660787745810027,0.4
4FGL J1406.6-3934 ,318.37150607421546,21.033114371484498,0.4
4FGL J1406.9+1643 ,6.045955906812236,69.66501834993817,0.4
4FGL J1407.1+5312 ,99.77850121288246,60.38257930314327,0.4
4FGL J1407.4-0820 ,333.05015050257344,50.02942139174906,0.4
4FGL J1407.5-2706 ,323.1261908887625,32.76491466386491,0.4
4FGL J1407.6-4301 ,317.4441353890274,17.6896893047238,0.4
4FGL J1407.7-3017 ,321.90487166198227,29.759007570055534,0.4
4FGL J1408.0+3834 ,73.3270695979711,70.31529806974382,0.4
4FGL J1408.1-6010 ,312.3358067007309,1.2964521910148699,0.4
4FGL J1408.6-2917 ,322.50721076821924,30.62862021185983,0.4
4FGL J1408.7+3617 ,66.93889466963876,71.2384644415558,0.4
4FGL J1408.7-3747 ,319.3865169206224,22.600670875842955,0.4
4FGL J1408.9-0751 ,333.89411601909484,50.296447801628105,0.4
4FGL J1408.9-5845c,312.85535124409324,2.6200951250510838,0.4
4FGL J1409.1-6121e,312.11066050510345,0.12566849386737095,0.4
4FGL J1409.7+5940 ,105.86792511651294,54.78535804479075,0.4
4FGL J1409.8+7921 ,118.47388957174307,37.08951521682976,0.4
4FGL J1410.1+0202 ,343.1710770070198,58.61916246750407,0.4
4FGL J1410.3+1438 ,2.7099921165802208,67.78867533940286,0.4
4FGL J1410.3+6058 ,106.89502452212835,53.624164415945756,0.4
4FGL J1410.4+2820 ,41.49674781611459,72.48468708818548,0.4
4FGL J1410.5+6215 ,107.9473913994324,52.500592090983524,0.4
4FGL J1410.7+7405 ,115.75397250889125,41.91480221843756,0.4
4FGL J1410.7-5945 ,312.7739775990902,1.5919203587376927,0.4
4FGL J1411.5-0723 ,335.1239964996686,50.39852219419553,0.4
4FGL J1411.5-6133 ,312.3248426722988,-0.1524587377731348,0.4
4FGL J1411.6+2913 ,44.42756966432113,72.21842183322086,0.4
4FGL J1411.8+5249 ,98.17351209790316,60.26139951370732,0.4
4FGL J1412.0+3836 ,72.2978123854456,69.62061307317433,0.4
4FGL J1412.1-6631 ,310.8578137992442,-4.899739673923391,0.4
4FGL J1412.1+7427 ,115.83426335161315,41.547165034147966,0.4
4FGL J1412.2+2132 ,20.435380523589156,70.78322420222855,0.4
4FGL J1412.2-6018 ,312.78967059581356,1.0111014379055367,0.4
4FGL J1412.9+5018 ,94.5500857331737,62.095959458786865,0.4
4FGL J1413.1-6519 ,311.32938299842766,-3.80168361990356,0.4
4FGL J1413.5-6205 ,312.3775031425634,-0.7334286908592806,0.4
4FGL J1413.5-2820 ,324.0713298658402,31.136173605565734,0.4
4FGL J1413.9-6705 ,310.84929074328613,-5.501328851014476,0.4
4FGL J1414.5+0826 ,353.2585211617458,62.87054499330781,0.4
4FGL J1415.2-5550 ,314.5651584134379,5.127895044384991,0.4
4FGL J1415.3-6110c,312.87185939929356,0.06511693248690778,0.4
4FGL J1415.4-6458 ,311.66646229540106,-3.545752126596372,0.4
4FGL J1415.5+4830 ,91.21304282253465,63.10543282947204,0.4
4FGL J1415.9-1002 ,334.6430475552899,47.55546494863612,0.4
4FGL J1415.9-1504 ,331.39285362878104,43.08153821063156,0.4
4FGL J1416.0+1320 ,2.2209839144248265,65.90604253836896,0.4
4FGL J1416.0+3443 ,60.879739003717106,70.37927603210417,0.4
4FGL J1416.1-2417 ,326.5254124983946,34.66356604071709,0.4
4FGL J1416.4-6123c,312.9340990412858,-0.17777096286324123,0.4
4FGL J1416.5-6145 ,312.8155266813388,-0.5295273998913578,0.4
4FGL J1416.7-5023 ,316.55427033178285,10.213114014588909,0.4
4FGL J1417.3+6059 ,105.69993240856343,53.16712874610146,0.4
4FGL J1417.6-4403 ,318.8864859431147,16.13242286011142,0.4
4FGL J1417.7-6057 ,313.2220444735743,0.17804388036615099,0.4
4FGL J1417.9+4613 ,86.82722695999993,64.36962475043704,0.4
4FGL J1417.9+2543 ,33.695847206590756,70.59906956269948,0.4
4FGL J1418.2-5400 ,315.5766221284351,6.720522200217511,0.4
4FGL J1418.4-0233 ,341.58009610704863,53.65508679885989,0.4
4FGL J1418.4+3543 ,63.21207560270476,69.59920974861753,0.4
4FGL J1418.7-3504 ,322.4568555132953,24.468797265873164,0.4
4FGL J1418.7-6057 ,313.33084477320006,0.13078415066722018,0.4
4FGL J1418.7-6110 ,313.2635048974001,-0.06845915660212801,0.4
4FGL J1418.9+7731 ,117.025725078356,38.57504332713612,0.4
4FGL J1419.2-6029 ,313.5423160158807,0.5613098596778464,0.4
4FGL J1419.3+0444 ,349.9303474481329,59.337796494991274,0.4
4FGL J1419.4-0838 ,336.8055786744207,48.35683847378135,0.4
4FGL J1419.5+2527 ,33.07688919429138,70.20427250975382,0.4
4FGL J1419.5+3821 ,69.84807057173703,68.4125140168059,0.4
4FGL J1419.6-5153 ,316.4932226855717,8.642744720679298,0.4
4FGL J1419.8+5423 ,98.29891760164762,58.30302091297586,0.4
4FGL J1420.0-6048 ,313.5293998760089,0.2307247275557493,0.4
4FGL J1420.3-0438 ,340.3377027156899,51.6502147969137,0.4
4FGL J1420.3-6046e,313.57067861093907,0.24041282031868738,0.4
4FGL J1420.3+0612 ,352.23234159772466,60.25811113085496,0.4
4FGL J1420.7-6701 ,311.50329688724247,-5.657829609105256,0.4
4FGL J1420.8-3729 ,321.94540305496156,22.061615119504367,0.4
4FGL J1420.9-7920 ,307.15630285364153,-17.219163916149895,0.4
4FGL J1420.9-6127c,313.4138533673267,-0.42385033345163203,0.4
4FGL J1420.9-2431 ,327.6354602757906,34.012755241656805,0.4
4FGL J1421.1-4614 ,318.6999122063874,13.862771537064033,0.4
4FGL J1421.1-1120 ,335.3841505471136,45.8038392317682,0.4
4FGL J1421.1+3859 ,71.02453967900935,67.86243860484906,0.4
4FGL J1421.4-1655 ,331.87616822815073,40.82902685262604,0.4
4FGL J1421.6-4819 ,318.0352654113966,11.876801108005527,0.4
4FGL J1422.3-6059 ,313.7369706113953,-0.040544672471417235,0.4
4FGL J1422.5-6137 ,313.5296120932921,-0.6477765650353046,0.4
4FGL J1422.5+3223 ,53.34118708111478,69.58369845100864,0.4
4FGL J1422.6+5801 ,101.84902672039404,55.21143453117866,0.4
4FGL J1422.6+8150 ,119.10100843761559,34.59464792455707,0.4
4FGL J1423.1+3738 ,67.30788283130515,68.04903792861981,0.4
4FGL J1423.3-5655 ,315.2558057406557,3.733838230541257,0.4
4FGL J1423.5+4524 ,83.93665361928221,64.13391104867755,0.4
4FGL J1423.6-7829 ,307.6078676340605,-16.459292215034274,0.4
4FGL J1423.7-4458 ,319.60088188786466,14.895476636853651,0.4
4FGL J1424.1-1750 ,332.0730320474677,39.72543950216472,0.4
4FGL J1424.1+2917 ,44.43377062545511,69.50134436978252,0.4
4FGL J1424.2+0433 ,351.45594979844145,58.40298409361399,0.4
4FGL J1424.2-6111c,313.8751022686526,-0.3136299907810296,0.4
4FGL J1424.5+3433 ,59.09113646075458,68.74562786337911,0.4
4FGL J1424.5+3705 ,65.66820983250132,67.98504083198287,0.4
4FGL J1424.6+1447 ,8.007460554824364,65.04539686941996,0.4
4FGL J1424.8+4910 ,89.99590586086391,61.55047112591744,0.4
4FGL J1424.8-6536 ,312.3795723702619,-4.471050069421629,0.4
4FGL J1424.8-8012 ,306.998510385719,-18.08328116063499,0.4
4FGL J1424.8-6808 ,311.47895092438415,-6.841298077926476,0.4
4FGL J1425.0+3615 ,63.47060375918488,68.17861662323972,0.4
4FGL J1425.4-0119 ,345.1888171860134,53.643358975012056,0.4
4FGL J1425.8+1423 ,7.600794983838854,64.58748518840834,0.4
4FGL J1426.1+3403 ,57.561632236342525,68.52975009641393,0.4
4FGL J1426.4+3625 ,63.671900446194634,67.84317656521642,0.4
4FGL J1427.0+2348 ,29.493181693380755,68.20423293567403,0.4
4FGL J1427.4-1823 ,332.6586565617458,38.87013409517447,0.4
4FGL J1427.6-3305 ,325.17891260896386,25.587684076383663,0.4
4FGL J1427.7-3215 ,325.58464614388754,26.345196733405015,0.4
4FGL J1427.8-6051 ,314.4012816429541,-0.14765682590194754,0.4
4FGL J1427.9-4206 ,321.4485607214852,17.269458373246586,0.4
4FGL J1428.0-6026c,314.5836854193636,0.22770329759158456,0.4
4FGL J1428.1+1629 ,12.51873755660668,65.2163025497504,0.4
4FGL J1428.3+5635 ,99.20829966121364,55.84296899584489,0.4
4FGL J1428.4+0538 ,354.3408016954214,58.46038460143031,0.4
4FGL J1428.5+4240 ,77.50387754606936,64.90097477933789,0.4
4FGL J1428.6+0705 ,356.41120259625524,59.44647222630475,0.4
4FGL J1428.7-1017 ,338.4633383325693,45.75177675359686,0.4
4FGL J1428.8+7429 ,114.52918119920807,41.015712335514834,0.4
4FGL J1428.9+5406 ,96.06919909672847,57.63518117077731,0.4
4FGL J1429.8-3058 ,326.6145990307104,27.337645008292924,0.4
4FGL J1429.8-0739 ,340.8523699356432,47.84680772605352,0.4
4FGL J1429.9-5911 ,315.2617034566797,1.303807585773088,0.4
4FGL J1430.5+3647 ,63.91834104006293,66.95178632005444,0.4
4FGL J1430.6+1543 ,11.651201302516013,64.32759499862637,0.4
4FGL J1430.9-6024c,314.92228475235135,0.11741544814188636,0.4
4FGL J1431.0-4432 ,321.00982820171396,14.808185202404868,0.4
4FGL J1431.0-4458 ,320.84394346641125,14.39880953350469,0.4
4FGL J1431.1-3120 ,326.7394974610016,26.87275303313299,0.4
4FGL J1431.4-4711 ,320.03532052257475,12.327429920975995,0.4
4FGL J1431.5-6627 ,312.7062432023555,-5.509303588784454,0.4
4FGL J1432.1+5020 ,90.14957358982649,59.88956168000105,0.4
4FGL J1432.2+5051 ,90.90875512059556,59.53508455369588,0.4
4FGL J1432.8+7648 ,115.72146286680052,38.86891266878057,0.4
4FGL J1433.0-1801 ,334.37244340986473,38.57268600269522,0.4
4FGL J1433.5-5457 ,317.3163186003945,5.03149697984675,0.4
4FGL J1433.7-7304 ,310.3027783931432,-11.688596035646675,0.4
4FGL J1433.8-6357 ,313.8832260894104,-3.2903346941614373,0.4
4FGL J1434.1-4931 ,319.53187200041043,10.010267004283362,0.4
4FGL J1434.2+4204 ,75.07507472650738,64.26975661107444,0.4
4FGL J1434.5+5428 ,95.46736081030875,56.80086040373978,0.4
4FGL J1434.7+1950 ,21.35307601934218,65.28432139214371,0.4
4FGL J1434.8+6640 ,108.16284269022098,47.37731234846793,0.4
4FGL J1435.3+7120 ,111.79046331359422,43.47407543560711,0.4
4FGL J1435.4+3338 ,55.513854851760705,66.72272060734942,0.4
4FGL J1435.5+2021 ,22.67523664030587,65.29095259474316,0.4
4FGL J1435.7+6148 ,103.559641774931,51.217708986239074,0.4
4FGL J1435.8-6018 ,315.51870859288823,-0.01864190198630133,0.4
4FGL J1435.9-8348 ,305.8608724938784,-21.5330883738073,0.4
4FGL J1436.4+3900 ,68.10087296478483,65.12192017732096,0.4
4FGL J1436.9+2321 ,29.821812841517783,65.90096446537412,0.4
4FGL J1436.9+5638 ,97.72793645909773,55.011408820294896,0.4
4FGL J1437.3-3239 ,327.4170934200214,25.13259414710041,0.4
4FGL J1437.6-5616 ,317.3287231874026,3.595993714666664,0.4
4FGL J1438.0+0219 ,353.3015524816302,54.42325943307326,0.4
4FGL J1438.0-3128 ,328.1526667765761,26.131444741821685,0.4
4FGL J1438.1-2201 ,333.25927703281013,34.48016682854941,0.4
4FGL J1438.4+2924 ,44.78999768534739,66.37778885960756,0.4
4FGL J1438.5-4207 ,323.316928221782,16.46528797862494,0.4
4FGL J1438.6+1205 ,7.289000798458591,60.7213640990002,0.4
4FGL J1438.7+4849 ,86.48070524210402,60.00494710595161,0.4
4FGL J1438.9+3710 ,63.60926468143093,65.23627702514831,0.4
4FGL J1439.1+2217 ,27.662397667481766,65.12439580333078,0.4
4FGL J1439.2-5142 ,319.38885572885096,7.682587851049095,0.4
4FGL J1439.3+3932 ,68.82767589594825,64.4205770866261,0.4
4FGL J1439.5-2525 ,331.65169288934516,31.355053267818615,0.4
4FGL J1439.7+4958 ,88.08183508640936,59.17961228613343,0.4
4FGL J1439.9-3953 ,324.55781663311416,18.374933376888514,0.4
4FGL J1440.0-2343 ,332.72373293434345,32.792366327441286,0.4
4FGL J1440.0-1530 ,337.8832994637876,39.87441033686272,0.4
4FGL J1440.2-5505 ,318.15440168357964,4.536333494667614,0.4
4FGL J1440.6-3846 ,325.1936462152341,19.326561617929254,0.4
4FGL J1440.9+0609 ,359.05508464580737,56.58008279107768,0.4
4FGL J1441.4-1934 ,335.5596791640675,36.23164895430321,0.4
4FGL J1441.6-5951c,316.36096979586404,0.10646307775525214,0.4
4FGL J1441.6-1522 ,338.4129146482305,39.783843634856076,0.4
4FGL J1441.7+1836 ,20.21003939261527,63.266610843954204,0.4
4FGL J1442.0+4348 ,77.03766328750939,62.19637842206547,0.4
4FGL J1442.0+0732 ,1.30005108117389,57.280396666369505,0.4
4FGL J1442.1-2800 ,330.83730747401387,28.798137298382386,0.4
4FGL J1442.1-3707 ,326.25168784582206,20.676558714258473,0.4
4FGL J1442.2+0622 ,359.7250369491338,56.48498294747149,0.4
4FGL J1442.2-6005 ,316.33533320925517,-0.13442717321298606,0.4
4FGL J1442.6-4623 ,322.1561733721273,12.292401672789982,0.4
4FGL J1442.7+1200 ,8.328534131093976,59.843463781874256,0.4
4FGL J1443.0-6227e,315.4418876622386,-2.320398728890438,0.4
4FGL J1443.1+5201 ,90.51844803239486,57.490472464109814,0.4
4FGL J1443.1+4728 ,83.40824282857345,60.17306011023525,0.4
4FGL J1443.6+2515 ,35.0693274318467,64.81959641730698,0.4
4FGL J1443.7-0954 ,343.10175603699423,44.03455518296482,0.4
4FGL J1443.7-7037 ,312.05274918193817,-9.765411715147973,0.4
4FGL J1443.9-3908 ,325.6411489694472,18.710813651402145,0.4
4FGL J1443.9+2501 ,34.56578323685391,64.69567705842684,0.4
4FGL J1444.1+7601 ,114.4737078995826,39.189946062474256,0.4
4FGL J1444.5+1922 ,22.342390651246912,62.946076117998814,0.4
4FGL J1444.8+3645 ,61.95814409612764,64.21431268636572,0.4
4FGL J1444.9-5939 ,316.82860510740886,0.1143901895207094,0.4
4FGL J1445.0-0326 ,349.2302216333679,48.93457230351768,0.4
4FGL J1445.1-5958c,316.7074427581524,-0.1824182443296303,0.4
4FGL J1445.2-1954 ,336.30467964939595,35.49209023597423,0.4
4FGL J1445.9-5907 ,317.1625218716963,0.5483578077472804,0.4
4FGL J1445.9-1626 ,338.79576773006886,38.31713742929023,0.4
4FGL J1446.0-3039 ,330.2717430954746,26.05333129771924,0.4
4FGL J1446.3+3111 ,49.0658057231626,64.65592849290243,0.4
4FGL J1446.6-4701 ,322.5021237921526,11.420595476123976,0.4
4FGL J1446.7+1719 ,18.748437856605904,61.65393037982305,0.4
4FGL J1446.8-1830 ,337.6250750167905,36.46166038164385,0.4
4FGL J1447.0-2657 ,332.5024131738898,29.188371856631292,0.4
4FGL J1447.4-5757 ,317.8428012970048,1.523135045778122,0.4
4FGL J1448.0+3608 ,60.24461395346327,63.713247614124676,0.4
4FGL J1449.3-4300 ,324.777282139274,14.810669032984464,0.4
4FGL J1449.4-6026 ,316.99208843886464,-0.8239689376588183,0.4
4FGL J1449.5+2746 ,41.228625712909015,63.844215296582654,0.4
4FGL J1449.6-2137 ,336.28827785442434,33.47488242413061,0.4
4FGL J1449.7-0910 ,345.3468346025686,43.736405159254204,0.4
4FGL J1449.8-5923c,317.5017127189853,0.09133018846321124,0.4
4FGL J1450.2-5937c,317.4415965276233,-0.14371059650522605,0.4
4FGL J1450.4+0910 ,6.02091752169458,56.661648697195034,0.4
4FGL J1450.8-1424 ,341.5064196641163,39.35991664972106,0.4
4FGL J1450.8+5201 ,89.16824893070208,56.54607953083966,0.4
4FGL J1451.4-5422 ,319.91249132779035,4.486291569730402,0.4
4FGL J1451.4+6355 ,103.57622991243586,48.45512876658778,0.4
4FGL J1451.4-5142 ,321.1222803621532,6.870563718820963,0.4
4FGL J1451.5+1415 ,14.316007190514595,59.217343103194864,0.4
4FGL J1451.6-3726 ,327.87992149149005,19.53564419566383,0.4
4FGL J1451.8-3851 ,327.21578429013164,18.275413238113977,0.4
4FGL J1452.0-4148 ,325.81809006790274,15.645250919396917,0.4
4FGL J1453.0-1318 ,342.89464428355257,39.94184861658058,0.4
4FGL J1453.4-5858 ,318.09994985055755,0.26264357527769416,0.4
4FGL J1453.5+3505 ,57.5202160004608,62.79627084460758,0.4
4FGL J1454.0-5319 ,320.73307620528874,5.258910178913784,0.4
4FGL J1454.0+4927 ,84.74010624857192,57.57700433780864,0.4
4FGL J1454.1+1622 ,18.57374746804752,59.64193114134813,0.4
4FGL J1454.1+2647 ,39.32502994384503,62.712488236709866,0.4
4FGL J1454.3-5551 ,319.6186402111354,2.98646697338719,0.4
4FGL J1454.3-3946 ,327.20834310630295,17.237051149918035,0.4
4FGL J1454.4-3744 ,328.2503550181715,19.000023439428556,0.4
4FGL J1454.4+5124 ,87.66787162901089,56.45126214236952,0.4
4FGL J1454.7+5237 ,89.40656802461358,55.72649168378845,0.4
4FGL J1454.8-2456 ,335.4235302628347,30.025146292776267,0.4
4FGL J1455.0+0247 ,358.825985177308,51.719101480194745,0.4
4FGL J1455.4-3654 ,328.8556872683499,19.640226298611495,0.4
4FGL J1455.8-7601 ,310.35415515220194,-14.971521883588125,0.4
4FGL J1455.9-3331 ,330.7523533126433,22.528720140875485,0.4
4FGL J1456.0+5051 ,86.57788758899041,56.55858532280608,0.4
4FGL J1456.3-5419 ,320.5835159399168,4.212443330922285,0.4
4FGL J1456.4-7129 ,312.59104456288935,-11.002158426637843,0.4
4FGL J1456.4-5923c,318.2526688403141,-0.29037408635881456,0.4
4FGL J1456.7-6050c,317.6137359095206,-1.590293856161958,0.4
4FGL J1456.8-6122 ,317.3704152953254,-2.0768879015560184,0.4
4FGL J1457.3-4246 ,326.238717791889,14.325278334826548,0.4
4FGL J1457.4-3539 ,329.89741311350576,20.535388823255154,0.4
4FGL J1457.8-4642 ,324.40064839287953,10.830861600166159,0.4
4FGL J1458.1+4119 ,69.85798980195464,60.45272035897932,0.4
4FGL J1458.6+3722 ,61.938889216820584,61.37819858675775,0.4
4FGL J1458.8-2120 ,338.60240189018555,32.566706675427014,0.4
4FGL J1459.0+7140 ,109.99322194045341,42.10191031510119,0.4
4FGL J1459.0+6129 ,100.04141439046046,49.58150472103028,0.4
4FGL J1459.0-5819 ,319.0447572935759,0.49267187871826523,0.4
4FGL J1459.0-5353 ,321.139340112742,4.404154496871673,0.4
4FGL J1459.5-6053 ,317.8859230514582,-1.7915297305553521,0.4
4FGL J1459.5+1527 ,18.10775709092371,58.08013953655882,0.4
4FGL J1459.9-2322 ,337.52342119878347,30.731531406264725,0.4
4FGL J1500.1-5846 ,318.9503534316115,0.029013026535114537,0.4
4FGL J1500.2+2640 ,39.499235774054355,61.36391684483227,0.4
4FGL J1500.7+4752 ,81.1616859062942,57.42239323797025,0.4
4FGL J1500.9+5528 ,92.42155948290667,53.29620002019389,0.4
4FGL J1501.0-6310e,316.9536363444247,-3.890774440840956,0.4
4FGL J1501.0+2238 ,31.44775890424167,60.35147705234436,0.4
4FGL J1501.2-6624 ,315.41404574250004,-6.741823778997211,0.4
4FGL J1501.6-5236 ,322.08591090998107,5.351211593530774,0.4
4FGL J1502.2-5933 ,318.8191385650724,-0.7763011523392553,0.4
4FGL J1502.5+5552 ,92.73668398789577,52.8712494953554,0.4
4FGL J1502.6+0207 ,0.04240486771302051,49.869117355504244,0.4
4FGL J1502.7+4120 ,69.32582451912116,59.617498279263984,0.4
4FGL J1503.3+1651 ,21.22003515309418,57.86894328903914,0.4
4FGL J1503.3-8136 ,307.7765665071714,-20.01365771312775,0.4
4FGL J1503.5+4759 ,80.95814043168478,56.942077011897965,0.4
4FGL J1503.6-6427 ,316.59180754102135,-5.145133622032704,0.4
4FGL J1503.6-4146 ,327.78788371995245,14.621771159029791,0.4
4FGL J1503.7-1540 ,343.7349105568012,36.49997015537978,0.4
4FGL J1503.7-5801 ,319.7238073947738,0.46328498390438194,0.4
4FGL J1503.9-4247 ,327.3163036780302,13.709132349370156,0.4
4FGL J1504.4+1029 ,11.386452476600226,54.58318212894376,0.4
4FGL J1504.5-0127 ,356.5754841339605,47.06830462564394,0.4
4FGL J1504.6+4343 ,73.49973426828548,58.51135802361099,0.4
4FGL J1504.9+2027 ,27.858358947922795,58.82720261480247,0.4
4FGL J1505.0-3433 ,331.918545826419,20.689773710882164,0.4
4FGL J1505.0+0326 ,2.228558613662266,50.26112622155296,0.4
4FGL J1505.1-5145 ,322.9789280142912,5.835335852629086,0.4
4FGL J1505.3-5852 ,319.4963670055346,-0.3827594510528201,0.4
4FGL J1505.5-8241 ,307.24167531474615,-20.977450313776394,0.4
4FGL J1506.1+3731 ,61.65776538448238,59.899636753604774,0.4
4FGL J1506.4-0540 ,352.8557282556759,43.724438920721184,0.4
4FGL J1506.4+4331 ,72.92664901778956,58.26554654813136,0.4
4FGL J1506.5-5708 ,320.4883327576005,1.0458098145942347,0.4
4FGL J1506.6+0813 ,8.72412681059569,52.85130098808648,0.4
4FGL J1506.9-7003 ,314.06904063604475,-10.178590603677247,0.4
4FGL J1507.1-1901 ,342.0931995113299,33.32599651240064,0.4
4FGL J1507.2-1651 ,343.68625543328307,35.05011708675229,0.4
4FGL J1507.2+1721 ,22.771518648192252,57.20028917084196,0.4
4FGL J1507.3-3710 ,330.88151462314926,18.20903630150537,0.4
4FGL J1507.3+3341 ,53.9846778875954,60.11497402930189,0.4
4FGL J1507.4-6450c,316.75693576377466,-5.6911269478551985,0.4
4FGL J1507.7-5403 ,322.16749094732967,3.643905375689524,0.4
4FGL J1507.9-6228e,317.993284338892,-3.656315916381567,0.4
4FGL J1508.4+7717 ,113.97466558828836,37.34765433903386,0.4
4FGL J1508.4-4817 ,325.185386816112,8.58016665895538,0.4
4FGL J1508.5-4951 ,324.4016064593644,7.205761537618858,0.4
4FGL J1508.8+2708 ,40.97702146459924,59.532917128266305,0.4
4FGL J1508.9-4110 ,329.00008495271334,14.637993989644107,0.4
4FGL J1509.4-5850 ,319.9758155563652,-0.6160480273419783,0.4
4FGL J1509.6-4334 ,327.824290557972,12.513288915652883,0.4
4FGL J1509.7+5556 ,91.83941690522829,52.01121986581936,0.4
4FGL J1509.8-2906 ,336.04140714553705,24.723108411512253,0.4
4FGL J1510.1+5702 ,93.23094800797513,51.33016468240757,0.4
4FGL J1510.1-5750 ,320.5620864929912,0.1953203588962031,0.4
4FGL J1510.4-3017 ,335.4330281992428,23.66674818466027,0.4
4FGL J1510.8+7959 ,115.95441388196956,35.16911028410851,0.4
4FGL J1510.8-0542 ,353.9008961920112,42.95292601343553,0.4
4FGL J1510.9+0551 ,6.619937814425101,50.607338762463186,0.4
4FGL J1511.2-5803 ,320.571149311772,-0.062453377784664775,0.4
4FGL J1511.4-0430 ,355.2240950867913,43.701251232502536,0.4
4FGL J1511.8-0513 ,354.613592703895,43.12779475497867,0.4
4FGL J1512.1-2255 ,340.50624015710883,29.492409701371045,0.4
4FGL J1512.2+4704 ,78.31774367020131,56.017526033341106,0.4
4FGL J1512.2+0202 ,2.342367536084992,47.98128888452199,0.4
4FGL J1512.8-0906 ,351.28754356564053,40.13121337173316,0.4
4FGL J1512.9-5639 ,321.49746147312453,1.0252990028421165,0.4
4FGL J1513.0-3118 ,335.33342335733187,22.515455345752923,0.4
4FGL J1513.0-6549 ,316.75758812265605,-6.833794631430845,0.4
4FGL J1513.2-7131 ,313.75379823438493,-11.694345457670751,0.4
4FGL J1513.4-3721 ,331.8585372788062,17.4089754016839,0.4
4FGL J1513.4-0753 ,352.52058268823174,40.92093566056791,0.4
4FGL J1513.4-3231 ,334.6786709467677,21.447685311933448,0.4
4FGL J1513.4-2549 ,338.85067748850054,26.963247556006397,0.4
4FGL J1513.6-2830 ,337.16556051931923,24.756359158044262,0.4
4FGL J1513.7-1519 ,346.35503466050824,35.27112100263414,0.4
4FGL J1514.0-6240 ,318.4929107115322,-4.1896591711977695,0.4
4FGL J1514.1-5805c,320.8922681025729,-0.2829984596211707,0.4
4FGL J1514.2-5909e,320.34581194458934,-1.2088791319142653,0.4
4FGL J1514.3-4946 ,325.24716232785676,6.808679438489436,0.4
4FGL J1514.4-7719 ,310.6163653961528,-16.647652518888254,0.4
4FGL J1514.4+2939 ,46.10353722531858,58.56465371896372,0.4
4FGL J1514.6-2044 ,342.53852001403214,30.895241789085826,0.4
4FGL J1514.7-3617 ,332.6971521988501,18.162447137225158,0.4
4FGL J1514.8-4748 ,326.3541888382201,8.431242329096268,0.4
4FGL J1514.8-0949 ,351.140309569155,39.27311569630463,0.4
4FGL J1514.8+4448 ,74.22781891046492,56.41607782690152,0.4
4FGL J1515.5-4242 ,329.2302507675765,12.676538569284231,0.4
4FGL J1515.6-5817c,320.9508281560867,-0.5562205079617161,0.4
4FGL J1515.7-2321 ,340.9562336033156,28.653557077928404,0.4
4FGL J1516.0+2424 ,36.39236146422319,57.44139090363275,0.4
4FGL J1516.1-6429 ,317.73520137986714,-5.868974587026985,0.4
4FGL J1516.1+4351 ,72.44881561668244,56.49897536184694,0.4
4FGL J1516.4-2640 ,338.8942808374256,25.885750917776775,0.4
4FGL J1516.4-1523 ,346.9167144390652,34.82266644297348,0.4
4FGL J1516.5+0015 ,1.3707209334245973,46.01944471198934,0.4
4FGL J1516.8+2918 ,45.52749335424092,58.02079681272261,0.4
4FGL J1516.8+3651 ,59.75765016648366,57.883355907662086,0.4
4FGL J1516.9+1934 ,28.063963602400825,55.88030701249607,0.4
4FGL J1517.0-4600 ,327.6517840188039,9.760889388453304,0.4
4FGL J1517.0+2639 ,40.57608721609057,57.646555695365784,0.4
4FGL J1517.3+6630 ,103.45655285404803,44.707091698679534,0.4
4FGL J1517.7-2422 ,340.6809859346259,27.576648222773404,0.4
4FGL J1517.7-4446 ,328.42813790790586,10.732752523826907,0.4
4FGL J1517.7+6525 ,102.2666342925999,45.39200018448483,0.4
4FGL J1517.9-5233 ,324.2597800724202,4.142131362345758,0.4
4FGL J1518.0-2731 ,338.66560323839616,24.98502026244471,0.4
4FGL J1518.4+0750 ,10.8506169135682,50.23349676972016,0.4
4FGL J1518.6+0614 ,8.838046499627252,49.29513241388393,0.4
4FGL J1518.6+4044 ,66.77072236564149,56.87944557162603,0.4
4FGL J1518.8+0203 ,3.8860107757585256,46.730448251908584,0.4
4FGL J1518.9-5903c,320.9181211234637,-1.431435303342904,0.4
4FGL J1519.7-6013c,320.3700276904138,-2.4678524382945612,0.4
4FGL J1519.7+6727 ,104.22222989116388,43.894312477637385,0.4
4FGL J1520.0-0905 ,352.98203116612007,38.936026514021115,0.4
4FGL J1520.4+5546 ,90.28887244187709,50.84447470252325,0.4
4FGL J1520.5+4209 ,69.11672169986761,56.20406812045524,0.4
4FGL J1520.8-0348 ,358.1165935726718,42.50323215239031,0.4
4FGL J1520.9-3805 ,332.7247007128411,15.984333003838206,0.4
4FGL J1521.1+0421 ,7.109782193443824,47.67488719668886,0.4
4FGL J1521.5-2832 ,338.6917410950493,23.724599864349855,0.4
4FGL J1521.5-8057c,308.7758819994952,-19.83665967330894,0.4
4FGL J1521.7+1650 ,24.352755450132094,53.82219703194193,0.4
4FGL J1521.8+4338 ,71.54161449171164,55.58456009186953,0.4
4FGL J1521.9-5735 ,322.0359976466357,-0.4117696801504002,0.4
4FGL J1522.1+3144 ,50.16810490767906,57.01954390724822,0.4
4FGL J1522.5+0844 ,12.888466658911394,49.869500590021055,0.4
4FGL J1522.6-2730 ,339.587755325039,24.40012694847297,0.4
4FGL J1523.1+3413 ,54.732646024030146,56.81783335712439,0.4
4FGL J1523.2-3941 ,332.18431194530274,14.40473295802262,0.4
4FGL J1523.2+0533 ,9.008775473072372,47.94617670341407,0.4
4FGL J1523.2+2818 ,43.96726000923836,56.509873906819635,0.4
4FGL J1524.2+1523 ,22.53323198214952,52.69031005103084,0.4
4FGL J1524.6-6245 ,319.4779452435013,-4.913270315717946,0.4
4FGL J1524.8-5904 ,321.5396113233659,-1.8542373365219016,0.4
4FGL J1525.2-3316c,336.39644220183357,19.418682655615754,0.4
4FGL J1525.7-4334 ,330.32157723290777,10.942038897290368,0.4
4FGL J1526.1-0831 ,354.8672655319598,38.28727986297737,0.4
4FGL J1526.3-4501 ,329.58741271040316,9.672475999721806,0.4
4FGL J1526.6-3810 ,333.64100796007375,15.2786668069521,0.4
4FGL J1526.6-2743 ,340.2160841521732,23.680558195721282,0.4
4FGL J1526.7-1529 ,349.0932796762584,33.11945874813182,0.4
4FGL J1526.9+7358 ,110.05011100918688,39.010255268002496,0.4
4FGL J1527.3-3103 ,338.15648143726776,20.94483962348145,0.4
4FGL J1527.3+3117 ,49.45770135437249,55.89071360833906,0.4
4FGL J1527.4+1717 ,25.936552155269453,52.732746366871524,0.4
4FGL J1527.8+1013 ,15.902839256946413,49.51331682966365,0.4
4FGL J1527.9-4943 ,327.1426274294782,5.651051032650073,0.4
4FGL J1528.2-2448 ,342.5122994236015,25.76335665348952,0.4
4FGL J1528.2-2905 ,339.6269171164853,22.391268857709857,0.4
4FGL J1528.4-5838 ,322.1687802805166,-1.754182733694889,0.4
4FGL J1528.4+2004 ,30.415135870259373,53.49251262724063,0.4
4FGL J1528.4-6729 ,317.1338227698063,-9.058807245449682,0.4
4FGL J1528.5-2240 ,344.071342352032,27.38305392590244,0.4
4FGL J1529.2+3812 ,61.66335345790314,55.28879455083982,0.4
4FGL J1529.4-6027 ,321.24465805188936,-3.333082323596792,0.4
4FGL J1529.7+6733 ,103.47290273397516,43.10644815278372,0.4
4FGL J1530.0-1522 ,349.8867031916376,32.67689022111136,0.4
4FGL J1530.3+2709 ,42.326097692006904,54.80896614275784,0.4
4FGL J1530.5+5850 ,93.21617766564746,48.08161068026126,0.4
4FGL J1530.5-3026 ,339.16042331065114,21.01156725824993,0.4
4FGL J1530.9+5736 ,91.5918643748492,48.66892442878718,0.4
4FGL J1531.5-5612 ,323.89483938091035,-0.0003439629487939401,0.4
4FGL J1531.6+0406 ,9.051533115148434,45.40542936102133,0.4
4FGL J1531.7+4710 ,76.4385853686758,52.88099168859214,0.4
4FGL J1532.0+3016 ,47.775494594089864,54.816960387018334,0.4
4FGL J1532.3-3857 ,334.0902994299888,13.987450962280182,0.4
4FGL J1532.7+2342 ,36.75106702845011,53.56901425089604,0.4
4FGL J1532.7-1319 ,352.14940853176915,33.71204457568141,0.4
4FGL J1532.9-0313 ,1.3866183053714165,40.64187526212581,0.4
4FGL J1533.0-6239 ,320.32618427785513,-5.381532695027344,0.4
4FGL J1533.2+1855 ,29.234449149568533,52.04647905012383,0.4
4FGL J1533.2+3416 ,54.72511146564005,54.7190740925051,0.4
4FGL J1533.7-2130 ,345.9661839891888,27.494044686308087,0.4
4FGL J1533.9-5712e,323.59514047099225,-0.999946926531918,0.4
4FGL J1534.0-5232 ,326.2938621533546,2.7899566926582797,0.4
4FGL J1534.3-3312 ,338.03766349397796,18.343157874488025,0.4
4FGL J1534.4-6719 ,317.707095275521,-9.249754012420818,0.4
4FGL J1534.7-5842 ,322.7935195824136,-2.290095178498281,0.4
4FGL J1534.7+2331 ,36.65497649592578,53.07167864142025,0.4
4FGL J1534.8+3716 ,59.86949476074443,54.268516703566405,0.4
4FGL J1534.8+0131 ,6.785662562511976,43.230182188661125,0.4
4FGL J1535.0+5320 ,85.36844020858398,50.125776883128154,0.4
4FGL J1535.3-3135 ,339.26819946236196,19.478800818516294,0.4
4FGL J1535.4+3919 ,63.323524911770356,53.94442846189951,0.4
4FGL J1535.8-4730 ,329.4894679628504,6.707082401179522,0.4
4FGL J1535.9+3743 ,60.611290065442084,54.02583373336272,0.4
4FGL J1536.0-2729 ,342.1560903816495,22.57508984267286,0.4
4FGL J1536.2-6023 ,321.9647288003549,-3.758345449038982,0.4
4FGL J1536.4-4948 ,328.19953659024776,4.786644943203524,0.4
4FGL J1536.5-6855 ,316.90303002090025,-10.66280113074616,0.4
4FGL J1536.8-3155 ,339.3140546090072,19.021560770244562,0.4
4FGL J1536.8-4327 ,332.0634904038777,9.858913551934059,0.4
4FGL J1536.9-3731 ,335.7287678324155,14.58331644739665,0.4
4FGL J1537.2+2635 ,41.8287945154493,53.18745828940076,0.4
4FGL J1537.3-6110 ,321.6110459156483,-4.47453290435745,0.4
4FGL J1537.5+0046 ,6.50471712449377,42.25817881036121,0.4
4FGL J1537.7-7957 ,309.9815914378266,-19.445318537720336,0.4
4FGL J1537.8+2528 ,40.057702061747385,52.83181372180191,0.4
4FGL J1537.9-1344 ,352.8839442476965,32.54609513873405,0.4
4FGL J1538.0-4638 ,330.3192401765748,7.176516079338593,0.4
4FGL J1538.2-6201 ,321.1876648346289,-5.223920526340702,0.4
4FGL J1538.9+0425 ,10.868972684998909,44.10241346916218,0.4
4FGL J1539.1+1008 ,17.846232112860047,47.05323250934649,0.4
4FGL J1539.4-3323 ,338.7878361942856,17.532050975664816,0.4
4FGL J1539.6+2743 ,43.849000906557905,52.86420978540649,0.4
4FGL J1539.7-1127 ,355.171221661833,33.84009197613917,0.4
4FGL J1539.9+4220 ,68.10792979583765,52.66384660816627,0.4
4FGL J1540.1+4142 ,67.07804409660825,52.73308336973409,0.4
4FGL J1540.1+8155 ,116.47404539849141,32.96459026256917,0.4
4FGL J1540.4+6606 ,101.01353105716096,43.14112064993864,0.4
4FGL J1540.7+1449 ,24.3535227899725,48.8244692894115,0.4
4FGL J1541.1+3451 ,55.717357580528535,53.10757883893878,0.4
4FGL J1541.2-5201 ,327.506727017322,2.5558635997621564,0.4
4FGL J1541.5-4215 ,333.49365352792057,10.300175421203493,0.4
4FGL J1541.7+1413 ,23.69852107510664,48.35145735577794,0.4
4FGL J1541.9-2915 ,342.0196625126907,20.388777247164004,0.4
4FGL J1542.1-5901 ,323.3827828376773,-3.1063621145081175,0.4
4FGL J1542.2-6542 ,319.31446946598885,-8.419715280217988,0.4
4FGL J1542.3+1801 ,29.11384888463389,49.71984949153414,0.4
4FGL J1543.0+6130 ,95.39211522148622,45.382726605898846,0.4
4FGL J1543.1+4209 ,67.64326480334977,52.09525383913088,0.4
4FGL J1543.3+1026 ,18.971784159439117,46.29184795187005,0.4
4FGL J1543.4-5925 ,323.27349302132274,-3.5253868584326495,0.4
4FGL J1543.6+6551 ,100.49626027914415,43.006703629669175,0.4
4FGL J1543.6+0452 ,12.269347902675074,43.37404193090761,0.4
4FGL J1543.6-0244 ,4.089543717239863,38.88678444246136,0.4
4FGL J1543.6-5148 ,327.92531623490305,2.4966551693622407,0.4
4FGL J1544.0+4939 ,79.20248642852759,50.159988256617154,0.4
4FGL J1544.2-2554 ,344.7576010188445,22.60351632683311,0.4
4FGL J1544.3-0649 ,0.2797094828139864,36.14159148352243,0.4
4FGL J1544.5-1126 ,356.1768883180668,32.99393455247521,0.4
4FGL J1544.7+5017 ,80.08729435456156,49.85872991165892,0.4
4FGL J1544.9+3218 ,51.542554341696516,52.22530064544982,0.4
4FGL J1545.0-6642 ,318.9174831862593,-9.381411151600163,0.4
4FGL J1545.2-4553 ,331.7664500989154,7.026665962771526,0.4
4FGL J1545.5+2839 ,45.67097554115682,51.72024280344981,0.4
4FGL J1545.8-2336 ,346.7189538076877,24.077892758531764,0.4
4FGL J1546.0+0819 ,16.794819996806698,44.6745014957328,0.4
4FGL J1546.1-1003 ,357.7151051770137,33.65342165652488,0.4
4FGL J1546.4-1409 ,354.22922040486674,30.787382134011143,0.4
4FGL J1546.4-2903 ,342.9505508510983,19.901474323157885,0.4
4FGL J1546.5+1816 ,30.01781672099893,48.87168634581892,0.4
4FGL J1546.8-3244 ,340.4869885381149,17.045451374527367,0.4
4FGL J1547.0-0442 ,2.8435778502006017,36.98624824438741,0.4
4FGL J1547.3-1531 ,353.27835777672186,29.67383539609526,0.4
4FGL J1547.3-2802 ,343.8161404201776,20.544518649683425,0.4
4FGL J1547.4-4802 ,330.7221970141289,5.108962122905734,0.4
4FGL J1547.5-5130 ,328.58017415437314,2.370766442196703,0.4
4FGL J1547.6-6601 ,319.5520296121614,-9.017432760204553,0.4
4FGL J1547.6-6106 ,322.6510805551959,-5.177273278287638,0.4
4FGL J1547.9+0445 ,12.934425009830706,42.41464325037291,0.4
4FGL J1547.9-6403 ,320.82959704947444,-7.498922233256862,0.4
4FGL J1548.1-4416 ,333.17844221764375,7.9676479733369305,0.4
4FGL J1548.3-2411 ,346.7662577502158,23.266740249568702,0.4
4FGL J1548.3+6615 ,100.58753684166624,42.38200433665353,0.4
4FGL J1548.3+1456 ,25.653977879065025,47.192080415502595,0.4
4FGL J1548.4-2109 ,349.0389611442145,25.46284528237257,0.4
4FGL J1548.4-5344c,327.30936693908905,0.5371176183740789,0.4
4FGL J1548.8-2250 ,347.84371255561985,24.174834126424216,0.4
4FGL J1549.0+4821 ,76.91631278838022,49.75421005872541,0.4
4FGL J1549.0+7846 ,113.38882273999685,34.817231990637595,0.4
4FGL J1549.3+6310 ,96.9072235768479,43.906711545045255,0.4
4FGL J1549.3+4234 ,68.03669247269083,50.90331424224798,0.4
4FGL J1549.4+7409 ,108.94084625181323,37.726550248484926,0.4
4FGL J1549.5+0236 ,10.845709481111982,40.88928343806527,0.4
4FGL J1549.6+1710 ,28.870990048072716,47.78202898899536,0.4
4FGL J1549.8-3044 ,342.34880007476306,18.1528459552824,0.4
4FGL J1549.8-0659 ,1.2232533156579135,34.979818405941835,0.4
4FGL J1550.3-6223 ,322.09045151657176,-6.37557378732446,0.4
4FGL J1550.4-5354c,327.43241657240526,0.22127735680467825,0.4
4FGL J1550.6+6027 ,93.46189923050719,45.07480517302513,0.4
4FGL J1550.7+7006 ,104.67535612019718,40.05792600556522,0.4
4FGL J1550.7+0528 ,14.27427193264136,42.19947126753962,0.4
4FGL J1550.8-5424c,327.1719175423491,-0.201150750468788,0.4
4FGL J1550.8-0822 ,0.15526468316226907,33.90174220311552,0.4
4FGL J1550.8-1750 ,352.09492090555705,27.434059974633634,0.4
4FGL J1551.3-4920 ,330.4223487857469,3.6836015097091046,0.4
4FGL J1551.7-4257 ,334.5331697230921,8.582419825687948,0.4
4FGL J1551.9-6015 ,323.59660203480234,-4.837721357227862,0.4
4FGL J1552.0+0850 ,18.44799270133301,43.65320798966673,0.4
4FGL J1552.4-5612e,326.20772216944647,-1.7477155447733406,0.4
4FGL J1552.6-4603c,332.667449700317,6.084867296689761,0.4
4FGL J1552.9-5607e,326.31874998689443,-1.735136160616978,0.4
4FGL J1553.1+5438 ,85.60716925768713,47.16823783442507,0.4
4FGL J1553.3+0600 ,15.339004193988057,41.94950831888177,0.4
4FGL J1553.5-6910 ,317.9489639878809,-11.807936281199838,0.4
4FGL J1553.5-3118 ,342.5932682185535,17.19762309517545,0.4
4FGL J1553.6+1257 ,23.80477967438874,45.208911394340866,0.4
4FGL J1553.6-2422 ,347.58441973337676,22.311922196825293,0.4
4FGL J1553.8-5325e,328.127271861361,0.27877245095223213,0.4
4FGL J1554.0-0243 ,6.138998737211837,36.84130945330676,0.4
4FGL J1554.2+2008 ,33.57526282497915,47.788616470582554,0.4
4FGL J1554.4-2759 ,345.08114086935797,19.53863992366123,0.4
4FGL J1554.4-5506 ,327.1229588342847,-1.0824946461592189,0.4
4FGL J1554.4-1215 ,357.40710968315136,30.659885731806618,0.4
4FGL J1554.9+2143 ,35.910201818451,48.10236960518855,0.4
4FGL J1555.2+7103 ,105.40880697680035,39.20445639879159,0.4
4FGL J1555.2-4149 ,335.7800042432863,9.025566791823264,0.4
4FGL J1555.3+2903 ,46.80396000099279,49.65453390229272,0.4
4FGL J1555.7-2908 ,344.48370842158647,18.502105560822564,0.4
4FGL J1555.7+1111 ,21.908028562924027,43.96168173920075,0.4
4FGL J1555.8-5551 ,326.8071187422137,-1.7801240595520091,0.4
4FGL J1556.0-4713 ,332.3652781069399,4.81770822082405,0.4
4FGL J1556.1+2812 ,45.559525520815995,49.33213873711811,0.4
4FGL J1556.4-6911 ,318.14056562578924,-11.98188855901517,0.4
4FGL J1556.5+1116 ,22.139608267687212,43.812800755202886,0.4
4FGL J1556.6+1417 ,25.956222882845434,45.10886630618245,0.4
4FGL J1556.8-5242c,328.93123734536607,0.5399950819802212,0.4
4FGL J1557.2+3822 ,61.25882072389882,49.79609134980241,0.4
4FGL J1557.5-7040 ,317.2149469776174,-13.155070682523588,0.4
4FGL J1557.5-5306c,328.75794607881903,0.16073779043606315,0.4
4FGL J1557.9-0001 ,9.599558069624061,37.663024280918606,0.4
4FGL J1557.9-1404 ,356.51971585772657,28.808545975019076,0.4
4FGL J1558.1+6239 ,95.60741212992697,43.27634839071945,0.4
4FGL J1558.8+5625 ,87.59392592615959,45.76304776028537,0.4
4FGL J1558.9-5220c,329.41127664310505,0.6122891774098838,0.4
4FGL J1558.9-6432 ,321.4356476138209,-8.637781616655525,0.4
4FGL J1559.1+6736 ,101.38033547424479,40.77555928920253,0.4
4FGL J1559.7-4518 ,334.1076824871172,5.85803030545519,0.4
4FGL J1559.8-0425 ,5.5573825935315435,34.66227474514863,0.4
4FGL J1559.8-2525 ,347.9020508414805,20.56863943421223,0.4
4FGL J1559.9+2319 ,38.648948127020724,47.44754874731382,0.4
4FGL J1600.0+8510 ,118.82967178979243,30.353023150458494,0.4
4FGL J1600.3-5811 ,325.7609395422685,-3.951538111792828,0.4
4FGL J1600.4+0407 ,14.461901777894658,39.438057030830976,0.4
4FGL J1600.9-3054 ,344.0878928112875,16.435666837978896,0.4
4FGL J1601.3-5224 ,329.6573037718009,0.3254383586956025,0.4
4FGL J1602.0-4402 ,335.24945598336586,6.544746922567722,0.4
4FGL J1602.0-0641 ,3.818746638226173,32.85041983803915,0.4
4FGL J1602.1+3324 ,53.68171810816709,48.70741963234809,0.4
4FGL J1602.2+2305 ,38.54282097531646,46.87445968887354,0.4
4FGL J1602.2+3051 ,49.84768851026005,48.42087029535476,0.4
4FGL J1602.9-1928 ,353.01119799003425,24.2621703188822,0.4
4FGL J1603.0-4808 ,332.6671367363098,3.3601141532422476,0.4
4FGL J1603.3-6010 ,324.7312713477318,-5.699766499629401,0.4
4FGL J1603.5+1552 ,28.937549679778662,44.20930133751258,0.4
4FGL J1603.5-7112 ,317.21231933397155,-13.883920271376608,0.4
4FGL J1603.6-0451 ,5.843265198307837,33.64705457464542,0.4
4FGL J1603.8+1104 ,22.995594508348347,42.1327162824598,0.4
4FGL J1603.8+5009 ,78.60576839836529,46.958735305492446,0.4
4FGL J1603.8-4903 ,332.15782146772153,2.5759347771231154,0.4
4FGL J1604.4-4927 ,331.9666474300413,2.218787374949255,0.4
4FGL J1604.5-4441 ,335.15622196678004,5.766666804292718,0.4
4FGL J1604.6+5714 ,88.2668088974327,44.735979319741524,0.4
4FGL J1604.7+1734 ,31.29533909025605,44.57104977244273,0.4
4FGL J1604.7-4518 ,334.77714629400936,5.271976802663488,0.4
4FGL J1604.9-3414 ,342.3727660075314,13.42820463918972,0.4
4FGL J1605.1-1140 ,359.90082249798337,29.084913775370005,0.4
4FGL J1605.1+4200 ,66.62950328043944,48.06635119184642,0.4
4FGL J1605.5+5423 ,84.40560514269313,45.55213392694303,0.4
4FGL J1605.8+7208 ,105.97720804835389,37.91903313826285,0.4
4FGL J1606.0+0011 ,11.261283582637715,36.12309274298427,0.4
4FGL J1606.2+1346 ,26.641500870263826,42.760843089792516,0.4
4FGL J1606.2-4602 ,334.4812513746331,4.553830810019751,0.4
4FGL J1606.3+5629 ,87.17290024459139,44.76861229048029,0.4
4FGL J1606.4+1814 ,32.36488960246895,44.425842573369714,0.4
4FGL J1606.5+2717 ,44.856858438176964,46.90409591997044,0.4
4FGL J1606.6+1324 ,26.246495551117324,42.521285347645815,0.4
4FGL J1606.8-0351 ,7.372619430890716,33.612194153519,0.4
4FGL J1606.9+5919 ,90.81872500137628,43.69597494404681,0.4
4FGL J1607.0+1550 ,29.358435364041952,43.40535065142229,0.4
4FGL J1607.5-6058 ,324.5739441906536,-6.640890763925902,0.4
4FGL J1607.8+2541 ,42.65517687671306,46.2696062293764,0.4
4FGL J1607.9-4050 ,338.230805071231,8.189233895977864,0.4
4FGL J1608.0+4949 ,77.9146288337133,46.37806339481907,0.4
4FGL J1608.0-1625 ,356.40206244511563,25.427823540141674,0.4
4FGL J1608.0-2038 ,352.99466132111746,22.57293948868559,0.4
4FGL J1608.3+4012 ,63.90048838448997,47.58429598283221,0.4
4FGL J1608.4+0055 ,12.428978194486644,36.022464427518635,0.4
4FGL J1608.7+1029 ,23.028625805916217,40.806385197519134,0.4
4FGL J1608.8-4803 ,333.44835897538275,2.763954983872739,0.4
4FGL J1609.3-4326 ,336.65207999269234,6.096821434878445,0.4
4FGL J1609.6-4837 ,333.1504518191943,2.2651675596514877,0.4
4FGL J1610.3-5154c,331.009089114294,-0.2267837585881891,0.4
4FGL J1610.3-3958 ,339.1808423080858,8.501817049560007,0.4
4FGL J1610.6+2414 ,40.8668186822279,45.324210973864744,0.4
4FGL J1610.7-6648 ,320.78809366664757,-11.136324138567009,0.4
4FGL J1611.1+2501 ,41.97375016553071,45.404313386863016,0.4
4FGL J1611.3-0930 ,2.9239409004427817,29.28388844830944,0.4
4FGL J1611.6-6013 ,325.4575297564042,-6.432848798909794,0.4
4FGL J1611.9-5125c,331.5235462892175,-0.036623893615879,0.4
4FGL J1612.1+1407 ,27.855201439524382,41.60763832984798,0.4
4FGL J1612.1-4526 ,335.6497717607736,4.3026170397120245,0.4
4FGL J1612.2+2828 ,46.87996016134148,45.900678746419075,0.4
4FGL J1612.4-3100 ,345.8611697779542,14.657587604900403,0.4
4FGL J1612.4+0409 ,16.489326303709372,36.91512431171189,0.4
4FGL J1612.4-0554 ,6.4176917344177475,31.26431977825726,0.4
4FGL J1612.4-4419 ,336.4600120727243,5.0755870471174935,0.4
4FGL J1613.0-5102 ,331.91167140475295,0.11350360500057399,0.4
4FGL J1613.1-3840 ,340.47964603968416,9.07158706668437,0.4
4FGL J1613.3-1907 ,355.1189856566305,22.681263995247775,0.4
4FGL J1613.5-4225 ,337.9110919281817,6.320465825459296,0.4
4FGL J1613.6+3411 ,55.12928183145044,46.37742217381596,0.4
4FGL J1614.1-5047 ,332.21346395283683,0.18522866340232472,0.4
4FGL J1614.4+5028 ,78.507727567723,45.2474634309512,0.4
4FGL J1614.5-2230 ,352.63196944258806,20.202226783781846,0.4
4FGL J1614.8-0850 ,4.136417461873291,29.022597156244032,0.4
4FGL J1615.3-6034 ,325.54876950416826,-6.9917009222797555,0.4
4FGL J1615.3-5146e,331.6590132149525,-0.6590812979731483,0.4
4FGL J1615.3-5136 ,331.77427216611335,-0.5389190897297224,0.4
4FGL J1615.3-1512 ,358.674662106644,24.906771607453084,0.4
4FGL J1615.5-5434 ,329.7470248625248,-2.706384525064309,0.4
4FGL J1615.6+2130 ,37.640730640060866,43.44493920563636,0.4
4FGL J1615.6+4712 ,73.86728734525104,45.6101011953708,0.4
4FGL J1615.9-4322 ,337.57723467751026,5.32622447274265,0.4
4FGL J1616.0-4501 ,336.4302173805722,4.132976036007019,0.4
4FGL J1616.2-5054e,332.365156585383,-0.13094653442860218,0.4
4FGL J1616.5-3500 ,343.5835775643536,11.21874079952589,0.4
4FGL J1616.6-5341 ,330.4759031629777,-2.1695019611577235,0.4
4FGL J1616.6-5009 ,332.93678740434564,0.37266096689987205,0.4
4FGL J1616.6+4630 ,72.85500654984473,45.543571286373535,0.4
4FGL J1616.7+3327 ,54.161182020975765,45.67786406355069,0.4
4FGL J1616.7+4107 ,65.15544856195878,45.960724588929864,0.4
4FGL J1616.9-2257 ,352.6752990610035,19.486346607853566,0.4
4FGL J1617.2-2535 ,350.68358259651893,17.63988314187613,0.4
4FGL J1617.3-1513 ,359.00104631402326,24.525554758555902,0.4
4FGL J1617.3-5849 ,326.9627676440462,-5.9280501063450215,0.4
4FGL J1617.4-5812 ,327.40401475980815,-5.492757042995669,0.4
4FGL J1617.8-4418 ,337.161759744438,4.419863376320575,0.4
4FGL J1617.9-7718 ,313.4224472756935,-18.86836860601612,0.4
4FGL J1618.0+5139 ,79.98537972324534,44.43788446759978,0.4
4FGL J1618.0-5119 ,332.2798723578204,-0.6313068295960924,0.4
4FGL J1618.3-4537 ,336.29406327434333,3.4154357081330735,0.4
4FGL J1618.5-6504 ,322.6033143995531,-10.460363002055145,0.4
4FGL J1618.7-4633c,335.7011856289259,2.698208799559715,0.4
4FGL J1618.8-0502 ,8.325336597580685,30.496518058947327,0.4
4FGL J1618.8+0620 ,19.857158437098725,36.63481046466112,0.4
4FGL J1618.9-3922 ,340.79258637980183,7.781813452923295,0.4
4FGL J1619.0+7536 ,109.0627592533445,35.319969485593454,0.4
4FGL J1619.0-8346 ,308.25438090935387,-23.193142145300122,0.4
4FGL J1619.3-5047 ,332.8081981888754,-0.3862709402752095,0.4
4FGL J1619.4-5106c,332.589708519383,-0.6153126093243083,0.4
4FGL J1619.5-5014c,333.1974485139073,-0.019553294948728477,0.4
4FGL J1619.6+5536 ,85.21509863806466,43.2645934690224,0.4
4FGL J1619.8-5144 ,332.19689116119076,-1.117669742774129,0.4
4FGL J1619.8-6314 ,324.03254432718313,-9.271947422365672,0.4
4FGL J1620.5-5729 ,328.1972197253758,-5.271105754331652,0.4
4FGL J1620.7-4927 ,333.89182732521937,0.4044826704139695,0.4
4FGL J1620.8-4958c,333.5467939844958,0.028377032153550277,0.4
4FGL J1620.8-5035c,333.11381075526293,-0.4164161364898837,0.4
4FGL J1620.9+0021 ,13.931967783885492,33.097905413527904,0.4
4FGL J1620.9+4852 ,76.02340308867187,44.48743772821372,0.4
4FGL J1621.0-2625 ,350.65298058571517,16.45287624263956,0.4
4FGL J1621.3-0030 ,13.13125805159222,32.54009174220631,0.4
4FGL J1621.4-4511 ,336.9968805223611,3.3332395939143145,0.4
4FGL J1621.7-1103 ,3.3313193852899015,26.323584608194334,0.4
4FGL J1621.9+6706 ,99.47148164900642,39.06155998803122,0.4
4FGL J1622.0-5157c,332.28040067563865,-1.5072801053304832,0.4
4FGL J1622.2-7202 ,317.67804383915563,-15.511711608089088,0.4
4FGL J1622.2-1930c,356.28274014563067,20.859555628969975,0.4
4FGL J1622.4-4249 ,338.8131908961841,4.8835974519445555,0.4
4FGL J1622.5-4726 ,335.5363505633144,1.6242909556909007,0.4
4FGL J1622.7-5104 ,332.9734152261678,-0.9655287969700845,0.4
4FGL J1622.7-4934c,334.04327175190895,0.09189251682163584,0.4
4FGL J1622.8-4454 ,337.3665840879337,3.3590670227413058,0.4
4FGL J1622.9+4401 ,69.20036953207037,44.67559782714374,0.4
4FGL J1623.0-5004 ,333.7172303289725,-0.29163050541107716,0.4
4FGL J1623.0-0315 ,10.707297668952911,30.670968652624985,0.4
4FGL J1623.0-4624 ,336.3199283134185,2.2843650097596124,0.4
4FGL J1623.4+0858 ,23.422918664500173,36.87727456822578,0.4
4FGL J1623.6+5743 ,87.78761257017204,42.154467393505,0.4
4FGL J1623.7-2315c,353.5375983176575,18.136405958550437,0.4
4FGL J1623.9-6936 ,319.6250270270989,-13.964257254031306,0.4
4FGL J1624.1-4042 ,340.54597682949105,6.138346651747793,0.4
4FGL J1624.1-4941c,334.1234712835972,-0.15421749042251204,0.4
4FGL J1624.1-4417 ,337.9752189720659,3.6277308621668367,0.4
4FGL J1624.3-3952 ,341.18477642293044,6.691282121541578,0.4
4FGL J1624.6+5651 ,86.59614433412342,42.26298509890054,0.4
4FGL J1624.9-4210 ,339.58769013373825,5.011901014275827,0.4
4FGL J1624.9-4538 ,337.09798378700924,2.5854247703921507,0.4
4FGL J1625.1-0020 ,13.894629457484289,31.83680200571787,0.4
4FGL J1625.2-3600 ,344.1105371768317,9.243850853258934,0.4
4FGL J1625.3-2338c,353.4894136241152,17.603793564637847,0.4
4FGL J1625.7-2527 ,352.1369581091374,16.315820175314187,0.4
4FGL J1625.7+4134 ,65.73472191177184,44.250543395439955,0.4
4FGL J1626.0+5436 ,83.58550406459585,42.62985727759616,0.4
4FGL J1626.0-4917c,334.6252668342115,-0.08603080202009297,0.4
4FGL J1626.0-2950 ,348.8178271340525,13.327997601515012,0.4
4FGL J1626.1-5904 ,327.5770583823725,-6.908244643611924,0.4
4FGL J1626.1-0342 ,10.797964688097368,29.760780389297036,0.4
4FGL J1626.3+3514 ,56.93053823456366,43.88399459542337,0.4
4FGL J1626.4+1820 ,34.73287046241915,40.014737825607995,0.4
4FGL J1626.5-7435 ,315.9141714774683,-17.450548120267037,0.4
4FGL J1626.5-4858c,334.9002831977424,0.06210617459029924,0.4
4FGL J1626.5-4406 ,338.41057123493675,3.454665552298791,0.4
4FGL J1626.5+6257 ,94.24046432779512,40.18029913362602,0.4
4FGL J1626.6-4251 ,339.3115168503603,4.311204376435961,0.4
4FGL J1626.6-7639 ,314.28270104945705,-18.801129227882964,0.4
4FGL J1626.8+4337 ,68.58706722664994,43.994598548160326,0.4
4FGL J1626.9-3651 ,343.72479920547903,8.412901356803548,0.4
4FGL J1626.9-2431e,353.0572073591793,16.728440271552248,0.4
4FGL J1627.0+1035 ,25.723535063135742,36.812421330156084,0.4
4FGL J1627.3+3148 ,52.27686603187668,43.24918187654383,0.4
4FGL J1627.3+4758 ,74.59297055274362,43.55190296975438,0.4
4FGL J1627.4-3301 ,346.6246823486581,10.960683941141516,0.4
4FGL J1627.6-3852 ,342.3442945208404,6.924172714455599,0.4
4FGL J1627.7-5749 ,328.6316940331145,-6.1959193291744565,0.4
4FGL J1627.7+3219 ,52.9837564812711,43.23676754593437,0.4
4FGL J1627.7+0251 ,17.533263311006216,32.96831145405011,0.4
4FGL J1628.0-4920 ,334.81546622300607,-0.35898883908615853,0.4
4FGL J1628.1-3204 ,347.4500684849768,11.49143707876023,0.4
4FGL J1628.2+7518 ,108.39489906818204,34.96725264862338,0.4
4FGL J1628.2+4642 ,72.83390233484843,43.538627759416556,0.4
4FGL J1628.2-4848c,335.23013394104595,-0.016266036200169618,0.4
4FGL J1628.3-4500 ,337.97313315930455,2.6052879999008245,0.4
4FGL J1628.3-3343 ,346.2397468729624,10.347091120100124,0.4
4FGL J1628.6-4553 ,337.36567778687953,1.9523926161420306,0.4
4FGL J1628.6+7706 ,110.29838234929049,34.08092191055561,0.4
4FGL J1628.8+2529 ,43.96752786962376,41.6427282448835,0.4
4FGL J1628.8-6149 ,325.79086028025085,-9.041765714813893,0.4
4FGL J1629.3-4822c,335.6557562966141,0.15445929549651172,0.4
4FGL J1630.0-6121 ,326.2381299083865,-8.817966003660578,0.4
4FGL J1630.0-5605 ,330.1213863105655,-5.241423506075001,0.4
4FGL J1630.1-1049 ,4.933171557253508,24.83086137346607,0.4
4FGL J1630.1-3546 ,344.96269805385106,8.676656410325998,0.4
4FGL J1630.1+1836 ,35.45398395234381,39.28337376090333,0.4
4FGL J1630.2-4347 ,339.0962901595673,3.189358729189747,0.4
4FGL J1630.6+3734 ,60.251342733391276,43.20627428397873,0.4
4FGL J1630.6+8234 ,115.83674384398645,31.22820938474536,0.4
4FGL J1630.7+5221 ,80.40211386473759,42.39344284508676,0.4
4FGL J1631.0-5302 ,332.4490413106742,-3.247372341766599,0.4
4FGL J1631.2+4926 ,76.4841949547118,42.75220059799134,0.4
4FGL J1631.2+1046 ,26.48291211720644,35.974371095786196,0.4
4FGL J1631.5+4219 ,66.76365007141473,43.177830644934424,0.4
4FGL J1631.6-4756e,336.2425702530246,0.1659853752920547,0.4
4FGL J1631.7-4826c,335.8879547596737,-0.1824358859608174,0.4
4FGL J1631.7-2319c,354.7571988770458,16.697498844126557,0.4
4FGL J1631.8+4144 ,65.9726165799347,43.12388935987891,0.4
4FGL J1631.8-2355c,354.28201743922034,16.289992923754895,0.4
4FGL J1632.2+0854 ,24.563387328830096,34.91664606293478,0.4
4FGL J1632.4+5800 ,87.73076747823514,40.95643816923603,0.4
4FGL J1632.5+3839 ,61.751542844472894,42.903419688160824,0.4
4FGL J1632.8-1048 ,5.373069510586015,24.302528308283833,0.4
4FGL J1633.0-4746e,336.52113843545374,0.11664870536795856,0.4
4FGL J1633.1-3924c,342.6872933328326,5.776649682918757,0.4
4FGL J1633.4-5845 ,328.4689589958133,-7.374932711074714,0.4
4FGL J1633.5+2806 ,47.69505644930723,41.23327386889132,0.4
4FGL J1633.8+0701 ,22.770032069415905,33.704735461653385,0.4
4FGL J1634.0-4742c,336.69176353873576,0.03173514517048908,0.4
4FGL J1634.1-4011 ,342.2276126521966,5.109212368300712,0.4
4FGL J1634.6-4324 ,339.91659320158635,2.8739952054257145,0.4
4FGL J1634.7+0235 ,18.301311440404206,31.330504451662744,0.4
4FGL J1634.9+1222 ,28.744804419057054,35.82191742266378,0.4
4FGL J1635.0-3039 ,349.5225959623634,11.344753159276701,0.4
4FGL J1635.2+3808 ,61.0931949443682,42.33502219128444,0.4
4FGL J1635.3+0911 ,25.284234952122574,34.3642846746294,0.4
4FGL J1635.3-4159 ,341.04978039283236,3.726373183822437,0.4
4FGL J1635.3+4258 ,67.64059137238159,42.46099542265089,0.4
4FGL J1635.4-3249 ,347.9265490790086,9.845844157666557,0.4
4FGL J1635.4-3453 ,346.3703723441773,8.465197349202025,0.4
4FGL J1635.5+1234 ,29.05844406905999,35.7688058661152,0.4
4FGL J1635.6+3500 ,56.9031828201381,41.974504638959694,0.4
4FGL J1635.6+3628 ,58.867692102265636,42.11392915730273,0.4
4FGL J1636.0-4247 ,340.54465078369503,3.0869020206290934,0.4
4FGL J1636.3-4731e,337.0768593936951,-0.12287200261348878,0.4
4FGL J1636.3+7128 ,103.85173485429141,36.12019017354488,0.4
4FGL J1636.5-0454 ,11.319515708799283,26.95304995062751,0.4
4FGL J1636.7+2627 ,45.812312629544685,40.15274460122523,0.4
4FGL J1636.9-4103 ,341.9452660245865,4.125833129392414,0.4
4FGL J1636.9-4710c,337.41438368136676,0.03242382579105939,0.4
4FGL J1637.1+1316 ,30.033368186581896,35.7040281860469,0.4
4FGL J1637.2+4327 ,68.28646531780613,42.107627028641325,0.4
4FGL J1637.3-6325 ,325.251907631443,-10.835535053599173,0.4
4FGL J1637.5+3005 ,50.505513049604325,40.785038549818786,0.4
4FGL J1637.6+4548 ,71.45327188282732,41.97937354086082,0.4
4FGL J1637.7+4717 ,73.43902616400241,41.88087767485129,0.4
4FGL J1637.7+7326 ,106.00144184951242,35.22172881539352,0.4
4FGL J1637.8-3449 ,346.75471948734963,8.150075536888547,0.4
4FGL J1637.9-3851 ,343.7277536523522,5.462835894106787,0.4
4FGL J1638.0+0042 ,16.919545890473916,29.652029973966428,0.4
4FGL J1638.1+5721 ,86.66639840997456,40.37322776656806,0.4
4FGL J1638.1-4641c,337.9014866581486,0.2080759004978439,0.4
4FGL J1638.4-4715c,337.5163424328689,-0.21613853039370204,0.4
4FGL J1638.5-4657c,337.76019452863926,-0.025076930483458302,0.4
4FGL J1639.0-2727 ,352.5903916889112,12.75909780153316,0.4
4FGL J1639.1-5232 ,333.64804917076424,-3.8160589109275107,0.4
4FGL J1639.2-5638 ,330.5686882914211,-6.542864542591175,0.4
4FGL J1639.2-0946 ,7.308026742854149,23.631872280020648,0.4
4FGL J1639.2+4129 ,65.65666980992053,41.72270350470187,0.4
4FGL J1639.3-5146 ,334.2512468887878,-3.332537588670096,0.4
4FGL J1639.8-4642c,338.0760813088161,-0.024210407658256893,0.4
4FGL J1640.1+2222 ,41.00488931470999,38.30233963798168,0.4
4FGL J1640.2+0629 ,23.09189820618546,32.04818544080476,0.4
4FGL J1640.3-4917 ,336.205612166171,-1.7956519702261493,0.4
4FGL J1640.3+6850 ,100.66507701501949,36.80708358651186,0.4
4FGL J1640.4+3945 ,63.35356555015445,41.426189342864376,0.4
4FGL J1640.5-2408c,355.43211028890005,14.623917700904968,0.4
4FGL J1640.7-4631e,338.3171682002994,-0.018587979008887853,0.4
4FGL J1640.9-5853 ,329.0165135323263,-8.190763896465162,0.4
4FGL J1640.9+1143 ,28.781953845863068,34.21323676631706,0.4
4FGL J1641.0-4619 ,338.5065229117499,0.07927133215219172,0.4
4FGL J1641.2+8049 ,113.84079330656378,31.768357732423738,0.4
4FGL J1641.2-5317 ,333.29333872033203,-4.561872464588418,0.4
4FGL J1641.3-5945 ,328.376317846711,-8.802774286056874,0.4
4FGL J1641.3-2908 ,351.611626484264,11.29553626285073,0.4
4FGL J1641.4-4803c,337.2548961951297,-1.130620190123536,0.4
4FGL J1641.5+2017 ,38.6347800078428,37.33093040820989,0.4
4FGL J1641.6+3622 ,58.8973197639722,40.906516969286834,0.4
4FGL J1641.9-0621 ,10.816940690559205,25.030982358127098,0.4
4FGL J1642.1-5128 ,334.7473718792464,-3.457339905451978,0.4
4FGL J1642.1-5428e,332.48432726896164,-5.430295879374993,0.4
4FGL J1642.3-8108 ,311.0179044282726,-22.16806769840665,0.4
4FGL J1642.4+2211 ,40.999838126060716,37.728699211142235,0.4
4FGL J1642.4+6855 ,100.67198057603602,36.59917908260623,0.4
4FGL J1642.9+3948 ,63.46241844169536,40.957621696750856,0.4
4FGL J1643.0+3223 ,53.77096650782713,40.064536082835716,0.4
4FGL J1643.0-7714 ,314.4031754387856,-19.900537318523376,0.4
4FGL J1643.1+1436 ,32.23362529230052,34.916794444962775,0.4
4FGL J1643.3-3148 ,349.8229397181073,9.242319914364769,0.4
4FGL J1643.5-0646 ,10.672302644538876,24.470444794399263,0.4
4FGL J1643.7+3317 ,54.96531321286789,40.06116106402146,0.4
4FGL J1644.1-3055 ,350.61539110509426,9.696392604976957,0.4
4FGL J1644.1-5009 ,335.96008752456504,-2.827397860404599,0.4
4FGL J1644.2+4546 ,71.35387235526154,40.836485767692444,0.4
4FGL J1644.5-4602c,339.11856649621313,-0.20305180127496947,0.4
4FGL J1644.8+1850 ,37.25355073328798,36.10579155424866,0.4
4FGL J1644.8-2154c,357.8874506467479,15.245112154653585,0.4
4FGL J1644.9+2620 ,46.254993224453266,38.35952100539434,0.4
4FGL J1644.9-4921 ,336.6435591447281,-2.4121977460322994,0.4
4FGL J1645.0+1654 ,35.05719821498944,35.35717727823798,0.4
4FGL J1645.1-3323 ,348.838759346169,7.945202120807194,0.4
4FGL J1645.1-4123c,342.7122748653525,2.74862368829579,0.4
4FGL J1645.2-5218 ,334.4423524097848,-4.362958326128181,0.4
4FGL J1645.4-5514 ,332.2045410187735,-6.291900342262474,0.4
4FGL J1645.6+6329 ,94.05485753999474,37.97453431254517,0.4
4FGL J1645.8-4533c,339.63462031928543,-0.04527279481159877,0.4
4FGL J1646.0-0942 ,8.412875329011392,22.298586575030896,0.4
4FGL J1646.5-4406 ,340.81553295468217,0.8047832131347956,0.4
4FGL J1646.6+7422 ,106.73681364554511,34.28569929471009,0.4
4FGL J1646.7-2154 ,358.1639434133419,14.909768408895674,0.4
4FGL J1646.7-1330 ,5.210620431947836,19.95842063745352,0.4
4FGL J1647.0+6040 ,90.51314972231799,38.51448679879384,0.4
4FGL J1647.1+6149 ,91.94958261687437,38.23019631934667,0.4
4FGL J1647.1-5418 ,333.0950548421242,-5.874019309545472,0.4
4FGL J1647.2-0154 ,15.754077590921314,26.329039164794246,0.4
4FGL J1647.4-6438 ,325.01555868701536,-12.464680788229064,0.4
4FGL J1647.5-5724 ,330.72454907897287,-7.8991771296285735,0.4
4FGL J1647.5+2911 ,49.94731466399021,38.481013637823054,0.4
4FGL J1647.5+4950 ,76.64514234122946,40.07781135200214,0.4
4FGL J1647.5-5319 ,333.8819099130285,-5.297681766647564,0.4
4FGL J1647.6-1210 ,6.483295925161076,20.570977306798863,0.4
4FGL J1648.0+2221 ,41.686418338526856,36.5366753571609,0.4
4FGL J1648.1-1547 ,3.451515215809208,18.349918441783228,0.4
4FGL J1648.1-2920 ,352.41648041889437,10.023410628227454,0.4
4FGL J1648.2+4232 ,67.11942387406171,40.08645948856086,0.4
4FGL J1648.4-4611 ,339.4389728143285,-0.8065746687890045,0.4
4FGL J1648.4-4824 ,337.7468708907824,-2.2338859776692135,0.4
4FGL J1648.4-4554 ,339.66733648672414,-0.6231732090509355,0.4
4FGL J1648.7+4834 ,74.97876553085524,39.96077296692532,0.4
4FGL J1649.1-1359c,5.134982458811056,19.211786352087483,0.4
4FGL J1649.2-4513c,340.27917064020534,-0.29197545626906146,0.4
4FGL J1649.3-4441 ,340.68730559773223,0.03385709265837813,0.4
4FGL J1649.3+8252 ,115.80391067092441,30.564944636226347,0.4
4FGL J1649.4+5235 ,80.18478670670014,39.53679804773786,0.4
4FGL J1649.6+0411 ,22.040774810840485,28.894818075949548,0.4
4FGL J1649.8-3010 ,351.9847017152861,9.211558851421309,0.4
4FGL J1650.3-5045 ,336.14405167408205,-3.9727245059395266,0.4
4FGL J1650.3-4600 ,339.7953989663803,-0.9531980004647312,0.4
4FGL J1650.7+0831 ,26.60975635981923,30.647345625062318,0.4
4FGL J1650.9+0429 ,22.527901380390407,28.750564798104598,0.4
4FGL J1650.9-4420c,341.15479383648636,0.03877037580342285,0.4
4FGL J1651.0-1523 ,4.233179620065664,18.01952749766757,0.4
4FGL J1651.1-5848 ,329.9232565551577,-9.155271436613566,0.4
4FGL J1651.4-4442c,340.92483197340795,-0.2581903607618606,0.4
4FGL J1651.6+7219 ,104.27179319470184,34.70441356735733,0.4
4FGL J1651.7-7241 ,318.62735079986345,-17.656085478653093,0.4
4FGL J1651.7-4359 ,341.505509041906,0.15195483945189997,0.4
4FGL J1652.2-4633e,339.58038389467623,-1.5401714868831604,0.4
4FGL J1652.2-4516 ,340.56934377021054,-0.7372192564997235,0.4
4FGL J1652.3+4526 ,70.90433351666482,39.41975463630674,0.4
4FGL J1652.7+4024 ,64.4041529455531,39.120188395988905,0.4
4FGL J1653.0+3640 ,59.65120328230292,38.683949085714154,0.4
4FGL J1653.2-4349 ,341.8030348613885,0.05771252409089445,0.4
4FGL J1653.6-0158 ,16.613458179025734,24.943504154377266,0.4
4FGL J1653.8+3945 ,63.599744359199526,38.854315889435156,0.4
4FGL J1654.0-3509 ,348.6435400009457,5.398770361030347,0.4
4FGL J1654.2-4907c,337.80655388962396,-3.424637325977193,0.4
4FGL J1654.2-3136 ,351.4627217579902,7.577943180573457,0.4
4FGL J1654.5-5509 ,333.10307099229084,-7.236602223181725,0.4
4FGL J1654.7-3639 ,347.5556533307314,4.341925399426064,0.4
4FGL J1655.1-2239 ,358.77746691846596,12.911192597100698,0.4
4FGL J1655.5-4737e,339.10067828935007,-2.6562794395804077,0.4
4FGL J1655.6+0317 ,21.966631388271065,27.14179006137248,0.4
4FGL J1655.7-2411 ,357.60665150575824,11.863958054319204,0.4
4FGL J1655.9-3940 ,345.3499172109758,2.281581632291864,0.4
4FGL J1655.9+3248 ,54.91891225922337,37.46039277126709,0.4
4FGL J1655.9-3101 ,352.15523533260114,7.6511068967545235,0.4
4FGL J1656.0+2047 ,40.58815789955456,34.288232647315695,0.4
4FGL J1656.1-4706c,339.574703543634,-2.406933983369188,0.4
4FGL J1656.3-3301 ,350.62609104676653,6.351840478611756,0.4
4FGL J1656.4-0410 ,14.976131794924829,23.181631477115644,0.4
4FGL J1656.5-2733 ,354.9977585863667,9.677595657475408,0.4
4FGL J1656.9-4814 ,338.7739093423167,-3.2174929958703453,0.4
4FGL J1656.9-2010 ,1.077218639126184,14.05510232855856,0.4
4FGL J1656.9-5717 ,331.62460630618926,-8.821381006739953,0.4
4FGL J1657.0+6010 ,89.57489851900553,37.409461600959126,0.4
4FGL J1657.2-4020c,344.9892086696142,1.661335973133039,0.4
4FGL J1657.3-6232 ,327.4045510168743,-12.037247866728995,0.4
4FGL J1657.4-3917c,345.8259829683502,2.2914160549734977,0.4
4FGL J1657.7-6120 ,328.40840271422366,-11.356605986912925,0.4
4FGL J1657.7-4656c,339.8795866150773,-2.5117974214931946,0.4
4FGL J1657.7+4808 ,74.36145012107342,38.48236610401992,0.4
4FGL J1657.7+0738 ,26.591657508086286,28.708892469695968,0.4
4FGL J1657.7-4520 ,341.13686210693294,-1.5282729578392198,0.4
4FGL J1658.3-4637c,340.1869190681332,-2.4084164267585737,0.4
4FGL J1658.4+6150 ,91.60521847775222,36.92163363908811,0.4
4FGL J1658.5-5034 ,337.09378261734446,-4.876572285273342,0.4
4FGL J1658.5+4315 ,68.1381309417064,38.23545519509687,0.4
4FGL J1658.6-5323 ,334.8692644976714,-6.615413911638974,0.4
4FGL J1659.0-0140 ,17.664577881436355,23.927750404302326,0.4
4FGL J1659.0+2627 ,47.442607411517415,35.3341256220602,0.4
4FGL J1659.2-1443 ,5.996069012771254,16.78890775009711,0.4
4FGL J1659.6+4918 ,75.8412931769159,38.15187430787289,0.4
4FGL J1659.7-3131 ,352.26031199459175,6.706023675517776,0.4
4FGL J1700.0-0122 ,18.092146355565852,23.865110664689016,0.4
4FGL J1700.0+6830 ,99.56753094896683,35.20875947077438,0.4
4FGL J1700.1-4013c,345.4171988903424,1.3055581653170327,0.4
4FGL J1700.2-4237c,343.5387927989605,-0.19717748595249143,0.4
4FGL J1700.3-4557 ,340.9337971760012,-2.2653679330509684,0.4
4FGL J1700.4-2746 ,355.3419385458545,8.868355902637688,0.4
4FGL J1700.8-5218 ,335.9378543312035,-6.218749685527785,0.4
4FGL J1700.8-7304 ,318.70851123434835,-18.417506375986555,0.4
4FGL J1701.0-2617 ,356.6346605169774,9.658590834065532,0.4
4FGL J1701.0+6613 ,96.83292580253664,35.697818742847865,0.4
4FGL J1701.2-3006 ,353.57950389373315,7.3231576097340865,0.4
4FGL J1701.3+3956 ,64.00978624417455,37.451366470373955,0.4
4FGL J1701.3-4924 ,338.29981213481074,-4.509957803157334,0.4
4FGL J1701.7-5621 ,332.7715650314654,-8.77535849138629,0.4
4FGL J1701.8-2226 ,359.89171865060786,11.799802571506103,0.4
4FGL J1701.9-4625 ,340.7255423767816,-2.7768943514224897,0.4
4FGL J1702.0-3721 ,347.9164332486778,2.7712319172731803,0.4
4FGL J1702.2+2642 ,47.96779273930804,34.72300769052529,0.4
4FGL J1702.3-2525 ,357.52020828082,9.937777186731289,0.4
4FGL J1702.5-4803 ,339.49984644554837,-3.8463526791172646,0.4
4FGL J1702.6+3114 ,53.378232668083186,35.74668608641713,0.4
4FGL J1702.7-5655 ,332.39505682175013,-9.229002444746676,0.4
4FGL J1702.9-4131 ,344.71723448346296,0.08148058071142694,0.4
4FGL J1703.6-6213 ,328.1106508709065,-12.4427332615926,0.4
4FGL J1703.6-2850 ,354.92693170003855,7.664327882230509,0.4
4FGL J1704.0-4226c,344.11607248634107,-0.6439372267790889,0.4
4FGL J1704.1-4140 ,344.73009297070485,-0.17877150211442602,0.4
4FGL J1704.1+7647 ,108.95888201266922,32.389936352709356,0.4
4FGL J1704.2+1234 ,32.47885802613621,29.401117567243485,0.4
4FGL J1704.3-0754 ,12.695046132529106,19.52753314995716,0.4
4FGL J1704.4-4540c,341.59293397654454,-2.6571217067259942,0.4
4FGL J1704.5-0527 ,14.937021948307951,20.79104635145578,0.4
4FGL J1704.8-4030 ,345.74305845507246,0.42581258171788716,0.4
4FGL J1704.9-4303 ,343.72617143208316,-1.134618209559604,0.4
4FGL J1705.0+7134 ,103.01659820613533,33.9572850251067,0.4
4FGL J1705.1-4748 ,339.9514259812265,-4.04250275205722,0.4
4FGL J1705.2-3850 ,347.1274411688519,1.3625234120877308,0.4
4FGL J1705.3-6946 ,321.79321545353446,-16.8883037084936,0.4
4FGL J1705.4+5436 ,82.46162345179532,36.990045086144875,0.4
4FGL J1705.4-4850 ,339.1675744833645,-4.699691877023361,0.4
4FGL J1705.5+5632 ,84.88204433707797,36.811471452165705,0.4
4FGL J1705.5+2907 ,51.02410904893262,34.6456489950732,0.4
4FGL J1705.5-7423 ,317.7239738660815,-19.417525598621097,0.4
4FGL J1705.6-1909 ,3.1427528513200182,12.994269925384508,0.4
4FGL J1705.8+2226 ,43.357615901466644,32.678672230469566,0.4
4FGL J1706.1+1000 ,30.049954877332134,27.894833644655492,0.4
4FGL J1706.2-4950 ,338.4380402433379,-5.405051218077819,0.4
4FGL J1706.2-4113c,345.32868889439465,-0.22999572541048063,0.4
4FGL J1706.4+6428 ,94.58072387015721,35.52934225373379,0.4
4FGL J1706.4-4609 ,341.4140297541652,-3.221081851612194,0.4
4FGL J1706.4-4649c,340.88003103608685,-3.62335504718606,0.4
4FGL J1706.5-4023c,346.039020461917,0.23102835941352756,0.4
4FGL J1706.7-5525 ,333.95580203697784,-8.788555698320563,0.4
4FGL J1706.8-4540 ,341.8465028908705,-2.992651363327302,0.4
4FGL J1706.8+1319 ,33.57213939919964,29.121318858315107,0.4
4FGL J1706.8+3004 ,52.230483543239174,34.5939559015715,0.4
4FGL J1706.9+4543 ,71.34775457759041,36.86860818797015,0.4
4FGL J1707.1-1931 ,3.0511941197431613,12.492200478282466,0.4
4FGL J1707.5-3657 ,348.8903994075745,2.146956628839287,0.4
4FGL J1707.5+1649 ,37.34112709643016,30.339047337419505,0.4
4FGL J1707.6-5351 ,335.3052911571275,-7.968738566430974,0.4
4FGL J1707.9+0016 ,20.720679412964525,22.98628768875819,0.4
4FGL J1708.2+5519 ,83.32466915053766,36.543097616729995,0.4
4FGL J1708.3-4127c,345.38119198820584,-0.6848597260023992,0.4
4FGL J1708.6-4312 ,344.0139551408487,-1.7627236676731137,0.4
4FGL J1708.6-1246 ,9.016610301368996,15.998522248063955,0.4
4FGL J1708.8-0923 ,12.004891407308628,17.8051277951643,0.4
4FGL J1709.0-3525 ,350.29480343138886,2.813258533502054,0.4
4FGL J1709.2-0437 ,16.35169809351948,20.226574179185473,0.4
4FGL J1709.4-2127 ,1.7542829264477144,10.94399902897948,0.4
4FGL J1709.4-4339c,343.7410833880103,-2.159452302983636,0.4
4FGL J1709.4-0328 ,17.441480999990823,20.770592673760333,0.4
4FGL J1709.7-4429 ,343.0988017948059,-2.6866595836438703,0.4
4FGL J1709.7+4318 ,68.39071374976443,36.21700246642741,0.4
4FGL J1709.9-0900 ,12.499007297400036,17.773553444348444,0.4
4FGL J1710.0+4629 ,72.32397199452546,36.37377707827413,0.4
4FGL J1710.1-2030 ,2.649971901161539,11.344418251287328,0.4
4FGL J1710.1-4541 ,342.1783552926872,-3.4646331967664783,0.4
4FGL J1710.3-3039 ,354.31877575002136,5.421592688644034,0.4
4FGL J1710.3-3943 ,347.0051387984847,0.04346422946131232,0.4
4FGL J1710.8+1135 ,32.22917262252237,27.527769003319733,0.4
4FGL J1710.9-5247 ,336.4702889306151,-7.73397687074962,0.4
4FGL J1711.0-3002 ,354.90728362966536,5.643386940055318,0.4
4FGL J1711.1+0242 ,23.446343764007327,23.47557339114321,0.4
4FGL J1711.1-4600c,342.01780041925423,-3.7858104464109426,0.4
4FGL J1711.4-2526 ,358.72903202669653,8.273252944240205,0.4
4FGL J1711.6-5027 ,338.4484723306821,-6.461050185585285,0.4
4FGL J1711.6-3407 ,351.6700397330778,3.141955267620885,0.4
4FGL J1711.9-1922 ,3.8427794131325252,11.657088613640981,0.4
4FGL J1711.9-4056c,346.1985391871634,-0.913058737624505,0.4
4FGL J1712.5-4642 ,341.59403710181886,-4.393118301536257,0.4
4FGL J1712.5-3142 ,353.7493010206316,4.41705370180408,0.4
4FGL J1712.7+2932 ,52.00087541754033,33.23010953751188,0.4
4FGL J1712.9-4105 ,346.1856758193993,-1.1619289399691237,0.4
4FGL J1713.0-0521 ,16.196361162088202,19.038368691666452,0.4
4FGL J1713.0-4236c,344.9786350097793,-2.0668518113261696,0.4
4FGL J1713.2-3417 ,351.7339452071447,2.7749133271537283,0.4
4FGL J1713.5-3945e,347.3355358563148,-0.47269925971250754,0.4
4FGL J1713.6-4902 ,339.7972448231086,-5.897761011379484,0.4
4FGL J1713.7+8844 ,121.63425085402514,27.644031247834718,0.4
4FGL J1713.8+0747 ,28.75618778264723,25.210206722922777,0.4
4FGL J1714.0-2029 ,3.1985027133339234,10.602342153198101,0.4
4FGL J1714.1-3811 ,348.6702830654417,0.36043106020383653,0.4
4FGL J1714.2-2928 ,355.77846790156303,5.411581846055892,0.4
4FGL J1714.3-4320c,344.52147535639364,-2.6826270483194055,0.4
4FGL J1714.4-3830 ,348.45240684876563,0.12091829957068512,0.4
4FGL J1714.6+3228 ,55.51448289399664,33.547463697744256,0.4
4FGL J1714.8-1421 ,8.504341508114528,13.857751953446655,0.4
4FGL J1714.8-3849 ,348.25009525486144,-0.13214293622502907,0.4
4FGL J1714.9-3324 ,352.6510245424014,3.009266665827474,0.4
4FGL J1714.9-5230 ,337.069187515903,-8.072061235299481,0.4
4FGL J1715.0+2616 ,48.4312770139841,31.841338925524976,0.4
4FGL J1715.3-3832 ,348.5291489432053,-0.05090602844200632,0.4
4FGL J1715.4-4025 ,347.0061826855227,-1.161096414137442,0.4
4FGL J1715.5-0836 ,13.638259831108078,16.804167090222336,0.4
4FGL J1715.7-4239 ,345.2255567615921,-2.492236430164545,0.4
4FGL J1715.8-4549 ,342.64959787165833,-4.348501182707938,0.4
4FGL J1715.8+2151 ,43.60982432192928,30.28481601225935,0.4
4FGL J1716.1+6836 ,99.26846635433952,33.7602319013467,0.4
4FGL J1716.1+2309 ,45.05119636125207,30.653633221525656,0.4
4FGL J1716.1-4342c,344.40974649388033,-3.1668459555343533,0.4
4FGL J1716.3-3421 ,352.05128367713525,2.2329615930392266,0.4
4FGL J1716.3+3434 ,58.08510876940411,33.64360925503938,0.4
4FGL J1716.5-5631 ,333.8329202766757,-10.539674845004988,0.4
4FGL J1716.6-6707 ,324.70781017410013,-16.318368026967473,0.4
4FGL J1716.7-2808 ,357.18124918758264,5.744282057278353,0.4
4FGL J1716.8+4310 ,68.3758510976954,34.919114737742134,0.4
4FGL J1716.9-4152 ,345.9924663230968,-2.2298803256110533,0.4
4FGL J1717.0-3218 ,353.8026998877292,3.292972469351879,0.4
4FGL J1717.3-6045 ,330.29908965722734,-12.964109714030377,0.4
4FGL J1717.5-5804 ,332.603295008863,-11.504693313606822,0.4
4FGL J1717.5-8114 ,311.686038742083,-23.369411208623273,0.4
4FGL J1717.5-4022 ,347.2793032166019,-1.4577640574361428,0.4
4FGL J1717.5-3342 ,352.7360095161932,2.3945020528740892,0.4
4FGL J1717.6-4404 ,344.25588724537516,-3.5932748629439177,0.4
4FGL J1717.6-5154 ,337.7928059083069,-8.066459825780777,0.4
4FGL J1717.8+1955 ,41.68739112546201,29.191527040135927,0.4
4FGL J1717.8+3925 ,63.8898081940023,34.230662510986605,0.4
4FGL J1717.8-3906 ,348.3488194836242,-0.7736296412155211,0.4
4FGL J1718.0-3726 ,349.7223085033328,0.16229148003565158,0.4
4FGL J1718.0-3055 ,355.06646217430165,3.9019420940605936,0.4
4FGL J1718.2-3825 ,348.9456533458385,-0.441900349485161,0.4
4FGL J1718.3-3001 ,355.8403365772952,4.386468908333572,0.4
4FGL J1718.3-4445 ,343.7792893161818,-4.091382290642722,0.4
4FGL J1718.5-4122 ,346.56838395475864,-2.1862272708546353,0.4
4FGL J1718.5+4237 ,67.75958760502049,34.53779515979971,0.4
4FGL J1718.6-5821 ,332.44017310305134,-11.783136483953069,0.4
4FGL J1718.6-0210 ,19.856875904210963,19.454774708543265,0.4
4FGL J1719.0-4038 ,347.21805553815017,-1.8373517437846674,0.4
4FGL J1719.0-4221 ,345.820456898807,-2.828365775811666,0.4
4FGL J1719.1-5348 ,336.33396331131013,-9.321289568119639,0.4
4FGL J1719.2+1745 ,39.527180313590804,28.095922284485887,0.4
4FGL J1719.2-2943 ,356.19987877043104,4.372815746375697,0.4
4FGL J1719.3-3424 ,352.3645746621269,1.695752648144157,0.4
4FGL J1719.3+1205 ,33.703247580622524,25.846807707625054,0.4
4FGL J1719.4-2916 ,356.5975776417086,4.60796751322762,0.4
4FGL J1719.4-4242 ,345.57149307661405,-3.086475883515709,0.4
4FGL J1719.5-3858c,348.64729765693806,-0.9684719256551506,0.4
4FGL J1719.6-4320 ,345.0750377262837,-3.480154418982078,0.4
4FGL J1719.7-4500 ,343.7143598640585,-4.440834892511487,0.4
4FGL J1720.0-3117c,355.0046360206682,3.347504025398778,0.4
4FGL J1720.0-5101 ,338.75746271393547,-7.883797140456158,0.4
4FGL J1720.1-4358 ,344.6038720351302,-3.9046695862314484,0.4
4FGL J1720.2-4757 ,341.3256422461004,-6.188296989552967,0.4
4FGL J1720.2+3824 ,62.78491447936598,33.59927636129512,0.4
4FGL J1720.6-2442 ,0.5262604862567435,6.978196654694126,0.4
4FGL J1720.6-2653c,358.70652117988516,5.7440008925615365,0.4
4FGL J1720.6-3706 ,350.2972181416266,-0.06531518446898121,0.4
4FGL J1720.6-5144 ,338.1925472476071,-8.362250081845295,0.4
4FGL J1720.6+0708 ,28.94247462286879,23.41902571296082,0.4
4FGL J1720.7-4629 ,342.5842315317142,-5.432393545810123,0.4
4FGL J1720.8-1937 ,4.816967657274754,9.765289361665568,0.4
4FGL J1721.3-5257 ,337.24417195611096,-9.127750449506308,0.4
4FGL J1721.4+2529 ,48.06090475631979,30.24862557188161,0.4
4FGL J1721.4+1131 ,33.36754005925997,25.1426148361093,0.4
4FGL J1721.7-4709 ,342.1299645797076,-5.932026817086216,0.4
4FGL J1721.7-3917 ,348.6223390777534,-1.4916650384902843,0.4
4FGL J1722.1-4007 ,347.9845770581829,-2.0208773050070823,0.4
4FGL J1722.1-3205 ,354.60276679295265,2.537808912662459,0.4
4FGL J1722.3-4056 ,347.33721967838005,-2.531318826092291,0.4
4FGL J1722.6-4529 ,343.5958952139942,-5.130570542586474,0.4
4FGL J1722.6+6104 ,90.15869781222622,34.175293596900936,0.4
4FGL J1722.6-3135 ,355.0802034573709,2.715511644032621,0.4
4FGL J1722.7-3258c,353.9438137860656,1.9278140104986783,0.4
4FGL J1722.7+1014 ,32.22632877754226,24.303280518183346,0.4
4FGL J1722.8-0418 ,18.470140190000773,17.479493914961374,0.4
4FGL J1722.9-4427 ,344.4873769004641,-4.5966378450676215,0.4
4FGL J1723.0+2625 ,49.21491172441042,30.18766126199094,0.4
4FGL J1723.1-2859 ,357.2900333719225,4.092843038805128,0.4
4FGL J1723.5-0501e,17.902641059680846,16.962689059103724,0.4
4FGL J1723.5-3342c,353.44000106021275,1.3767025109401572,0.4
4FGL J1723.6-4126 ,347.05166529939305,-3.003955050328584,0.4
4FGL J1723.6-7714 ,315.681261669038,-21.793799194490102,0.4
4FGL J1723.7+3600 ,60.11646215901247,32.47161648565329,0.4
4FGL J1724.1+3304 ,56.762288192513516,31.730877110610397,0.4
4FGL J1724.2+4005 ,64.91423419899579,33.133741394246755,0.4
4FGL J1724.2-6501 ,326.99466843802907,-15.888944206415879,0.4
4FGL J1724.5-3008 ,356.5069623684508,3.195497219357854,0.4
4FGL J1724.7-3737 ,350.3355593366199,-1.0468207784583246,0.4
4FGL J1724.8-7854 ,314.0974432677504,-22.60447699185706,0.4
4FGL J1724.9+7654 ,108.68456316931808,31.225205011841677,0.4
4FGL J1725.0+1152 ,34.125277601408605,24.473835029907065,0.4
4FGL J1725.1-3408 ,353.27449352974526,0.8499142068929495,0.4
4FGL J1725.1-1924 ,5.58278102058881,9.032291312612534,0.4
4FGL J1725.4+5254 ,80.2881773251182,34.08545326345393,0.4
4FGL J1725.5+0840 ,31.00698724417254,23.005678096667307,0.4
4FGL J1725.5+5851 ,87.45965014078118,33.969365594057685,0.4
4FGL J1726.0-2843 ,357.87427194385685,3.720521552347128,0.4
4FGL J1726.2-2903 ,357.6153904306399,3.51346108372355,0.4
4FGL J1726.2-3207 ,355.0594386139305,1.7924569270224162,0.4
4FGL J1726.6-3524c,352.3956279883057,-0.10927392463443412,0.4
4FGL J1726.7-3930 ,349.00080405781455,-2.4172023999681738,0.4
4FGL J1726.8-2659 ,359.4041209899097,4.536125387836284,0.4
4FGL J1727.0-3835 ,349.7897273003949,-1.9392038589229095,0.4
4FGL J1727.1+5955 ,88.73005835400255,33.713053462971594,0.4
4FGL J1727.2+0644 ,29.341685005854316,21.780681941386224,0.4
4FGL J1727.4+4530 ,71.43074162310658,33.28974341153676,0.4
4FGL J1727.4+0326 ,26.228374147233396,20.227668777016167,0.4
4FGL J1727.6-2304 ,2.7944023387129695,6.550027390017811,0.4
4FGL J1727.6-3050 ,356.29500325995957,2.255976839852022,0.4
4FGL J1727.6-0849 ,15.064909980795726,14.149941350156418,0.4
4FGL J1727.7-3621 ,351.7281578356955,-0.8285169533821038,0.4
4FGL J1727.7-4041 ,348.11461099102996,-3.2398549523030247,0.4
4FGL J1727.9-0654 ,16.79481184480683,15.063931881737952,0.4
4FGL J1728.0-3550 ,352.18217853611975,-0.5865881773328384,0.4
4FGL J1728.0-4606 ,343.6107400259136,-6.260645982077791,0.4
4FGL J1728.0+1216 ,34.858463934548766,23.973924839586232,0.4
4FGL J1728.1-1610 ,8.730690005737582,10.187971788204178,0.4
4FGL J1728.3+5013 ,77.07626410539372,33.53713274446371,0.4
4FGL J1728.4+0427 ,27.311808361272533,20.465405323586904,0.4
4FGL J1728.5-7303 ,319.8111658122856,-20.14450630529222,0.4
4FGL J1728.6-7448 ,318.15359076935215,-20.949864159695704,0.4
4FGL J1728.8-5131 ,339.09349773378995,-9.307354873949263,0.4
4FGL J1728.9-7930 ,313.59961248495875,-23.035040902197586,0.4
4FGL J1729.0+6103 ,90.07127635912353,33.40349303814762,0.4
4FGL J1729.1-3503 ,352.9588256675292,-0.3339448326239636,0.4
4FGL J1729.2-3641c,351.614239488319,-1.2562651925279895,0.4
4FGL J1729.2-2509 ,1.2516925922835496,5.0919078859705715,0.4
4FGL J1729.3+6931 ,100.09566510157798,32.43228578921102,0.4
4FGL J1729.4-2831 ,358.44319562733745,3.22273548506689,0.4
4FGL J1729.4-2646 ,359.92043983064457,4.168607999655479,0.4
4FGL J1729.5-3625c,351.8742093005946,-1.1620937558496798,0.4
4FGL J1729.7-4242 ,346.6367090764623,-4.6472291110867365,0.4
4FGL J1729.9-4148 ,347.40973236567993,-4.181913771352665,0.4
4FGL J1729.9-2952 ,357.38656158806486,2.373727020067452,0.4
4FGL J1729.9-2403 ,2.2683270007848426,5.562851560843593,0.4
4FGL J1730.1-4343 ,345.81829316463177,-5.269881471504435,0.4
4FGL J1730.1-3422 ,353.6467999224901,-0.14280445338047817,0.4
4FGL J1730.3-2913 ,357.9610120639384,2.668953212826604,0.4
4FGL J1730.4-0359 ,19.73803331789179,15.995294165104314,0.4
4FGL J1730.4-2131 ,4.460455695009092,6.848013930633631,0.4
4FGL J1730.5+6018 ,89.15195075309562,33.264964936442155,0.4
4FGL J1730.5-3352 ,354.1063307794831,0.06565548082563392,0.4
4FGL J1730.5-3543c,352.56711254656,-0.9511668237865402,0.4
4FGL J1730.6+0024 ,23.787943013213248,18.090188120664756,0.4
4FGL J1730.6+3805 ,62.8496872728645,31.540100781072788,0.4
4FGL J1730.8+3715 ,61.914226436838874,31.343509416375056,0.4
4FGL J1730.8-2303 ,3.2067975338961663,5.944441532555194,0.4
4FGL J1730.8-3806 ,350.603667868539,-2.3134670316450574,0.4
4FGL J1730.8-1123 ,13.218738601554318,12.136190220307109,0.4
4FGL J1731.2-3234 ,355.277008023291,0.66072852400378,0.4
4FGL J1731.4-2932 ,357.83887851855536,2.298203150935247,0.4
4FGL J1731.6-2904 ,358.24883681281045,2.519800334552261,0.4
4FGL J1731.6-3002 ,357.4415999022739,1.9730734014404614,0.4
4FGL J1731.6+0630 ,29.641850224815926,20.68083293452853,0.4
4FGL J1731.7-1850 ,6.906393936677965,8.046398213600998,0.4
4FGL J1731.7-4744 ,342.5646395726169,-7.669609671889112,0.4
4FGL J1731.7-3445 ,353.50290866873627,-0.6201551710006021,0.4
4FGL J1731.9-2719 ,359.7498999023076,3.410122444954806,0.4
4FGL J1731.9-2800 ,359.17771637832163,3.033388448774533,0.4
4FGL J1732.0-2659 ,0.04462413410684462,3.5821341191743454,0.4
4FGL J1732.2-4313 ,346.4484476543263,-5.314624186569158,0.4
4FGL J1732.5-3131 ,356.31471232380846,1.006321096374663,0.4
4FGL J1732.7-5050 ,340.00464217378436,-9.455920232488161,0.4
4FGL J1732.7-2559 ,0.983084346141789,3.983739056729572,0.4
4FGL J1732.8-3725 ,351.39914227159994,-2.2613566792147894,0.4
4FGL J1733.0-1305 ,12.028661129839229,10.807076135701966,0.4
4FGL J1733.0-2837 ,358.7988847821035,2.487934019413111,0.4
4FGL J1733.2-2915 ,358.28698325130205,2.120603955197994,0.4
4FGL J1733.4+1521 ,38.51317277633704,24.038180248220048,0.4
4FGL J1733.4+2235 ,45.9559152581091,26.698620833735156,0.4
4FGL J1733.4-3943 ,349.52641569658067,-3.616077797517983,0.4
4FGL J1733.4+4517 ,71.32138176894469,32.203129715695226,0.4
4FGL J1733.4+5428 ,82.19872186244382,32.929653373927124,0.4
4FGL J1733.5-2950 ,357.8327404655916,1.7332691623852419,0.4
4FGL J1733.6-2431 ,2.3330543706015603,4.602095444166416,0.4
4FGL J1733.6-6054 ,331.2351513262561,-14.74169008644593,0.4
4FGL J1733.7-4734 ,342.8969945256106,-7.876224621933345,0.4
4FGL J1733.9-2220 ,4.21751093164985,5.721204000902905,0.4
4FGL J1734.0+0805 ,31.44219731130706,20.860806673771673,0.4
4FGL J1734.0-2933 ,358.13759102209764,1.810634033048091,0.4
4FGL J1734.3+3858 ,64.04080180911434,31.000582571348396,0.4
4FGL J1734.5-2818 ,359.25206515489543,2.3873737774088073,0.4
4FGL J1734.6-3548 ,352.9412880426619,-1.6869348589664885,0.4
4FGL J1734.6-2912 ,358.4955558460661,1.8873708728193264,0.4
4FGL J1735.0-0132 ,22.54790279270448,16.175513136006497,0.4
4FGL J1735.1-3708 ,351.8859149322278,-2.493556473442603,0.4
4FGL J1735.2-1640 ,9.210142076669568,8.48900369527337,0.4
4FGL J1735.2-2153 ,4.759184422171487,5.707641967813565,0.4
4FGL J1735.2-4200 ,347.77473924014765,-5.137438345557653,0.4
4FGL J1735.3-0717 ,17.42108185710772,13.289509495978898,0.4
4FGL J1735.4-1118 ,13.883989428123462,11.219203710976585,0.4
4FGL J1735.4-2944 ,358.14105086966856,1.4430047224753892,0.4
4FGL J1735.7-3026 ,357.59208497183886,1.0220962678844299,0.4
4FGL J1735.8-5932 ,332.5949457913908,-14.300288200567353,0.4
4FGL J1735.9-3342 ,354.86386048129134,-0.7730441651917457,0.4
4FGL J1736.0+2033 ,44.078958981920174,25.418054140068634,0.4
4FGL J1736.1-3422 ,354.3127409690796,-1.165548523918209,0.4
4FGL J1736.1-2628 ,0.9788462639222084,3.0694039680813767,0.4
4FGL J1736.2-4443 ,345.56366947810517,-6.726144734206043,0.4
4FGL J1736.3-2929 ,358.4642674230702,1.4203936855537396,0.4
4FGL J1736.4-4052 ,348.86016421002506,-4.707842062058724,0.4
4FGL J1736.6-1954 ,6.613693467870313,6.495223912431324,0.4
4FGL J1736.6+0628 ,30.207900487779682,19.555502314046358,0.4
4FGL J1736.9-3357 ,354.75258579542117,-1.085279311506682,0.4
4FGL J1736.9-3525 ,353.51540040073075,-1.8765086117688383,0.4
4FGL J1737.1-2901 ,358.937738729082,1.5328116855249598,0.4
4FGL J1737.2-2808 ,359.70374201583934,1.9868068307856208,0.4
4FGL J1737.2-2421 ,2.8952515916015624,4.003012954621696,0.4
4FGL J1737.3-5300 ,338.4925158818478,-11.188498476718003,0.4
4FGL J1737.3-3332 ,355.16559791312756,-0.9340432876671926,0.4
4FGL J1737.5-0313 ,21.337922799044374,14.826685798217861,0.4
4FGL J1737.5-4306 ,347.06170267596957,-6.074990996611384,0.4
4FGL J1737.6-1503 ,10.911377879112596,8.82195641030974,0.4
4FGL J1737.6-2350 ,3.3922374910393085,4.190730214257299,0.4
4FGL J1738.0+8717 ,120.01471073981037,27.953147028338734,0.4
4FGL J1738.0+0236 ,26.73956511777486,17.500647041088726,0.4
4FGL J1738.1-2453 ,2.5618662684734614,3.5415772257148994,0.4
4FGL J1738.2+4000 ,65.39012358774387,30.47716426953502,0.4
4FGL J1738.2-2510 ,2.338381273594077,3.3703405273694926,0.4
4FGL J1738.3+3228 ,56.974067048250426,28.70549035233824,0.4
4FGL J1738.6-3627 ,352.835946320315,-2.723827044327556,0.4
4FGL J1738.8-3241 ,356.041282870326,-0.7371624639024325,0.4
4FGL J1738.8+3822 ,63.56399785714947,30.022590429346934,0.4
4FGL J1738.8-3418 ,354.67778148519045,-1.6151558085531947,0.4
4FGL J1739.1-1059 ,14.632084537997569,10.609149436340248,0.4
4FGL J1739.1-3446 ,354.32092559204193,-1.9086387574303987,0.4
4FGL J1739.2-2717 ,0.6582444749118577,2.0539557483400652,0.4
4FGL J1739.2-2732 ,0.4463402223095008,1.9154605219103165,0.4
4FGL J1739.3-2531 ,2.1669567451661016,2.9799723576083643,0.4
4FGL J1739.4-3015 ,358.17244143917844,0.4387061188316933,0.4
4FGL J1739.5-2929 ,358.83065189082004,0.8439694150482031,0.4
4FGL J1739.5-3043 ,357.78175405879836,0.1759488984617847,0.4
4FGL J1739.5+4955 ,76.89527811389644,31.717661878753944,0.4
4FGL J1739.6-3155 ,356.78408233654,-0.47561739893744753,0.4
4FGL J1739.7-2836 ,359.6056255511904,1.2714203471821766,0.4
4FGL J1740.0+4737 ,74.21063250491113,31.371301273023363,0.4
4FGL J1740.1-1928 ,7.415439920742648,6.018111086785047,0.4
4FGL J1740.3-3058c,357.6688911148185,-0.10476033527495629,0.4
4FGL J1740.4-2850 ,359.48547435200527,1.0026526645900897,0.4
4FGL J1740.5+5211 ,79.55950420626499,31.759109312204778,0.4
4FGL J1740.5-2554 ,1.9920597907355702,2.5469939399202457,0.4
4FGL J1740.5+1005 ,34.1214390074534,20.273080239507767,0.4
4FGL J1740.6-3430 ,354.6988976484962,-2.0258823727655484,0.4
4FGL J1740.6+5346 ,81.41241085333603,31.853359578392677,0.4
4FGL J1740.6-2808 ,0.10482558153014646,1.3490765913445633,0.4
4FGL J1740.7-6750 ,325.22534474311595,-18.686708707967963,0.4
4FGL J1740.7-2640 ,1.356433464808397,2.104201436733592,0.4
4FGL J1740.8-1832 ,8.306006141888036,6.355310886767401,0.4
4FGL J1741.1+7226 ,103.31610498288043,31.053605219181357,0.4
4FGL J1741.1-1617 ,10.282898277381605,7.47004779358566,0.4
4FGL J1741.1-5341 ,338.19125883242793,-12.023621948761576,0.4
4FGL J1741.1-3328 ,355.6433279199017,-1.5696652378895,0.4
4FGL J1741.2+5739 ,85.99305583735504,31.918404490417856,0.4
4FGL J1741.3-3357 ,355.2510665021264,-1.8643704834679518,0.4
4FGL J1741.4+1354 ,37.9258905618353,21.67146889485622,0.4
4FGL J1741.4-3046c,357.9556394649755,-0.20296802765156172,0.4
4FGL J1741.5-3119 ,357.4960766383211,-0.5003534248024535,0.4
4FGL J1741.5-2344 ,3.944859192931281,3.493559683450882,0.4
4FGL J1741.6-3917e,350.72958091558013,-4.717566148274542,0.4
4FGL J1741.6-2730 ,0.7558070271202982,1.4927308711435536,0.4
4FGL J1741.8-2537 ,2.3833390430260146,2.4545313704365292,0.4
4FGL J1741.9-2054 ,6.425959512391811,4.905535658690854,0.4
4FGL J1741.9+2555 ,50.19863049306648,25.990555591908176,0.4
4FGL J1742.0-3020 ,358.3986051712782,-0.06842695976597511,0.4
4FGL J1742.2-1229 ,13.718631563864925,9.200234532034779,0.4
4FGL J1742.3-3318 ,355.906172876315,-1.6886908691955826,0.4
4FGL J1742.4-1518 ,11.295537451851924,7.710568417207845,0.4
4FGL J1742.5+5944 ,88.45191538937289,31.784151875060193,0.4
4FGL J1742.5-2833 ,359.96717531046147,0.773841928426607,0.4
4FGL J1742.8-2246 ,4.939577274796499,3.7428954235844927,0.4
4FGL J1743.0-3201 ,357.08359073355524,-1.1515767632292218,0.4
4FGL J1743.1-3049c,358.1025357788752,-0.535434099600389,0.4
4FGL J1743.2-1404 ,12.461289814655265,8.173787455166716,0.4
4FGL J1743.4-3123 ,357.66072742354083,-0.8742713004655783,0.4
4FGL J1743.4-3406 ,355.3449454816114,-2.30292637282042,0.4
4FGL J1743.4-2406 ,3.871049863312127,2.934107300374304,0.4
4FGL J1743.5-2616 ,2.0390413291082736,1.7766627806168462,0.4
4FGL J1743.6-3341 ,355.7218008566505,-2.1259150388756964,0.4
4FGL J1743.7-4321 ,347.45062195076207,-7.166152641671756,0.4
4FGL J1743.8-3143 ,357.42536819225626,-1.139395600550437,0.4
4FGL J1743.9-3539 ,354.07060337296366,-3.2056103457689824,0.4
4FGL J1743.9-1824 ,8.802539261357232,5.8018304129612215,0.4
4FGL J1743.9+3747 ,63.174354283260406,28.908562682050018,0.4
4FGL J1744.0-7618 ,317.113114676659,-22.45603605679374,0.4
4FGL J1744.0-2504 ,3.1022383457524905,2.3143926548317406,0.4
4FGL J1744.0+1935 ,43.851950063397304,23.327430776864432,0.4
4FGL J1744.0-1311 ,13.337997260739606,8.452054495150714,0.4
4FGL J1744.1+4635 ,73.13505385041977,30.55156971168936,0.4
4FGL J1744.2-0353 ,21.57043116308589,13.051305012174911,0.4
4FGL J1744.4+1851 ,43.15079079211325,22.96946500275372,0.4
4FGL J1744.4-1135 ,14.78540526000922,9.183045200808117,0.4
4FGL J1744.5-2612 ,2.204274271866632,1.628838592006021,0.4
4FGL J1744.6-5713 ,335.25481929115705,-14.180112627522387,0.4
4FGL J1744.7-1557 ,11.011722367732595,6.905919896824153,0.4
4FGL J1744.8+5540 ,83.69099633556526,31.349722447224835,0.4
4FGL J1744.9-3322 ,356.1370722544959,-2.1874201610450887,0.4
4FGL J1744.9-1727 ,9.7544926176169,6.093766219898387,0.4
4FGL J1744.9-2153 ,5.940485016712123,3.796582834613476,0.4
4FGL J1744.9-2905 ,359.79429639033214,0.04233191127223319,0.4
4FGL J1745.0-1953 ,7.670232188708345,4.81339330267592,0.4
4FGL J1745.1+4731 ,74.22987387603726,30.51545989176293,0.4
4FGL J1745.1+4102 ,66.85757554464412,29.392624217994847,0.4
4FGL J1745.3-3502 ,354.7597483864009,-3.126418929071722,0.4
4FGL J1745.3+2338 ,48.096112359865394,24.492360040621264,0.4
4FGL J1745.4-0753 ,18.16170941946259,10.820240796018236,0.4
4FGL J1745.5-2249 ,5.217461492192887,3.20040159833675,0.4
4FGL J1745.5+1017 ,34.86998504551567,19.24480424559473,0.4
4FGL J1745.6-3626 ,353.5904428811111,-3.9068185112350466,0.4
4FGL J1745.6-2859 ,359.952509301497,-0.03893955690262966,0.4
4FGL J1745.6+3950 ,65.53825577944244,29.04984159223133,0.4
4FGL J1745.6-3145 ,357.59728582364795,-1.4786940015221548,0.4
4FGL J1745.7-3254 ,356.62200576231726,-2.0989917860960965,0.4
4FGL J1745.7-2506 ,3.291007071497,1.9643966757110738,0.4
4FGL J1745.8-3028e,358.70801989411024,-0.8370289752967277,0.4
4FGL J1746.0-2349 ,4.410196782843568,2.5785176339057174,0.4
4FGL J1746.1-2541 ,2.840250844243632,1.5815155162937775,0.4
4FGL J1746.2-3342c,355.9949307765228,-2.5909457476270052,0.4
4FGL J1746.4-2852 ,0.1502447089955755,-0.11595109865341337,0.4
4FGL J1746.4-3541 ,354.3209249464867,-3.661149471303758,0.4
4FGL J1746.5-2019 ,7.470029816009206,4.295293192111536,0.4
4FGL J1746.8-5235 ,339.59941713867903,-12.231839528294717,0.4
4FGL J1746.8-3239 ,356.95453865839903,-2.1685539055944836,0.4
4FGL J1747.0-3505 ,354.8895129207617,-3.462651750809375,0.4
4FGL J1747.1-5453 ,337.5437472998713,-13.37574831725219,0.4
4FGL J1747.2+4937 ,76.70603566849577,30.455070784539185,0.4
4FGL J1747.2-2957 ,359.3101648730413,-0.8454372952431728,0.4
4FGL J1747.4+2330 ,48.146971169844065,23.996980847333692,0.4
4FGL J1747.4+2759 ,52.80615745673931,25.500623296532844,0.4
4FGL J1747.6-5308 ,339.15858281991325,-12.59365407149533,0.4
4FGL J1747.6+0324 ,28.62870435014192,15.741716229154077,0.4
4FGL J1747.6-4211 ,348.82134686659356,-7.183422057363617,0.4
4FGL J1747.7-2141 ,6.451263989810377,3.3426368861846756,0.4
4FGL J1747.7-4037 ,350.1981919878435,-6.411444431762829,0.4
4FGL J1747.8-0316 ,22.575235775914088,12.555444114403594,0.4
4FGL J1747.8-3006 ,359.2459130166861,-1.0306650284015508,0.4
4FGL J1747.8-1827 ,9.2498896167808,4.9752121601565955,0.4
4FGL J1747.9-3224 ,357.28536667319725,-2.22896299682504,0.4
4FGL J1747.9+4704 ,73.78892267483782,29.974869256372145,0.4
4FGL J1748.0+3403 ,59.31715108897895,27.178018438928646,0.4
4FGL J1748.0-2446 ,3.8451114989744957,1.6919145949720116,0.4
4FGL J1748.1+2702 ,51.872492843198515,25.045103373041762,0.4
4FGL J1748.2-1942 ,8.219935803170706,4.255756781498975,0.4
4FGL J1748.3-2906 ,0.16779969032038816,-0.604383812696993,0.4
4FGL J1748.4+1601 ,40.729183736480614,20.9812431082599,0.4
4FGL J1748.4+7059 ,101.5615282568591,30.64961351508186,0.4
4FGL J1748.5-0854 ,17.652575998294928,9.65468159618159,0.4
4FGL J1748.5-1648 ,10.756138784567856,5.6726442570700835,0.4
4FGL J1748.6+7005 ,100.52414662568899,30.713241213334932,0.4
4FGL J1748.8-3915 ,351.48722712466025,-5.886329195225894,0.4
4FGL J1748.9-2021 ,7.738827299318949,3.793021219494773,0.4
4FGL J1749.0-2327 ,5.083664430013332,2.187334763740532,0.4
4FGL J1749.0+4321 ,69.62930254342254,29.151995815476262,0.4
4FGL J1749.0-2119 ,6.924850201807164,3.2736326512872083,0.4
4FGL J1749.5-2747 ,1.4300630141789366,-0.14215395044818943,0.4
4FGL J1749.6-3143c,358.05792388404416,-2.1790473644349544,0.4
4FGL J1749.6+4716 ,74.08543013050564,29.72528480505613,0.4
4FGL J1749.8-0303 ,23.017277503217844,12.221422793583717,0.4
4FGL J1750.0-3347 ,356.3274435239489,-3.325124410699204,0.4
4FGL J1750.2+4704 ,73.86974705289798,29.598788682670694,0.4
4FGL J1750.2-3846c,352.03904446596005,-5.891286079433069,0.4
4FGL J1750.3-3702 ,353.5471785903705,-5.019170716122045,0.4
4FGL J1750.3-0644 ,19.784556909370448,10.331015039057258,0.4
4FGL J1750.4-1721 ,10.502754858253722,5.017605593027026,0.4
4FGL J1750.4-3023 ,359.29096735575934,-1.6569282140835957,0.4
4FGL J1750.6-1906 ,9.020440304605474,4.079127986802149,0.4
4FGL J1750.8-4405 ,347.45177078976445,-8.646292410861669,0.4
4FGL J1750.8-3106 ,358.726899689936,-2.0991184667613707,0.4
4FGL J1750.8-1246 ,14.541832414066889,7.223783016647892,0.4
4FGL J1750.9-3301 ,357.0851152849034,-3.07879799449324,0.4
4FGL J1750.9-2655c,2.3283610324880017,0.019174968490635616,0.4
4FGL J1751.1-3455 ,355.45956644137954,-4.08340115616951,0.4
4FGL J1751.1+0109 ,26.985560520213166,13.925469703556416,0.4
4FGL J1751.5+0938 ,34.911018535896055,17.651300475980868,0.4
4FGL J1751.6+2921 ,54.55423245332,25.070700328318765,0.4
4FGL J1751.6-1750 ,10.236592793496182,4.5265992557095345,0.4
4FGL J1751.6-3002 ,359.7239302182591,-1.6932020668243752,0.4
4FGL J1752.0+3606 ,61.78496300482866,26.932347122913633,0.4
4FGL J1752.1+4531 ,72.1865831861295,29.010965754319617,0.4
4FGL J1752.2-1731 ,10.58403170534265,4.568052919921519,0.4
4FGL J1752.3-2914 ,0.48427494523813064,-1.4137624763289682,0.4
4FGL J1752.3-3139 ,358.41694811279206,-2.6408104020864105,0.4
4FGL J1752.4-0758 ,18.943933276852405,9.279226605600309,0.4
4FGL J1752.6-1010 ,17.03580892896285,8.14767402212828,0.4
4FGL J1752.7-3810 ,352.81558599888626,-6.001696842916146,0.4
4FGL J1752.7-3040 ,359.3042206877097,-2.221520126701705,0.4
4FGL J1752.8-4449 ,346.9912163675042,-9.316393178640915,0.4
4FGL J1753.2-2848 ,0.9649418992920891,-1.3569812973325792,0.4
4FGL J1753.3-3325 ,357.00593939903575,-3.726992700474286,0.4
4FGL J1753.4-5913 ,333.97291763242765,-16.126676352495522,0.4
4FGL J1753.6-5014 ,342.2216628355732,-12.033591233680289,0.4
4FGL J1753.7+2847 ,54.130042338673086,24.453468064566728,0.4
4FGL J1753.8-2538 ,3.765829870878219,0.12691505215856827,0.4
4FGL J1753.9+2443 ,49.965149223441955,23.03507809100357,0.4
4FGL J1754.1-4333 ,348.2213766725629,-8.90560373185705,0.4
4FGL J1754.2+3212 ,57.73479860808678,25.409287817865017,0.4
4FGL J1754.3-4443 ,347.20232679250466,-9.490863599843278,0.4
4FGL J1754.3-2915 ,0.6990506505682947,-1.803085431606344,0.4
4FGL J1754.3-3236 ,357.8143392435117,-3.492195986831481,0.4
4FGL J1754.4-2649 ,2.8105873614952537,-0.5960710574890306,0.4
4FGL J1754.5-6425 ,329.119647516867,-18.474254167491647,0.4
4FGL J1754.6-2933 ,0.4820860873968035,-2.0071272435741867,0.4
4FGL J1754.7+3444 ,60.46935566388093,26.04099434950213,0.4
4FGL J1754.8-3200 ,358.3818127447948,-3.2707340364194626,0.4
4FGL J1755.0+0010 ,26.55621950745475,12.61377283395421,0.4
4FGL J1755.3-3937 ,351.79615240105045,-7.15686309374171,0.4
4FGL J1755.4-2552 ,3.741149247836115,-0.303518647525602,0.4
4FGL J1755.5-3734 ,353.62106295681104,-6.189895951215174,0.4
4FGL J1755.6-2050 ,8.124094303033777,2.196161566924961,0.4
4FGL J1755.7-3259 ,357.6162687340873,-3.9302927866441704,0.4
4FGL J1755.9-4009 ,351.38778717770396,-7.5156929215413015,0.4
4FGL J1755.9+0953 ,35.63241896748047,16.77307501234139,0.4
4FGL J1756.1-2516 ,4.340198123428872,-0.12940307615255447,0.4
4FGL J1756.3+5522 ,83.48752253812354,29.714502605707054,0.4
4FGL J1756.3+0236 ,28.93252287312653,13.440542899148062,0.4
4FGL J1756.6-2352 ,5.615779144910775,0.4664263843004051,0.4
4FGL J1756.6+1553 ,41.450508405762804,19.118419048053447,0.4
4FGL J1756.9+1531 ,41.11759768613976,18.901910368191214,0.4
4FGL J1757.0+7032 ,100.98799136970509,29.974691872066963,0.4
4FGL J1757.1-1926 ,9.496526606453433,2.596071577846919,0.4
4FGL J1757.1-3554 ,355.23230383479364,-5.633000909278125,0.4
4FGL J1757.1-2848c,1.409071656037633,-2.109041461851088,0.4
4FGL J1757.4-3125 ,359.16406762115537,-3.4585185400115988,0.4
4FGL J1757.6-2731 ,2.5584915646549393,-1.550994397559401,0.4
4FGL J1757.6-2539 ,4.176634015960202,-0.6225598580182902,0.4
4FGL J1757.7-2337 ,5.9550581421981645,0.37421121158439197,0.4
4FGL J1757.7-6032 ,332.98533058397817,-17.18689309209346,0.4
4FGL J1757.8-1802 ,10.809602890596354,3.149272344730824,0.4
4FGL J1757.9-2419 ,5.370071886919086,-0.023723196488170412,0.4
4FGL J1758.0-2953 ,0.5592225641615342,-2.8130807819421384,0.4
4FGL J1758.0-0725 ,20.131734384359138,8.321933749967876,0.4
4FGL J1758.2+6532 ,95.20549287273167,29.988902986674937,0.4
4FGL J1758.3+1429 ,40.2716312476181,18.183158642007086,0.4
4FGL J1758.3-1920 ,9.738250358682961,2.3856238595289803,0.4
4FGL J1758.3-3028 ,0.09405368985613072,-3.1670555710828534,0.4
4FGL J1758.5-3219 ,358.4906859967362,-4.11579099703596,0.4
4FGL J1758.6-2404 ,5.663190336469227,-0.03712753920309303,0.4
4FGL J1758.7-1621 ,12.376658872912106,3.797535424657089,0.4
4FGL J1758.7-4109 ,350.7724501315655,-8.480311637883977,0.4
4FGL J1758.8-1654 ,11.900032463822871,3.501618040238505,0.4
4FGL J1758.8-2326 ,6.2395320295485375,0.2505343008971461,0.4
4FGL J1759.0-0107 ,25.8680139522309,11.109013575941157,0.4
4FGL J1759.0-3922 ,352.36816844062486,-7.674816668179746,0.4
4FGL J1759.1-2347c,5.961839879782019,0.015913296768142647,0.4
4FGL J1759.1-4822 ,344.33366654710363,-11.953665039995554,0.4
4FGL J1759.1-3849 ,352.868531984216,-7.417259724458004,0.4
4FGL J1759.2-0243 ,24.441686372315537,10.317197479601772,0.4
4FGL J1759.4-3103 ,359.70106589820887,-3.6586777537483877,0.4
4FGL J1759.5-2312 ,6.525206918161429,0.2148644807545389,0.4
4FGL J1759.6-1850 ,10.328850136436111,2.3666209267065215,0.4
4FGL J1759.7-2141 ,7.853290428744762,0.9398959356107179,0.4
4FGL J1759.7-2354 ,5.945411146260528,-0.1679344156033045,0.4
4FGL J1759.8-1250 ,15.576318131233064,5.302551681075874,0.4
4FGL J1800.1+2812 ,54.02112319189292,22.933336828928397,0.4
4FGL J1800.1-2417c,5.641128067498052,-0.4306007742554372,0.4
4FGL J1800.1+7037 ,101.07028295277574,29.716443081025226,0.4
4FGL J1800.1-0323 ,23.957112416981445,9.792348007943996,0.4
4FGL J1800.2-2952 ,0.8087748031368307,-3.2128536989992593,0.4
4FGL J1800.2-2403c,5.856687624463503,-0.3397634729798208,0.4
4FGL J1800.3-5237 ,340.54150167653,-14.066173631007452,0.4
4FGL J1800.5-2910 ,1.4472931452714948,-2.922244192418635,0.4
4FGL J1800.6+7828 ,110.03763361818265,29.068476685446175,0.4
4FGL J1800.7-2355 ,6.027453051367233,-0.37167386149635634,0.4
4FGL J1800.9-2407 ,5.8769150913439425,-0.5113849583184754,0.4
4FGL J1801.0-3402 ,357.24596366245436,-5.419911791413151,0.4
4FGL J1801.0-2802 ,2.493719239484507,-2.465928348604325,0.4
4FGL J1801.1-3740 ,354.06386187779884,-7.1952732865748,0.4
4FGL J1801.1-2626 ,3.898169922690881,-1.6982890679047271,0.4
4FGL J1801.2-2450 ,5.2929225342761015,-0.9321566706358286,0.4
4FGL J1801.3+0554 ,32.5346941577327,13.820585074504642,0.4
4FGL J1801.3-2326e,6.526587368744978,-0.2510609334121352,0.4
4FGL J1801.4-4307 ,349.24640172640187,-9.850539394028178,0.4
4FGL J1801.5+4404 ,70.94368139633417,27.08933131564787,0.4
4FGL J1801.5+2123 ,47.3112195667708,20.192509726435585,0.4
4FGL J1801.6-1418 ,14.50375045802346,4.1918120805513155,0.4
4FGL J1801.6-2326 ,6.569448409510394,-0.31521121408437425,0.4
4FGL J1801.8-2358 ,6.106810259620449,-0.6106590670569356,0.4
4FGL J1801.8+2951 ,55.846470746143225,23.128322719703764,0.4
4FGL J1802.1-2652 ,3.6337548505851807,-2.1069460289105297,0.4
4FGL J1802.4+3634 ,62.90679238923453,25.05208457363434,0.4
4FGL J1802.4-3041 ,0.3256514191073025,-4.042120708154642,0.4
4FGL J1802.6-3940 ,352.4487751950093,-8.420697719739527,0.4
4FGL J1802.8-4719 ,345.58995275621095,-12.022370556388243,0.4
4FGL J1803.1-2724 ,3.262497184851347,-2.558298260993745,0.4
4FGL J1803.1-2148 ,8.146899576915338,0.19897397521553395,0.4
4FGL J1803.1-6708 ,326.8411091616956,-20.355798816524857,0.4
4FGL J1803.2+1402 ,40.34489308908073,16.91569283820084,0.4
4FGL J1803.3+2425 ,50.47759522357027,20.93933811377237,0.4
4FGL J1803.4-6510 ,328.7865516983759,-19.644174245318954,0.4
4FGL J1803.5+2756 ,54.027567418391314,22.13881829931097,0.4
4FGL J1803.5-4739 ,345.3373975860617,-12.273988040993506,0.4
4FGL J1803.5-1639 ,12.68402128774782,2.6469052828674653,0.4
4FGL J1803.7-3207 ,359.21022577829314,-4.97100412700897,0.4
4FGL J1803.8-2908 ,1.830394904849044,-3.544462719129427,0.4
4FGL J1803.9+0342 ,30.818055107563055,12.244346806675596,0.4
4FGL J1804.0-1124 ,17.335623519411552,5.111436679524215,0.4
4FGL J1804.4-0852 ,19.619337639663936,6.2366861979837,0.4
4FGL J1804.4+5249 ,80.76703960890922,28.21436571307418,0.4
4FGL J1804.7-2144e,8.397395380614503,-0.09483571374622826,0.4
4FGL J1804.9-1745 ,11.886560688376582,1.8169930164321935,0.4
4FGL J1804.9-3001 ,1.179336530960076,-4.185141710752421,0.4
4FGL J1805.1-3049 ,0.48746328093945285,-4.602701764229826,0.4
4FGL J1805.1-3618 ,355.6623344202191,-7.237355304433196,0.4
4FGL J1805.3-2734 ,3.3550453872497092,-3.064146767880328,0.4
4FGL J1805.6-2136e,8.603782516131838,-0.21055081677588636,0.4
4FGL J1805.6+0615 ,33.35034111742452,13.007411059618127,0.4
4FGL J1805.7+3401 ,60.449489695683546,23.665008987307232,0.4
4FGL J1805.8-0803 ,20.487290346047317,6.333818511216642,0.4
4FGL J1805.9-1549 ,13.698861928856191,2.5490354890115317,0.4
4FGL J1806.1-3344 ,358.0391203861031,-6.199256245883318,0.4
4FGL J1806.2-1347 ,15.50419139826394,3.475431496097905,0.4
4FGL J1806.2-2126 ,8.831189460753434,-0.25254128690539307,0.4
4FGL J1806.2+6143 ,90.86690631629989,28.955592442577263,0.4
4FGL J1806.3+5345 ,81.85953813689235,28.073029033382618,0.4
4FGL J1806.8+6949 ,100.13419902704287,29.166957742900827,0.4
4FGL J1806.9-2455c,5.8556563473705845,-2.0902490341047173,0.4
4FGL J1806.9-2824 ,2.804585969987067,-3.7896446785036195,0.4
4FGL J1806.9-8038 ,313.06753138459027,-24.962709843280773,0.4
4FGL J1807.1+2822 ,54.75751687841368,21.52802019369184,0.4
4FGL J1807.2+6429 ,94.03858185794286,29.0128115571728,0.4
4FGL J1807.8-4340 ,349.3065140215037,-11.139064303603945,0.4
4FGL J1807.9-6412 ,329.9281328745808,-19.728251082782208,0.4
4FGL J1807.9+4650 ,74.24093900984137,26.57415178804149,0.4
4FGL J1808.1-5013 ,343.3182255101308,-14.090902404794347,0.4
4FGL J1808.1-1234 ,16.801006898582795,3.6518806896029474,0.4
4FGL J1808.2-2028e,9.883857639428298,-0.18206416911475762,0.4
4FGL J1808.2-1055 ,18.259314253092626,4.43727536820018,0.4
4FGL J1808.2+3500 ,61.64202947144119,23.460823502925884,0.4
4FGL J1808.2-3005 ,1.4687307442795583,-4.848292006614432,0.4
4FGL J1808.4-3358 ,358.0455230402341,-6.725448274270656,0.4
4FGL J1808.4-4521 ,347.8204726401133,-11.989287712740014,0.4
4FGL J1808.4-3522 ,356.81654581234045,-7.396090799511564,0.4
4FGL J1808.5-3701 ,355.3434846121281,-8.18094643332864,0.4
4FGL J1808.6-0110c,26.949650253614337,8.97426920682366,0.4
4FGL J1808.8-1949c,10.525290455124432,0.0018203243620767038,0.4
4FGL J1808.8+2419 ,50.865724853996255,19.735903962991237,0.4
4FGL J1808.8+3522 ,62.067760295895226,23.45193872783266,0.4
4FGL J1808.9-2607 ,5.031004067876886,-3.0651686461990297,0.4
4FGL J1809.0+5908 ,87.96698353317689,28.385647336159053,0.4
4FGL J1809.0-2853 ,2.6136458434225904,-4.419469519513128,0.4
4FGL J1809.2-2726 ,3.8966263857408547,-3.7572583504933577,0.4
4FGL J1809.3+2042 ,47.373261930901194,18.25562058019862,0.4
4FGL J1809.5-0816 ,20.74999367675177,5.411893778347572,0.4
4FGL J1809.6-2443 ,6.325975359988397,-2.5218438485039694,0.4
4FGL J1809.7+2910 ,55.77737758214948,21.270851496328778,0.4
4FGL J1809.8-2408c,6.85896600222952,-2.2836051949353453,0.4
4FGL J1809.8-2332 ,7.390932384784228,-1.9970168820689602,0.4
4FGL J1809.9-2813 ,3.2865437210925847,-4.2725408404579674,0.4
4FGL J1810.0-4550 ,347.5130698726274,-12.466333318725216,0.4
4FGL J1810.1+2156 ,48.63972693235978,18.55863491489663,0.4
4FGL J1810.1-1137 ,17.872961442621406,3.6842040253395787,0.4
4FGL J1810.2-3054 ,0.9503473921671358,-5.600555072598804,0.4
4FGL J1810.3-1925e,11.048331484270935,-0.117792380936184,0.4
4FGL J1810.3+1332 ,40.64297125769014,15.127021577049177,0.4
4FGL J1810.4+1700 ,43.923685252848394,16.557932412540282,0.4
4FGL J1810.5-1415 ,15.597795898880237,2.3395885431709824,0.4
4FGL J1810.5+1744 ,44.64312728032292,16.812245393448443,0.4
4FGL J1810.6-0945 ,19.580682692102197,4.469991334457658,0.4
4FGL J1810.7+5335 ,81.78098475336698,27.410298353764738,0.4
4FGL J1810.8-3347 ,358.4481056093254,-7.084244473180339,0.4
4FGL J1811.0+1608 ,43.16083588119111,16.073630947067013,0.4
4FGL J1811.0-2725 ,4.112140500247591,-4.101707745150386,0.4
4FGL J1811.2-2759 ,3.6251974018593467,-4.409436752276049,0.4
4FGL J1811.3+0340 ,31.63974335938554,10.60281897505463,0.4
4FGL J1811.3-2403 ,7.102201471910898,-2.5426794459649416,0.4
4FGL J1811.5-1925 ,11.185316486274951,-0.36158175570069023,0.4
4FGL J1811.5-1844 ,11.785135260672314,-0.03989355432834878,0.4
4FGL J1811.7-1442 ,15.345003447160428,1.877435476539808,0.4
4FGL J1811.9-2336 ,7.560403945199561,-2.4592165877720484,0.4
4FGL J1812.2-0856 ,20.479168705371116,4.502052170184598,0.4
4FGL J1812.4-4417 ,349.1148321303064,-12.153718944803016,0.4
4FGL J1812.4+4441 ,72.1143411869175,25.328235421389174,0.4
4FGL J1812.8-3144 ,0.4777872034514017,-6.497674372887674,0.4
4FGL J1812.9+4249 ,70.14498010066303,24.77053053851524,0.4
4FGL J1812.9-2713 ,4.493385500322157,-4.384279892584426,0.4
4FGL J1813.0-0049c,27.780122350076596,8.15756901721942,0.4
4FGL J1813.1-1737e,12.954415108086879,0.1710865789833272,0.4
4FGL J1813.1-1611 ,14.218206418398518,0.8516286768922728,0.4
4FGL J1813.2-1128 ,18.35393415326659,3.097939282456717,0.4
4FGL J1813.4-1246 ,17.244067303005984,2.4424608816862703,0.4
4FGL J1813.5+3144 ,58.67849967739368,21.376249694095538,0.4
4FGL J1813.5+2819 ,55.241386839756856,20.195298683688797,0.4
4FGL J1813.6+0614 ,34.235674260693514,11.235606560401255,0.4
4FGL J1813.7-1536 ,14.79316869008529,1.0057469035788522,0.4
4FGL J1813.7-1152 ,18.075795694113946,2.786011095818327,0.4
4FGL J1813.7-6846 ,325.56173259741485,-21.862696404698152,0.4
4FGL J1814.0+3828 ,65.62211231050635,23.39074806126641,0.4
4FGL J1814.0+0043 ,29.298142251782373,8.634718905447832,0.4
4FGL J1814.2+4114 ,68.527727759153,24.12587809732953,0.4
4FGL J1814.2-1012 ,19.59093245381939,3.4774239440098587,0.4
4FGL J1814.2-3000 ,2.160552009660482,-5.951777705772732,0.4
4FGL J1814.4+2429 ,51.52946675990517,18.61406787090724,0.4
4FGL J1814.4+2953 ,56.88106969663555,20.5614341734716,0.4
4FGL J1814.4+3132 ,58.54159937032353,21.11992064795941,0.4
4FGL J1814.6-3621 ,356.5154193380997,-8.960595588237643,0.4
4FGL J1814.6-2537 ,6.08805813866677,-3.9610841793327527,0.4
4FGL J1814.7-3420 ,358.3450540232202,-8.055588883195565,0.4
4FGL J1815.1+5917 ,88.24848511413943,27.621536705042175,0.4
4FGL J1815.2-2715 ,4.700854232089951,-4.843709489061966,0.4
4FGL J1815.3-1336 ,16.737897041021903,1.6186662935100724,0.4
4FGL J1815.8-1416 ,16.206035819612172,1.1938934735100986,0.4
4FGL J1816.1-3908 ,354.1443664168225,-10.486526560036783,0.4
4FGL J1816.2-1654c,13.9318631789012,-0.13535873853866381,0.4
4FGL J1816.3-2903 ,3.2198231981414676,-5.894623832256355,0.4
4FGL J1816.4-0057 ,28.059430403714977,7.343496991618243,0.4
4FGL J1816.4-2727 ,4.647421621844863,-5.166904793731226,0.4
4FGL J1816.4-6405 ,330.4034373796926,-20.548435119768694,0.4
4FGL J1816.5-1208c,18.15610811409357,2.067403639387258,0.4
4FGL J1816.5+4510 ,72.82637617176911,24.734804576622604,0.4
4FGL J1816.7+1749 ,45.33860030857642,15.506452331812435,0.4
4FGL J1816.7+0951 ,37.897072080337935,12.136858532245023,0.4
4FGL J1816.8-2800 ,4.190384179995699,-5.504347825445744,0.4
4FGL J1816.9-4942 ,344.4117499095237,-15.167467318566043,0.4
4FGL J1817.1-1742 ,13.337571251760314,-0.7072864668895189,0.4
4FGL J1817.2-3035 ,1.9475332424071028,-6.7808589367599925,0.4
4FGL J1817.2-2400 ,7.78041683178811,-3.709179231004927,0.4
4FGL J1817.2-1946c,11.517165436420052,-1.7097280037411637,0.4
4FGL J1817.5-1034 ,19.66249380647777,2.58741393723545,0.4
4FGL J1817.6-3251 ,359.9552487726556,-7.904708524349859,0.4
4FGL J1817.7-2517 ,6.711137357679261,-4.416221519583558,0.4
4FGL J1817.9-3334 ,359.33832143716637,-8.284808822851895,0.4
4FGL J1817.9-1135 ,18.803746279843548,2.0214222684494234,0.4
4FGL J1817.9+2707 ,54.416943139266024,18.8543608464181,0.4
4FGL J1818.0-1339c,17.006323675642168,1.0213692828616572,0.4
4FGL J1818.1-2000 ,11.407483517772787,-2.004456779742568,0.4
4FGL J1818.3-1233 ,18.001644940872588,1.491133935304578,0.4
4FGL J1818.5-2036 ,10.925663756439956,-2.375203229814544,0.4
4FGL J1818.5-1656 ,14.166624252675259,-0.645582084436167,0.4
4FGL J1818.5+2533 ,52.942708351395275,18.143712966774466,0.4
4FGL J1818.6+1316 ,41.258164836834425,13.199311805219063,0.4
4FGL J1818.6-1533 ,15.38878047976686,-0.0011188667561678827,0.4
4FGL J1818.6-3206 ,0.7258477260524251,-7.7573683307148285,0.4
4FGL J1818.6-1455c,15.962478022758031,0.2888288862881717,0.4
4FGL J1818.6+0903 ,37.384723638249355,11.359387069524717,0.4
4FGL J1818.7+2007 ,47.712677732438735,16.01121932364523,0.4
4FGL J1818.8-2255 ,8.922026506892763,-3.52359574357533,0.4
4FGL J1818.8-0828 ,21.67500685125031,3.2951737530067158,0.4
4FGL J1819.0-1203 ,18.51875587345047,1.5680809744131898,0.4
4FGL J1819.1+2133 ,49.1182070222492,16.492468686125143,0.4
4FGL J1819.3-0935 ,20.743124063016193,2.655624729343365,0.4
4FGL J1819.4-1102 ,19.472105066706128,1.9609189183042928,0.4
4FGL J1819.9-2926 ,3.24512648443252,-6.776308344392212,0.4
4FGL J1819.9-1530 ,15.591749848186673,-0.2553593683176953,0.4
4FGL J1820.2-1303 ,17.791741656472745,0.8296463846471074,0.4
4FGL J1820.3-1009 ,20.346177800637058,2.1845922728641467,0.4
4FGL J1820.3-2646 ,5.663318756696242,-5.628825809311406,0.4
4FGL J1820.3+3624 ,63.89991215696454,21.55293974597968,0.4
4FGL J1820.4-1609c,15.069918875832427,-0.6581292072343705,0.4
4FGL J1820.5-1059 ,19.63883683410693,1.7454670344885064,0.4
4FGL J1820.6-0326 ,26.33514742491661,5.2597458731136495,0.4
4FGL J1820.7-3217 ,0.7662510813293073,-8.232925626675229,0.4
4FGL J1820.8-2822 ,4.292454271440565,-6.461040942541184,0.4
4FGL J1821.1-1422 ,16.72455683189624,0.025202758322737294,0.4
4FGL J1821.4-1516 ,15.966843103154195,-0.45638485801056655,0.4
4FGL J1821.4+4512 ,73.09721620214242,23.917748477235193,0.4
4FGL J1821.5-2531 ,6.900688923212257,-5.28727728086824,0.4
4FGL J1821.6+6819 ,98.4743588938792,27.80069236581446,0.4
4FGL J1821.6+6636 ,96.54297013659433,27.664631267748003,0.4
4FGL J1822.0-3146 ,1.3493880472414679,-8.236963067981915,0.4
4FGL J1822.0+1600 ,44.16303681333222,13.595237894880013,0.4
4FGL J1822.6-2502 ,7.447236427741486,-5.2780799041614195,0.4
4FGL J1822.8-1118 ,19.619412359098536,1.0969684266155117,0.4
4FGL J1822.9-4718 ,347.1098216284513,-15.087733459583875,0.4
4FGL J1823.2+1209 ,40.722550378087796,11.699212371258538,0.4
4FGL J1823.3-1340 ,17.59649252117085,-0.11490700138708725,0.4
4FGL J1823.3-3720 ,356.424404812181,-10.962926291251035,0.4
4FGL J1823.5+6858 ,99.2134429873133,27.669571077216208,0.4
4FGL J1823.5-3020 ,2.7879529960136873,-7.887246369956786,0.4
4FGL J1823.6-2345 ,8.695434992023761,-4.877791492161223,0.4
4FGL J1823.6-3453 ,358.68022785121804,-9.93594808748567,0.4
4FGL J1823.6-3902 ,354.8896149376458,-11.748385565744508,0.4
4FGL J1823.8-3544 ,357.9305345173472,-10.350163918391003,0.4
4FGL J1824.1-1304 ,18.2119905710723,-0.004303923881727351,0.4
4FGL J1824.1+5651 ,85.74882283756932,26.077527210362906,0.4
4FGL J1824.1+1013 ,39.0586827533134,10.653871043191065,0.4
4FGL J1824.2+1231 ,41.17476935218665,11.637473553102557,0.4
4FGL J1824.2-0621 ,24.16780702447252,3.1017024889350697,0.4
4FGL J1824.2-5427 ,340.3189266431781,-18.049020787162373,0.4
4FGL J1824.4-1350e,17.570000102972784,-0.4309392939860205,0.4
4FGL J1824.5+0107 ,30.856206749560915,6.505637254003305,0.4
4FGL J1824.5+4311 ,71.15595010194238,22.84187693780858,0.4
4FGL J1824.6-2452 ,7.808176219059829,-5.600431724528647,0.4
4FGL J1824.7-3243 ,0.7581124520254667,-9.168300764741971,0.4
4FGL J1824.7+2403 ,52.05953999544418,16.281739030632682,0.4
4FGL J1824.9-4056 ,353.22641190684914,-12.786343492077744,0.4
4FGL J1825.0-2547 ,7.0276053976751625,-6.100136296928544,0.4
4FGL J1825.1-5231 ,342.2445866957061,-17.4573391576322,0.4
4FGL J1825.2+0715 ,36.47105244536126,9.111911961415096,0.4
4FGL J1825.5-2647 ,6.173437681296795,-6.653315357765059,0.4
4FGL J1825.8+1204 ,40.919919640174776,11.08891895015713,0.4
4FGL J1825.9-3153 ,1.61951611971324,-9.032744598806902,0.4
4FGL J1825.9-5614 ,338.64654466851306,-18.923777353693023,0.4
4FGL J1826.0-5037 ,344.1440935666683,-16.86470309644365,0.4
4FGL J1826.1-1256 ,18.55634768057736,-0.3766198825812622,0.4
4FGL J1826.1-2922 ,3.9252062223450506,-7.957205741061173,0.4
4FGL J1826.2-1450 ,16.880951697082608,-1.2905752068448408,0.4
4FGL J1826.2-2830 ,4.708103399872834,-7.586352747497016,0.4
4FGL J1826.5-1202c,19.39807719328234,-0.058203487720208925,0.4
4FGL J1827.2+4303 ,71.17585251625772,22.32422621614589,0.4
4FGL J1827.3-4128 ,352.93427881748863,-13.412576938584811,0.4
4FGL J1827.4+3424 ,62.39780989895703,19.53461076480481,0.4
4FGL J1827.4-1445 ,17.09766732489016,-1.5148717133629173,0.4
4FGL J1827.5+2015 ,48.701681927777145,14.173014488892168,0.4
4FGL J1827.5+1141 ,40.75095308462633,10.554595076924706,0.4
4FGL J1827.6-0849 ,22.367833635704084,1.2159411890133018,0.4
4FGL J1827.6-4029 ,353.8707344889643,-13.059793961466074,0.4
4FGL J1828.0-1133 ,19.99669549867927,-0.14374139121170035,0.4
4FGL J1828.0+2634 ,54.7739916080427,16.554898469619744,0.4
4FGL J1828.1-1312 ,18.54916036216112,-0.9223425492038122,0.4
4FGL J1828.2-3252 ,0.9514591281253632,-9.897890263216661,0.4
4FGL J1828.4-1059 ,20.536285693271303,0.03749165184830942,0.4
4FGL J1828.5-5920 ,335.6760403858449,-20.30886617577609,0.4
4FGL J1828.7+3230 ,60.619569836867825,18.622754407087104,0.4
4FGL J1829.0-2417 ,8.784593946658086,-6.223275444248598,0.4
4FGL J1829.1+2729 ,55.757257923945396,16.697211437779508,0.4
4FGL J1829.2-5813 ,336.8298113899424,-20.021156929210008,0.4
4FGL J1829.3+5402 ,82.85831436188259,24.800554242972392,0.4
4FGL J1829.3-1614 ,15.997712123688444,-2.605865160197866,0.4
4FGL J1829.4-1256 ,18.920053216569837,-1.0873331560342452,0.4
4FGL J1829.4-1500c,17.10119497273216,-2.0576638967926812,0.4
4FGL J1829.5+4845 ,77.24787910996541,23.498210351460944,0.4
4FGL J1829.6-2545 ,7.532466530267911,-7.008363090172497,0.4
4FGL J1829.6-4310 ,351.5105837277069,-14.50347613011534,0.4
4FGL J1829.9+3934 ,67.7750883801027,20.783529029742443,0.4
4FGL J1830.0+3958 ,68.17159762293028,20.89001303762353,0.4
4FGL J1830.0-5225 ,342.6391328805908,-18.105867488732077,0.4
4FGL J1830.0+1324 ,42.60768735142021,10.74631084918235,0.4
4FGL J1830.0-1515c,16.948503751764225,-2.2988107917577527,0.4
4FGL J1830.1-0212c,28.52271780155438,3.7299940947856784,0.4
4FGL J1830.1-1440 ,17.47053239594821,-2.0428407540833327,0.4
4FGL J1830.1+0617 ,36.13726128255056,7.58582396594183,0.4
4FGL J1830.2-4443 ,350.08594510767887,-15.208743916254456,0.4
4FGL J1830.3-1601 ,16.295758272710632,-2.703493887115554,0.4
4FGL J1830.7-1634 ,15.851747083386847,-3.0368540730194473,0.4
4FGL J1830.7-2414 ,9.005969923879135,-6.554641946099437,0.4
4FGL J1830.7-2713 ,6.318960675268456,-7.894943732204899,0.4
4FGL J1830.7-3219 ,1.6873003899161076,-10.146828735552356,0.4
4FGL J1830.8-3132 ,2.411359070555109,-9.806827883178958,0.4
4FGL J1830.8-0947 ,21.88482215994735,0.06261132483147842,0.4
4FGL J1831.1-6503 ,329.9339466688178,-22.348955429717293,0.4
4FGL J1831.2+0202 ,32.45587771954715,5.418889192008012,0.4
4FGL J1831.2-0013 ,30.43028442812743,4.37816224642044,0.4
4FGL J1831.3-0203c,28.801107114884818,3.533403530613258,0.4
4FGL J1831.4-2909 ,4.64108262495041,-8.885505897289693,0.4
4FGL J1831.6-0223c,28.54238987028032,3.3044026494018377,0.4
4FGL J1831.8-2514 ,8.219914500021929,-7.212811769511938,0.4
4FGL J1831.8-1503 ,17.321426000290412,-2.598144411550893,0.4
4FGL J1831.9+3820 ,66.66443150017064,20.01017795964009,0.4
4FGL J1832.3-1433 ,17.824186984420376,-2.466884958283448,0.4
4FGL J1832.4-0847 ,22.944254148924536,0.1861767676874019,0.4
4FGL J1832.4-0152c,29.087582321907988,3.37282611529011,0.4
4FGL J1832.6-5658 ,338.24966964935425,-20.032912831198168,0.4
4FGL J1832.7+0618 ,36.44368892973137,7.021599967832026,0.4
4FGL J1832.9-0913 ,22.61766616446208,-0.13870475715655473,0.4
4FGL J1833.0-3840 ,356.0167548716423,-13.249995323861503,0.4
4FGL J1833.4+1109 ,40.92267701816896,9.014164674766427,0.4
4FGL J1833.5-1033 ,21.50819386738535,-0.8741634661928318,0.4
4FGL J1833.6-2103 ,12.16645016414102,-5.704807323604503,0.4
4FGL J1834.1-0706e,24.63426296108144,0.5853009665902527,0.4
4FGL J1834.2+3136 ,60.17522787712915,17.201828985124074,0.4
4FGL J1834.2-4021 ,354.5324687587472,-14.149826733537168,0.4
4FGL J1834.2-0827c,23.455955561948663,-0.07173333604020787,0.4
4FGL J1834.3+0613 ,36.54834151319365,6.634492009641672,0.4
4FGL J1834.5-0846e,23.20182213495492,-0.2799855593187891,0.4
4FGL J1834.7-0724c,24.43481588536966,0.3116133769201053,0.4
4FGL J1834.7-5858 ,336.31910578086456,-20.94147703454325,0.4
4FGL J1834.9-0800 ,23.937643666496495,-0.013647690777336163,0.4
4FGL J1834.9-2819 ,5.748497879674146,-9.213933162495646,0.4
4FGL J1835.1-0517 ,26.36112516997327,1.1920287514022858,0.4
4FGL J1835.3-2439 ,9.10525405246749,-7.677064751538114,0.4
4FGL J1835.5+1349 ,43.564128533426526,9.719662762872801,0.4
4FGL J1835.7-0541 ,26.070359071397778,0.8825064462972093,0.4
4FGL J1835.7-3258 ,1.5519355329008908,-11.368055670173916,0.4
4FGL J1836.1+1143 ,41.723266622596114,8.680401423813514,0.4
4FGL J1836.1-2656 ,7.108726657941547,-8.846511148299253,0.4
4FGL J1836.2+5925 ,88.8782694273065,25.00061661888604,0.4
4FGL J1836.4+3137 ,60.36880795151083,16.778608670803784,0.4
4FGL J1836.5+1948 ,49.18506306854022,12.067540946469059,0.4
4FGL J1836.5-0651e,25.130447340424528,0.15829985094125773,0.4
4FGL J1836.8-2354 ,9.936154094366387,-7.6438189044731875,0.4
4FGL J1836.8-0727 ,24.645385734095232,-0.17679385032166298,0.4
4FGL J1836.9+4439 ,73.37640977180592,21.13017403960354,0.4
4FGL J1837.0+5347 ,82.87817119642519,23.639643027897606,0.4
4FGL J1837.3+1052 ,41.08326680058137,8.040197436368688,0.4
4FGL J1837.4-1646 ,16.405803352604558,-4.556562352105652,0.4
4FGL J1837.6-2904 ,5.321069757564753,-10.067828907493084,0.4
4FGL J1837.8-0604 ,25.976927349456474,0.22729894359314698,0.4
4FGL J1837.9-0620 ,25.745788835900957,0.09712715962332988,0.4
4FGL J1838.0-0516 ,26.710876071836488,0.5613871846658175,0.4
4FGL J1838.0-5959 ,335.42444057613,-21.651354585912863,0.4
4FGL J1838.1-3352 ,0.9350303793062551,-12.200517810955484,0.4
4FGL J1838.2+3223 ,61.27937492544451,16.705621986703594,0.4
4FGL J1838.3-2148 ,11.986081159917628,-7.029820310832673,0.4
4FGL J1838.4-6023 ,335.02237230253513,-21.805419373018058,0.4
4FGL J1838.4-0630c,25.650433749256738,-0.08674984873746486,0.4
4FGL J1838.4-0545 ,26.325155958899824,0.24996346133520495,0.4
4FGL J1838.5+3837 ,67.39661470149713,18.882624563538354,0.4
4FGL J1838.5+5733 ,86.9362324607614,24.301724554451766,0.4
4FGL J1838.7-0601 ,26.132446563980906,0.06430396298533415,0.4
4FGL J1838.8+4802 ,76.94999463582006,21.822407687363608,0.4
4FGL J1838.9-3457 ,359.99216406100174,-12.796236746189814,0.4
4FGL J1838.9-0704e,25.226178678637815,-0.4648306556130347,0.4
4FGL J1838.9-0537 ,26.51484472751591,0.19902725319581857,0.4
4FGL J1839.0-1502 ,18.129965223677253,-4.132283464280893,0.4
4FGL J1839.2-0420 ,27.6713312241914,0.7282957401356523,0.4
4FGL J1839.4-0553 ,26.325053427462507,-0.026360878207882823,0.4
4FGL J1839.6-7107 ,323.75051959792927,-24.624403993356996,0.4
4FGL J1840.0-0341 ,28.347174038365054,0.8544807178324029,0.4
4FGL J1840.0-0411 ,27.901448694916272,0.615606116902792,0.4
4FGL J1840.3+1105 ,41.60303957473277,7.476640770876277,0.4
4FGL J1840.3-3037 ,4.148536112108871,-11.257152726935194,0.4
4FGL J1840.4-1705 ,16.44508201836831,-5.341194875313043,0.4
4FGL J1840.4-1139 ,21.310934440146077,-2.8786241557194994,0.4
4FGL J1840.5+3707 ,66.06314560940321,17.98338456374721,0.4
4FGL J1840.6-5545 ,339.87009413037646,-20.69905026102691,0.4
4FGL J1840.8-0453e,27.373137349885372,0.12154154932656838,0.4
4FGL J1840.9-0532e,26.795496612497917,-0.19834959821757175,0.4
4FGL J1841.0+6115 ,90.97965322366053,24.78703222773181,0.4
4FGL J1841.3-4442 ,350.8926210240257,-17.032524369278136,0.4
4FGL J1841.3+2909 ,58.42751416888095,14.847029402288847,0.4
4FGL J1841.6+7113 ,101.90426238210244,26.35386001832444,0.4
4FGL J1841.8+3218 ,61.47734118303326,15.976867844579052,0.4
4FGL J1842.1+2737 ,57.04811752081857,14.085737331848012,0.4
4FGL J1842.2-0328 ,28.783752322295122,0.45665845479626954,0.4
4FGL J1842.2-0751 ,24.90277688021774,-1.552385778014286,0.4
4FGL J1842.3+6810 ,98.53923343667496,25.875621586069546,0.4
4FGL J1842.4-3135 ,3.4356906050913496,-12.062862643106802,0.4
4FGL J1842.4-5840 ,336.9480205428778,-21.80128184989953,0.4
4FGL J1842.4+7613 ,107.46079714418858,26.818827801355525,0.4
4FGL J1842.5-0359c,28.36988972291933,0.15542983429677718,0.4
4FGL J1842.8+5311 ,82.49238138980954,22.652704897598603,0.4
4FGL J1843.3-1242 ,20.68932080487754,-3.9997160714336757,0.4
4FGL J1843.4-4835 ,347.20631626391616,-18.755486814845778,0.4
4FGL J1843.6-2219 ,12.061086949574714,-8.353645633893878,0.4
4FGL J1843.7-3227 ,2.745951287783746,-12.675666453043421,0.4
4FGL J1843.7-0326 ,28.994329163111278,0.14628844439932887,0.4
4FGL J1843.7-1114 ,22.046516351382273,-3.417545983016139,0.4
4FGL J1843.8-2011 ,14.01575155303114,-7.45363063685972,0.4
4FGL J1844.4+1547 ,46.313900387204434,8.63300508106942,0.4
4FGL J1844.4-0345 ,28.794049649177857,-0.1661516676686791,0.4
4FGL J1844.4-0306 ,29.36526814908349,0.1264535524604957,0.4
4FGL J1844.6-2342 ,10.908354360173336,-9.155119621906705,0.4
4FGL J1844.7-2110 ,13.220628269830847,-8.085779089870295,0.4
4FGL J1844.8-0957 ,23.31502015802448,-3.066261281397494,0.4
4FGL J1844.8-3248 ,2.5171303008416146,-13.033519584284523,0.4
4FGL J1844.9+5709 ,86.72801370035565,23.378901514346392,0.4
4FGL J1845.0+1613 ,46.76658365733138,8.695110485013418,0.4
4FGL J1845.0+0159 ,33.983240893060476,2.3289314164897505,0.4
4FGL J1845.3+5605 ,85.62525515854679,23.05065752916017,0.4
4FGL J1845.8-0831 ,24.706316764961066,-2.6309965432285916,0.4
4FGL J1845.8-0236c,29.973233896227434,0.05708116543102324,0.4
4FGL J1845.8-2521 ,9.517658288568834,-10.120245254797677,0.4
4FGL J1846.0+0507 ,36.88622079093538,3.5356314997893357,0.4
4FGL J1846.0-6101 ,334.65211438171656,-22.877397135362116,0.4
4FGL J1846.3+0919 ,40.6896307115951,5.354106501654825,0.4
4FGL J1846.4-0258 ,29.711691870125613,-0.23822931196627486,0.4
4FGL J1846.5+7731 ,108.94433130566675,26.701923379182993,0.4
4FGL J1846.7+7238 ,103.51932796002228,26.145405787762463,0.4
4FGL J1846.9-0227 ,30.234594485336046,-0.11349200439065295,0.4
4FGL J1846.9-0247c,29.929711337437983,-0.280725698906592,0.4
4FGL J1847.0-0625 ,26.718164058158212,-1.9485588537282899,0.4
4FGL J1847.2-0141 ,30.947849174274374,0.16073033162827624,0.4
4FGL J1847.2-1633 ,17.661451765785788,-6.573811793735349,0.4
4FGL J1847.2-0200c,30.665333261698585,0.001600505609099705,0.4
4FGL J1847.5-0859 ,24.467967449769006,-3.224098493089763,0.4
4FGL J1847.6+5219 ,81.80714549493052,21.7132321807403,0.4
4FGL J1847.7-0125 ,31.237305947004995,0.16801839153605447,0.4
4FGL J1847.7+3543 ,65.2637162365351,16.13095689530027,0.4
4FGL J1847.7-3433 ,1.1097459223645842,-14.298623508454014,0.4
4FGL J1847.9+5022 ,79.82614057624592,21.08666982808396,0.4
4FGL J1848.1-4230 ,353.49141059341304,-17.37481000369603,0.4
4FGL J1848.1-0148c,30.949250987407567,-0.08991370591467472,0.4
4FGL J1848.2-1309 ,20.823902508420606,-5.261161939744359,0.4
4FGL J1848.2-0016 ,32.32972118160906,0.5812104317855235,0.4
4FGL J1848.4+3217 ,62.03059378857511,14.686412528464968,0.4
4FGL J1848.5+6537 ,95.89156962333372,24.835503349645347,0.4
4FGL J1848.5+3243 ,62.45927146932164,14.825470888414102,0.4
4FGL J1848.6-2711 ,8.093141868449239,-11.45635428607376,0.4
4FGL J1848.6-0202c,30.791921224800422,-0.31746228197642373,0.4
4FGL J1848.7-6307 ,332.5113069795467,-23.700749010452046,0.4
4FGL J1848.7-0129 ,31.29616938859868,-0.09567338725639161,0.4
4FGL J1848.8+0701 ,38.90582851573881,3.764157337419596,0.4
4FGL J1848.9+4247 ,72.24729507696524,18.466441521794298,0.4
4FGL J1849.0-1826 ,16.152781622109202,-7.794389485289002,0.4
4FGL J1849.1-0652 ,26.551360495713777,-2.62397078360666,0.4
4FGL J1849.2+2106 ,51.665838323450956,9.919498252647783,0.4
4FGL J1849.2-1647 ,17.674483150316252,-7.098049362178829,0.4
4FGL J1849.2+6705 ,97.48717904628272,25.042109275096216,0.4
4FGL J1849.3-6447 ,330.7641196595013,-24.149446420810232,0.4
4FGL J1849.4+2745 ,57.83861408683265,12.667117639937837,0.4
4FGL J1849.4-0056 ,31.86308802741927,0.018070154788769895,0.4
4FGL J1849.4-0117 ,31.547137728679218,-0.1457691421009687,0.4
4FGL J1849.4-4313 ,352.88929300671185,-17.856802309651638,0.4
4FGL J1849.8-0952 ,23.94203955161332,-4.138741507873576,0.4
4FGL J1850.1-0758 ,25.685351537480006,-3.3423177096617827,0.4
4FGL J1850.2-0201 ,30.99849922069993,-0.6688892783573278,0.4
4FGL J1850.3-0031 ,32.346868533555906,-0.004623662749159121,0.4
4FGL J1850.5+2631 ,56.80094233522178,11.928508665083635,0.4
4FGL J1850.7-3126 ,4.315272370737793,-13.625911674992974,0.4
4FGL J1850.8-1105 ,22.969721528469762,-4.8957434582408865,0.4
4FGL J1851.0+1558 ,47.177239035098104,7.289175922117188,0.4
4FGL J1851.0-3003 ,5.644367214652638,-13.128918952519491,0.4
4FGL J1851.5+3406 ,64.01397171832726,14.800822361145338,0.4
4FGL J1851.5+0718 ,39.45878861086953,3.301550937155348,0.4
4FGL J1851.8-0007c,32.87320299229789,-0.15403634235895236,0.4
4FGL J1851.9-1522 ,19.237412384794517,-7.05300031172991,0.4
4FGL J1852.2-1309 ,21.271153555642403,-6.145510427413028,0.4
4FGL J1852.4+0037e,33.60229087742614,0.07321314458096499,0.4
4FGL J1852.4+4856 ,78.59794734384845,19.948682058389732,0.4
4FGL J1852.5-3450 ,1.2528435580557005,-15.317379845988851,0.4
4FGL J1852.6+0203 ,34.90415334623529,0.6683782354357873,0.4
4FGL J1852.6-1159 ,22.36579883294727,-5.701240387554568,0.4
4FGL J1852.7-1242 ,21.72034505367326,-6.041407551277331,0.4
4FGL J1853.0-0956 ,24.240377853695655,-4.877642681928877,0.4
4FGL J1853.2-0841 ,25.393309530083318,-4.346414951961029,0.4
4FGL J1853.2-0922c,24.77303283977667,-4.668599507100546,0.4
4FGL J1853.3-0005 ,33.07535258122592,-0.47621544359340845,0.4
4FGL J1853.3-2447 ,10.77125805174617,-11.429008811247133,0.4
4FGL J1853.4-1605 ,18.753859083202137,-7.696568748769015,0.4
4FGL J1853.6-0620 ,27.534111240006208,-3.3892371232869216,0.4
4FGL J1853.8+6714 ,97.75324992944903,24.637913459026006,0.4
4FGL J1853.8-1107 ,23.27619717754292,-5.582166760395924,0.4
4FGL J1854.1+0142c,34.76304287165301,0.1869745265102433,0.4
4FGL J1854.3-3640 ,359.62443334718523,-16.354572511753247,0.4
4FGL J1854.5+2050 ,51.969282595275565,8.674935916851087,0.4
4FGL J1854.6-6007 ,335.8768851797419,-23.683062552180804,0.4
4FGL J1854.6+3800 ,68.00412911716029,15.712991010255015,0.4
4FGL J1854.7-0716 ,26.812425307006386,-4.038521927667433,0.4
4FGL J1854.7+0153 ,34.998073564512964,0.11998373585171634,0.4
4FGL J1854.9+4054 ,70.81744534123273,16.758254260522484,0.4
4FGL J1855.1-2243 ,12.857885978841649,-10.909250644454364,0.4
4FGL J1855.1-3025 ,5.6736524670198385,-14.086955296492963,0.4
4FGL J1855.2+0756 ,40.44260033761322,2.77325591300032,0.4
4FGL J1855.2+0456 ,37.767065934076875,1.403147330535827,0.4
4FGL J1855.3-0740 ,26.52671872747649,-4.351378990004718,0.4
4FGL J1855.4+7350 ,104.94332434613838,25.700913253821152,0.4
4FGL J1855.6-3603 ,0.32182360484218786,-16.359633779946577,0.4
4FGL J1855.7+0224 ,35.56988485651633,0.14226638077688902,0.4
4FGL J1855.8+0150 ,35.073009542111734,-0.1364272020621662,0.4
4FGL J1855.8-2028 ,15.010929060333762,-10.118942142881693,0.4
4FGL J1855.9+0121e,34.65335668820835,-0.38798625350987487,0.4
4FGL J1855.9-1435 ,20.37798902798033,-7.581188725706536,0.4
4FGL J1856.1-1222 ,22.396855956851102,-6.633880017535366,0.4
4FGL J1856.2+0749 ,40.45647557248771,2.495236164888424,0.4
4FGL J1856.3-0548 ,28.318738263821377,-3.7386401408399275,0.4
4FGL J1856.5+1735 ,49.23991699342922,6.830705924446575,0.4
4FGL J1856.7+0125c,34.80350953672581,-0.5218898372065752,0.4
4FGL J1856.7-0116 ,32.40590439509565,-1.7671674626619653,0.4
4FGL J1857.1+0056 ,34.43025511951401,-0.8492723055275888,0.4
4FGL J1857.2+0941 ,42.23132228347647,3.1177331269967263,0.4
4FGL J1857.4+0106 ,34.60583191326613,-0.8258479439814748,0.4
4FGL J1857.5+0756 ,40.70390133333006,2.2637045388718104,0.4
4FGL J1857.6+0143 ,35.18061389712778,-0.5883008395273364,0.4
4FGL J1857.6+0212 ,35.603167982883626,-0.3829160191308416,0.4
4FGL J1857.7-2830 ,7.718181824311616,-13.843357831508738,0.4
4FGL J1857.7+0246e,36.12530236397298,-0.14840542565498072,0.4
4FGL J1857.8-3220 ,4.070991245831314,-15.361794078190186,0.4
4FGL J1857.8+3544 ,66.09668772598637,14.25499475401295,0.4
4FGL J1857.9+0313c,36.53415390848033,0.028463935335331418,0.4
4FGL J1858.0+0354 ,37.1702443183381,0.3096624278283912,0.4
4FGL J1858.0-1052 ,23.96777286553115,-6.3904737549972195,0.4
4FGL J1858.1-1821 ,17.174541754113392,-9.682183638120856,0.4
4FGL J1858.1+7318 ,104.40247225939547,25.420561968356136,0.4
4FGL J1858.3-2511 ,10.868773019546857,-12.606423309410292,0.4
4FGL J1858.3-2216 ,13.58258565945946,-11.393102472591135,0.4
4FGL J1858.3-5424 ,342.0301023180121,-22.726445585339718,0.4
4FGL J1858.3+0209 ,35.6310011733792,-0.5455424770888635,0.4
4FGL J1858.3-1318 ,21.786754427470118,-7.526973070129081,0.4
4FGL J1858.3+4321 ,73.45014171043562,17.064425444435606,0.4
4FGL J1858.5+0640 ,39.680119350959345,1.472896765644579,0.4
4FGL J1858.5+1953 ,51.51937866968161,7.427393973547037,0.4
4FGL J1858.5-4446 ,351.9356186329831,-19.924473505811612,0.4
4FGL J1858.6-0746 ,26.81338719681333,-5.1379880727559035,0.4
4FGL J1858.7+5708 ,87.26761649782335,21.56563066374413,0.4
4FGL J1858.9+3636 ,67.01319187976047,14.394781017185228,0.4
4FGL J1859.0+2329 ,54.85192276601758,8.892795738257167,0.4
4FGL J1859.2-0706 ,27.46660863732837,-4.9554703498826465,0.4
4FGL J1859.2+0046 ,34.50848481819745,-1.3888982179552731,0.4
4FGL J1859.3+0058 ,34.70430870200204,-1.308680105832934,0.4
4FGL J1859.8+0411c,37.61908923822581,0.056542525248018095,0.4
4FGL J1859.8+1545 ,47.94975230003127,5.294790603748167,0.4
4FGL J1900.4-4941 ,347.0369534076404,-21.741282068804487,0.4
4FGL J1900.4+0339 ,37.22490816223256,-0.3411519898329282,0.4
4FGL J1900.5-5301 ,343.5714125648509,-22.680883282495707,0.4
4FGL J1900.7+0426 ,37.947450057352064,-0.04606331797246724,0.4
4FGL J1900.8+0118 ,35.17246812872307,-1.4951436664005957,0.4
4FGL J1900.9+0538 ,39.02515867457562,0.4706537242995916,0.4
4FGL J1901.0+6208 ,92.5339998218977,22.688259258631618,0.4
4FGL J1901.0-1739 ,18.12710195250499,-10.00974700013869,0.4
4FGL J1901.1+0730 ,40.7185293187919,1.2641123086707236,0.4
4FGL J1901.2-7307 ,321.85905792446647,-26.576366320678904,0.4
4FGL J1901.4-0126 ,32.795222533528815,-2.8904508992492968,0.4
4FGL J1901.5-2208 ,14.038124906576876,-12.011969234546328,0.4
4FGL J1901.5-1112 ,24.054317509680537,-7.308549937990978,0.4
4FGL J1901.7-5140 ,345.039326518786,-22.484348076109548,0.4
4FGL J1901.7-0318 ,31.15690435828126,-3.794204944650834,0.4
4FGL J1901.8-0718 ,27.589435498122086,-5.6226112709831195,0.4
4FGL J1902.0-5105 ,345.6593650712448,-22.375274528816472,0.4
4FGL J1902.2+0448 ,38.44692680099294,-0.2153947436296346,0.4
4FGL J1902.4-0629 ,28.39065406568915,-5.382720312418563,0.4
4FGL J1902.4-3417 ,2.567179678585545,-16.987578443230724,0.4
4FGL J1902.5+0654 ,40.34790384928709,0.68405780719579,0.4
4FGL J1902.7-3246 ,4.073446746509267,-16.491125119205478,0.4
4FGL J1902.8+1451 ,47.46247189706328,4.258879990908144,0.4
4FGL J1902.8+3201 ,63.04447821740228,11.780757447337706,0.4
4FGL J1902.8-0855 ,26.248925075339034,-6.587041277772247,0.4
4FGL J1902.9-6748 ,327.76030631214024,-26.047441775673978,0.4
4FGL J1903.2+5540 ,85.96781073278868,20.53472757714859,0.4
4FGL J1903.4-7053 ,324.3594774693095,-26.494739365938916,0.4
4FGL J1903.4-0400c,30.72541303908232,-4.503478849972876,0.4
4FGL J1903.5-0825 ,26.776244061708244,-6.496369297975463,0.4
4FGL J1903.5-3905 ,357.9436940295348,-18.909584692700676,0.4
4FGL J1903.8+0531 ,39.264406854101004,-0.24465048276678356,0.4
4FGL J1904.0-5925 ,336.90728722407636,-24.677352051351765,0.4
4FGL J1904.0+5313 ,83.53873066721678,19.625843358291924,0.4
4FGL J1904.1+3627 ,67.29315355849424,13.37242998132211,0.4
4FGL J1904.4-1129 ,24.098812299411165,-8.071901525166854,0.4
4FGL J1904.6-4100 ,356.0979285898561,-19.75157444014724,0.4
4FGL J1904.6-2713 ,9.553712117942343,-14.727098486870952,0.4
4FGL J1904.7+0615 ,40.01003280069153,-0.09346584187780946,0.4
4FGL J1904.7-0708 ,28.06961298168361,-6.200770738058069,0.4
4FGL J1905.2-5120 ,345.5388867467706,-22.93441768439548,0.4
4FGL J1905.5-1940 ,16.710834417463722,-11.828216828601224,0.4
4FGL J1905.8+4942 ,80.15328977223731,18.15309063606071,0.4
4FGL J1906.0-1718 ,18.956769129766425,-10.949256831409514,0.4
4FGL J1906.1+1651 ,49.61527800008059,4.450712979840987,0.4
4FGL J1906.2+0631 ,40.42524686552418,-0.3021665428570337,0.4
4FGL J1906.4-2001 ,16.49127318429155,-12.169562853582919,0.4
4FGL J1906.4-1757 ,18.408476804099934,-11.29890841955087,0.4
4FGL J1906.4+0723 ,41.222267304259944,0.05499189771559336,0.4
4FGL J1906.7+5419 ,84.77339222061248,19.612056731050714,0.4
4FGL J1906.9+0712 ,41.122857267554814,-0.1481802902317226,0.4
4FGL J1907.0+3556 ,67.05872319167337,12.627424898458917,0.4
4FGL J1907.2+2323 ,55.58255472742231,7.161861223934085,0.4
4FGL J1907.2+0126 ,36.02591906980093,-2.8611625611280256,0.4
4FGL J1907.5-2926 ,7.687643284460848,-16.175550023393075,0.4
4FGL J1907.6+0703 ,41.055904881097554,-0.35651488849345675,0.4
4FGL J1907.7-1232 ,23.512329593883557,-9.254045149314846,0.4
4FGL J1907.7-4037 ,356.6951680017706,-20.181272813414555,0.4
4FGL J1907.9+0602 ,40.18229527127951,-0.9009312972250806,0.4
4FGL J1908.2-7026 ,324.9087688960834,-26.84357464571158,0.4
4FGL J1908.4-0432 ,30.813634458112134,-5.861426648691242,0.4
4FGL J1908.6+0915e,43.124950156225715,0.43006317916827125,0.4
4FGL J1908.7+0812 ,42.19932467843229,-0.07798473215474576,0.4
4FGL J1908.8-0131 ,33.553481441621905,-4.5710734902773655,0.4
4FGL J1908.8-1041 ,25.316062467641416,-8.691275761045727,0.4
4FGL J1908.9+2103 ,53.67032529561742,5.764543598407135,0.4
4FGL J1909.0-2525 ,11.6669042863141,-14.908296732462196,0.4
4FGL J1909.2+4646 ,77.5112223043981,16.550912476953926,0.4
4FGL J1909.5+3511 ,66.58350041205557,11.85409355008034,0.4
4FGL J1909.7-2140 ,15.270093278925906,-13.548833384847999,0.4
4FGL J1909.7-3744 ,359.7307404669013,-19.595798473786402,0.4
4FGL J1910.0-2453 ,12.271714049900933,-14.922161694502032,0.4
4FGL J1910.1-4704 ,350.2369376811178,-22.54044046712283,0.4
4FGL J1910.2+0904c,43.140535490750935,0.00032747092050724585,0.4
4FGL J1910.7-5320 ,343.6623723924631,-24.24319216123833,0.4
4FGL J1910.8+6300 ,93.76680493839001,21.844585514492422,0.4
4FGL J1910.8+2856 ,60.97564525965153,8.901661094858325,0.4
4FGL J1910.8-6001 ,336.4532315040117,-25.635862347411397,0.4
4FGL J1911.0+0905 ,43.251500495431344,-0.1760945619405087,0.4
4FGL J1911.1-3221 ,5.153563704644242,-17.975763628959164,0.4
4FGL J1911.2-2006 ,16.882935328370362,-13.231829817058484,0.4
4FGL J1911.3+1055 ,44.91201833518289,0.5963643301577668,0.4
4FGL J1911.4-1908 ,17.808059466033427,-12.884069212539009,0.4
4FGL J1911.4-4856 ,348.3410262587967,-23.260428671191306,0.4
4FGL J1911.5+0311 ,38.0695485949746,-3.022093660662462,0.4
4FGL J1911.7+1014c,44.345956383880534,0.2075530116505463,0.4
4FGL J1911.8+0903c,43.309324824979605,-0.35655914355070345,0.4
4FGL J1911.8+1447 ,48.403741026675576,2.281121655495669,0.4
4FGL J1912.0+0927 ,43.694987953902626,-0.22576587216487606,0.4
4FGL J1912.0+1612 ,49.67528367335993,2.8860974243662927,0.4
4FGL J1912.1-0803 ,28.057606945115143,-8.239687045128866,0.4
4FGL J1912.2-2056 ,16.196726642927434,-13.78215701559223,0.4
4FGL J1912.2-3636 ,1.028566975993972,-19.676887633673616,0.4
4FGL J1912.2+3621 ,67.89761583889388,11.837736761400919,0.4
4FGL J1912.4-1222 ,24.176826045430523,-10.21528460496017,0.4
4FGL J1912.4+3738 ,69.1170216747475,12.352803654864216,0.4
4FGL J1912.5+1320 ,47.192566511758535,1.4726830064055931,0.4
4FGL J1912.7+4610 ,77.17292554160657,15.776276436981693,0.4
4FGL J1912.7+0957 ,44.207524390234965,-0.14554293272054825,0.4
4FGL J1912.7-1250 ,23.77908875904858,-10.488544664830746,0.4
4FGL J1913.0-8009 ,314.0055155754733,-27.62077392258696,0.4
4FGL J1913.2+0512 ,40.05404615009544,-2.4520690244984835,0.4
4FGL J1913.2+2342 ,56.504665664401365,6.080120508978043,0.4
4FGL J1913.3+0905 ,43.51692752791104,-0.6857130212005109,0.4
4FGL J1913.3+1019 ,44.614696721515536,-0.11527058131425356,0.4
4FGL J1913.4-3629 ,1.2374556509275179,-19.85416713190707,0.4
4FGL J1913.4-1526 ,21.442236461845418,-11.74579933048975,0.4
4FGL J1913.4-2652 ,10.674174003752297,-16.390498894665825,0.4
4FGL J1913.5-0923 ,27.004416215804657,-9.137335889945614,0.4
4FGL J1913.9+4439 ,75.81712540081199,14.974943611465513,0.4
4FGL J1914.1+2621 ,58.973155337291544,7.087585488322243,0.4
4FGL J1914.5+1107c,45.44853205156429,0.004442542256111296,0.4
4FGL J1914.6-1157 ,24.794118490135546,-10.515715617586297,0.4
4FGL J1914.7+1012c,44.66464001181439,-0.45627083474516666,0.4
4FGL J1915.3-1324 ,23.52848055063513,-11.28829679406731,0.4
4FGL J1915.3+1149 ,46.154783111548205,0.15400765350876475,0.4
4FGL J1915.7-0846 ,27.81051613128135,-9.376665173666172,0.4
4FGL J1916.3+1108 ,45.668012416864705,-0.3732490596120486,0.4
4FGL J1916.7-1516 ,21.94653403510645,-12.392497085528438,0.4
4FGL J1916.8+4201 ,73.55305122551889,13.423512085825662,0.4
4FGL J1916.8-3025 ,7.521909757741337,-18.420036532609274,0.4
4FGL J1917.0+2245 ,56.05565106918178,4.8659103642445345,0.4
4FGL J1917.5-2746 ,10.161525454210404,-17.57537992442644,0.4
4FGL J1917.6+2609 ,59.13891383919949,6.315346779271663,0.4
4FGL J1917.6-3204 ,5.960624739826373,-19.164796272389623,0.4
4FGL J1917.7-6442 ,331.41891576611016,-27.115556612410455,0.4
4FGL J1917.7-1921 ,18.237072099971744,-14.322568203028839,0.4
4FGL J1917.7-6930 ,326.0330759856457,-27.570805003995254,0.4
4FGL J1918.0+0331 ,39.113330297592256,-4.294762287187574,0.4
4FGL J1918.1+3752 ,69.81202412630837,11.437960605583397,0.4
4FGL J1918.1+1215c,46.870568044026825,-0.25387529881038995,0.4
4FGL J1918.2-4111 ,356.7804071680767,-22.23978848800609,0.4
4FGL J1918.6-7813c,316.1789631093353,-27.898542655577078,0.4
4FGL J1919.1+2354 ,57.2877057387121,4.973864150594602,0.4
4FGL J1919.2+0618 ,41.72980810409489,-3.266485841697182,0.4
4FGL J1919.4-4550 ,351.98940399467,-23.743870802313708,0.4
4FGL J1919.4+1313 ,47.87486413337765,-0.08242111964170068,0.4
4FGL J1919.9+1358c,48.58448313953708,0.17847206532450866,0.4
4FGL J1920.0-2622 ,11.749511294514042,-17.578616153085765,0.4
4FGL J1920.5+3652 ,69.11410648146796,10.574235107976728,0.4
4FGL J1920.7+1334 ,48.31967232314514,-0.1916833955600721,0.4
4FGL J1920.8+0418 ,40.1409020165247,-4.561060543146497,0.4
4FGL J1920.9+1408 ,48.85414265242174,0.036916759935919585,0.4
4FGL J1921.1+1930 ,53.614960420610366,2.508676090646871,0.4
4FGL J1921.3-1231 ,24.989329008786285,-12.243689053805113,0.4
4FGL J1921.4+0136 ,37.801127569511394,-5.929149032347,0.4
4FGL J1921.7+5817 ,89.49207434552547,19.0372282386409,0.4
4FGL J1921.8-1607 ,21.694680946291278,-13.872414853436224,0.4
4FGL J1922.2+2314 ,57.04127238488799,4.0324168521763,0.4
4FGL J1922.4+1453c,49.683174330577835,0.05688779267390142,0.4
4FGL J1922.5-7453 ,319.96591425301233,-28.13676679660936,0.4
4FGL J1922.5-5233 ,344.9273581588259,-25.80291082637236,0.4
4FGL J1922.6-6324 ,332.93185695715,-27.50272549273199,0.4
4FGL J1922.7+1428c,49.350176045180795,-0.20530037361610293,0.4
4FGL J1923.0-4746 ,350.11369688310435,-24.819721936952774,0.4
4FGL J1923.2+1408e,49.11579893946322,-0.461587062856574,0.4
4FGL J1923.4-2503 ,13.333844703799217,-17.769510411876077,0.4
4FGL J1923.5-2104 ,17.180098172316566,-16.24584427185336,0.4
4FGL J1923.5+7354 ,105.4683960852673,23.806331702162186,0.4
4FGL J1924.2-1549 ,22.226100576499682,-14.262031312342213,0.4
4FGL J1924.3-5458 ,342.34776037487217,-26.51801013183363,0.4
4FGL J1924.8-1035 ,27.147683224270867,-12.168433990734615,0.4
4FGL J1924.8-2914 ,9.339300408704279,-19.60929659630764,0.4
4FGL J1925.0+2815 ,61.79106544165822,5.813787279902798,0.4
4FGL J1925.1-3358 ,4.6141322058829575,-21.28409270278664,0.4
4FGL J1925.1-1019 ,27.431785293208907,-12.12572977537199,0.4
4FGL J1925.1+1707 ,51.953618946299464,0.5476681638539803,0.4
4FGL J1925.1+0547 ,41.950907185739574,-4.811372721857194,0.4
4FGL J1925.2+1600c,50.9761047980031,0.006987565087078472,0.4
4FGL J1925.2+1618e,51.23882343764914,0.14026145217245767,0.4
4FGL J1925.2+1729 ,52.28709963454922,0.6923684712579858,0.4
4FGL J1925.3+1522c,50.431363732333466,-0.3215588625630365,0.4
4FGL J1925.3+3705 ,69.73545754983425,9.800230899854268,0.4
4FGL J1925.7+1227 ,47.917030472146585,-1.7828711897950837,0.4
4FGL J1925.8-2220 ,16.185240120737884,-17.248850991070462,0.4
4FGL J1926.0-3626 ,2.174140801273394,-22.244187272213154,0.4
4FGL J1926.1+2059 ,55.472313835535964,2.182817884314418,0.4
4FGL J1926.4+1602 ,51.15185821757226,-0.24996701413356615,0.4
4FGL J1926.5+2635 ,60.45232119464855,4.743121104308939,0.4
4FGL J1926.7-0325 ,33.89213844364583,-9.412970325551042,0.4
4FGL J1926.7+3027 ,63.926766443320574,6.505586498644138,0.4
4FGL J1926.8+6154 ,93.31233481568877,19.744554350088343,0.4
4FGL J1927.1-0040 ,36.42151406479381,-8.239884706037756,0.4
4FGL J1927.4+3528 ,68.46548864850313,8.695144760382838,0.4
4FGL J1927.4+0253 ,39.64606752408399,-6.6791579781786,0.4
4FGL J1927.5+0154 ,38.77158400875066,-7.13858818420147,0.4
4FGL J1927.5+6117 ,92.72885716252003,19.4450247444292,0.4
4FGL J1928.3+3325 ,66.71364881553535,7.5952449079034485,0.4
4FGL J1928.4+1801c,53.115280170925594,0.285340053744966,0.4
4FGL J1928.5+5339 ,85.36434972915136,16.392602679035175,0.4
4FGL J1928.8+3126 ,65.00257391392162,6.565394884951415,0.4
4FGL J1929.0+1729 ,52.71654637757874,-0.08836612512167033,0.4
4FGL J1929.4+6146 ,93.29318580125899,19.403827935032165,0.4
4FGL J1929.8+1832 ,53.736954135587176,0.25376733949333946,0.4
4FGL J1930.3+0911 ,45.57757451536611,-4.331882929223553,0.4
4FGL J1930.5+1853 ,54.126322645126336,0.2619112496153744,0.4
4FGL J1930.6-2755 ,11.140612331814712,-20.32400770094855,0.4
4FGL J1931.0+1754c,53.31999942058055,-0.3050770073842244,0.4
4FGL J1931.0+3135 ,65.35748739567829,6.221614821054908,0.4
4FGL J1931.1+0937 ,46.053771434976184,-4.297628409912942,0.4
4FGL J1931.1+1656 ,52.47954701214388,-0.7936314767943305,0.4
4FGL J1931.2+5958 ,91.61479722312687,18.526039239668115,0.4
4FGL J1931.3-1556 ,22.845610212969596,-15.871697299889902,0.4
4FGL J1931.5+5229 ,84.44739441754987,15.500131314069494,0.4
4FGL J1932.2+2221 ,57.35494557126745,1.584401536578738,0.4
4FGL J1932.3+1916 ,54.64999502851434,0.08353819167189969,0.4
4FGL J1932.4+1846 ,54.23894779809972,-0.17835135683279502,0.4
4FGL J1933.2-4539 ,352.84563001834397,-26.037685133556987,0.4
4FGL J1933.3+0726 ,44.382430024357824,-5.8254223249603605,0.4
4FGL J1933.4-2711 ,12.094542415481596,-20.655819214610055,0.4
4FGL J1933.9-1025 ,28.302463692605848,-14.116214060963701,0.4
4FGL J1934.2-1446 ,24.24342244084169,-16.023490581139303,0.4
4FGL J1934.2+6002 ,91.83025038027547,18.21028359323956,0.4
4FGL J1934.2+1036 ,47.277278070461655,-4.511291336656026,0.4
4FGL J1934.3-2419 ,15.024395900467038,-19.798663863219822,0.4
4FGL J1934.3+1859 ,54.645697450572385,-0.4679977917632804,0.4
4FGL J1934.3+6541 ,97.37963261200906,20.32197672291354,0.4
4FGL J1934.5+6139 ,93.41090298307802,18.80171922496527,0.4
4FGL J1935.0-0553 ,32.597121659833626,-12.372312729431483,0.4
4FGL J1935.2+2029 ,56.057235181716244,0.06537540869721871,0.4
4FGL J1935.4+3547 ,69.52547407761553,7.406189811969441,0.4
4FGL J1935.5+1407 ,50.5326867363874,-3.090970376889147,0.4
4FGL J1936.6+1921 ,55.22215333133513,-0.7715256206788548,0.4
4FGL J1936.8-0553 ,32.80950949568923,-12.773013163602867,0.4
4FGL J1936.9-4720 ,351.1541780346509,-27.02293144238133,0.4
4FGL J1937.0+3003 ,64.62466430620468,4.357700647010839,0.4
4FGL J1937.0+8354 ,116.29880582174096,25.76715622651417,0.4
4FGL J1937.1-5509 ,342.4567872642044,-28.35184091539357,0.4
4FGL J1937.1-0444 ,33.8938836659981,-12.322284272555596,0.4
4FGL J1937.2-3958 ,359.14444848934266,-25.363872061380683,0.4
4FGL J1937.2-4217 ,356.66697834979425,-25.952959235258,0.4
4FGL J1939.5-1525 ,24.176902388569225,-17.452695853580597,0.4
4FGL J1939.6+2135 ,57.521695899133924,-0.2945414250160104,0.4
4FGL J1939.7-1242 ,26.78131673978999,-16.377928277177542,0.4
4FGL J1939.8-4928 ,348.9009223624824,-27.894529049759697,0.4
4FGL J1940.2-2511 ,14.68705188370347,-21.358084853069634,0.4
4FGL J1940.9+5114 ,83.93777192197867,13.653805351057542,0.4
4FGL J1941.3-6210 ,334.521754484219,-29.54362289927676,0.4
4FGL J1941.7+7218 ,104.26936354077897,22.05727489139439,0.4
4FGL J1942.1+4011 ,74.06730556440442,8.342909529549686,0.4
4FGL J1942.1+1142 ,49.194693125035116,-5.66813682869043,0.4
4FGL J1942.4+0927 ,47.245620831208115,-6.836568931563131,0.4
4FGL J1942.5-5827 ,338.79813668423293,-29.44739438716071,0.4
4FGL J1942.7+1033 ,48.257188930610305,-6.36303472745638,0.4
4FGL J1942.8-3512 ,4.566763104154543,-25.13075638522342,0.4
4FGL J1943.6-0533 ,33.893070223440645,-14.15085019034166,0.4
4FGL J1943.9+2841 ,64.16923804443188,2.391383598416711,0.4
4FGL J1943.9-2705 ,13.080209745077244,-22.815140906339234,0.4
4FGL J1944.0+2117 ,57.759294499159154,-1.3193543462417066,0.4
4FGL J1944.2+3921 ,73.52791327704239,7.5844678012337265,0.4
4FGL J1944.3-5347 ,344.143904603792,-29.218561763395996,0.4
4FGL J1944.4-4523 ,353.59344152080484,-27.89055690057293,0.4
4FGL J1944.8+4301 ,76.81971641851756,9.266332508346164,0.4
4FGL J1944.9-2143 ,18.569535088549976,-21.096798718019784,0.4
4FGL J1945.1-4007 ,359.42007677159415,-26.867844081476193,0.4
4FGL J1945.5-0153 ,37.47024837384665,-12.89072171614219,0.4
4FGL J1946.0-3112 ,8.985262402190488,-24.570303225195776,0.4
4FGL J1946.0+0937 ,47.82710636547324,-7.52340766780474,0.4
4FGL J1946.1+2436c,60.87293962539263,-0.08560300499289522,0.4
4FGL J1946.4+6031 ,92.94770649231329,17.036406923999103,0.4
4FGL J1946.5-1527 ,24.861972587481635,-19.010430835085916,0.4
4FGL J1946.5-5402 ,343.8977507611833,-29.57235087263287,0.4
4FGL J1946.9-1220 ,27.911135607408525,-17.81205766280237,0.4
4FGL J1947.0+0031 ,39.83932645886847,-12.098933570930209,0.4
4FGL J1947.1+1729 ,54.82418773604127,-3.849160553435123,0.4
4FGL J1947.6-1121 ,28.913825327915866,-17.564508733158696,0.4
4FGL J1947.7+2744 ,63.75642156220236,1.1838921153534012,0.4
4FGL J1948.0-2845 ,11.696642529738515,-24.218628860553583,0.4
4FGL J1948.1+2511 ,61.600874774666806,-0.17794097540839277,0.4
4FGL J1948.3+1207 ,50.30389739959627,-6.795759893501564,0.4
4FGL J1948.8+2420 ,60.96623016990919,-0.7495478183893545,0.4
4FGL J1948.9+3414 ,69.51043770496602,4.243933107037743,0.4
4FGL J1949.0+1314 ,51.36354703235421,-6.363463789075641,0.4
4FGL J1949.2-1453 ,25.69615738895524,-19.387208937010147,0.4
4FGL J1949.2+7250 ,105.02451496442454,21.724623869099275,0.4
4FGL J1949.4+1247 ,51.02764356634557,-6.690100803947367,0.4
4FGL J1949.5+7311 ,105.37659535201706,21.83333526731733,0.4
4FGL J1949.5+0906 ,47.80299032943703,-8.529786319100472,0.4
4FGL J1949.9-6134 ,335.2647150664555,-30.532002125906168,0.4
4FGL J1950.0-7321 ,321.6019029996435,-30.088554327051966,0.4
4FGL J1950.2+3822 ,73.23884560722477,6.077872939871148,0.4
4FGL J1950.6+2416 ,61.112039602842145,-1.1309416120035622,0.4
4FGL J1950.6-5547 ,341.9595426175671,-30.326320701408587,0.4
4FGL J1950.6+3456 ,70.30223229500068,4.287231410527831,0.4
4FGL J1950.8+1211 ,50.68100790065282,-7.283191643133554,0.4
4FGL J1951.0+2523 ,62.120051957428245,-0.6483781595169965,0.4
4FGL J1951.2-0951 ,30.741526294938485,-17.71982540256484,0.4
4FGL J1951.3-8015c,313.73012948999406,-29.231206036790628,0.4
4FGL J1951.6-4624 ,352.70988665079926,-29.310463826276536,0.4
4FGL J1951.6+2621 ,63.01193534204436,-0.270816898864493,0.4
4FGL J1951.8-0511 ,35.190495890440516,-15.794207519180643,0.4
4FGL J1952.8+2924 ,65.76632310509643,1.0594340947812106,0.4
4FGL J1952.9+3252 ,68.77148074279377,2.8225463545412866,0.4
4FGL J1953.0+7651 ,109.15120852665233,22.97223716000145,0.4
4FGL J1953.0-7025 ,324.9736803159749,-30.588077653449194,0.4
4FGL J1953.5+3841 ,73.83675955384585,5.686324824721158,0.4
4FGL J1953.6+1846 ,56.732643318105865,-4.540999159471474,0.4
4FGL J1954.3+2836 ,65.2475070623419,0.3731945591356148,0.4
4FGL J1954.4+3252e,68.91247143879995,2.5616476018580356,0.4
4FGL J1954.4-3729 ,2.786291832207498,-27.98305264855728,0.4
4FGL J1954.5+2420 ,61.63246800445342,-1.8682201112355845,0.4
4FGL J1954.6-1122 ,29.66487047193028,-19.128572636633805,0.4
4FGL J1954.8+2543c,62.83848448507575,-1.218563565918951,0.4
4FGL J1954.9-5640 ,340.992817041949,-30.986165305934094,0.4
4FGL J1955.1-1604 ,25.15450987000298,-21.148191287399335,0.4
4FGL J1955.2+1358 ,52.776743432612484,-7.313484561267831,0.4
4FGL J1955.3-5032 ,348.1024567494519,-30.51123415194542,0.4
4FGL J1955.4+5132 ,85.28850041297595,11.801616382154059,0.4
4FGL J1955.7-0130 ,39.03968212904669,-14.965813141330486,0.4
4FGL J1955.7+0214 ,42.44756641300276,-13.212325033415398,0.4
4FGL J1955.8-1657 ,24.352875985379395,-21.659648595993243,0.4
4FGL J1955.8+1154 ,51.03879015135231,-8.477467249314076,0.4
4FGL J1956.1+0234 ,42.79820948440971,-13.136643371510502,0.4
4FGL J1956.6-7011 ,325.2167031860733,-30.90513320434323,0.4
4FGL J1957.1-3231 ,8.360270341984023,-27.217731367092227,0.4
4FGL J1957.3+2517 ,62.76548566281552,-1.9108306164685394,0.4
4FGL J1957.6+1230 ,51.78420345688634,-8.545650096925488,0.4
4FGL J1957.6+5033 ,84.58630750722317,11.019008637906579,0.4
4FGL J1958.0-3845 ,1.5763128525484873,-28.96140509713252,0.4
4FGL J1958.1+2438 ,62.29805253381561,-2.402434133386473,0.4
4FGL J1958.1-0711 ,34.039559908282186,-18.0862112811523,0.4
4FGL J1958.2+6942 ,102.24848810277706,19.81491171947458,0.4
4FGL J1958.3-3010 ,10.96012688254524,-26.781945775949662,0.4
4FGL J1958.5+3512 ,71.35443738586319,3.0365702725899757,0.4
4FGL J1958.7+2846 ,65.88814688031623,-0.3570459170009422,0.4
4FGL J1959.0+3844 ,74.43443507791949,4.786316408257367,0.4
4FGL J1959.1-4247 ,357.0951313357229,-30.000422026415396,0.4
4FGL J1959.1+1646 ,55.67789690802322,-6.700565435734699,0.4
4FGL J1959.3-6121 ,335.52146217652745,-31.64994217370934,0.4
4FGL J1959.5+2048 ,59.198578776678296,-4.691870543152331,0.4
4FGL J1959.7-4725 ,351.7935168420131,-30.845670423230967,0.4
4FGL J1959.8-1835 ,23.128114700732997,-23.174189213555312,0.4
4FGL J1959.9-4605 ,353.34458545604065,-30.67960831570725,0.4
4FGL J1959.9+1833 ,57.31307109811884,-5.933898904205466,0.4
4FGL J2000.0+4214 ,77.53585722437354,6.4471719260536196,0.4
4FGL J2000.0+6508 ,98.00510956550832,17.665121507325004,0.4
4FGL J2000.3-2930 ,11.823087146823102,-26.995924459452855,0.4
4FGL J2000.6-1328 ,28.28650010635114,-21.31944565276697,0.4
4FGL J2000.9-1748 ,24.00814972358687,-23.11290493798859,0.4
4FGL J2000.9+6614 ,99.08084753658633,18.07711106553125,0.4
4FGL J2001.2+4353 ,79.07082551250141,7.113490296624296,0.4
4FGL J2001.5-0818 ,33.36122758100626,-19.32919531355732,0.4
4FGL J2001.5+1611 ,55.464979290729055,-7.4860735346738005,0.4
4FGL J2001.5-0958 ,31.776415329389458,-20.06981321636813,0.4
4FGL J2001.7+7040 ,103.31560764819041,19.95838773254431,0.4
4FGL J2001.9-5737 ,339.9048559989763,-31.96843531539635,0.4
4FGL J2002.3+3246 ,69.71298839290195,1.0811532835187474,0.4
4FGL J2002.4-7119 ,323.83316651804193,-31.252676454860794,0.4
4FGL J2002.6+6302 ,96.19488625817348,16.44337465558799,0.4
4FGL J2003.6+2333 ,62.03926502714951,-4.036169636972889,0.4
4FGL J2004.1+2517 ,63.57272706109443,-3.228154048280635,0.4
4FGL J2004.3+3339 ,70.67630026816464,1.1960973580690277,0.4
4FGL J2004.9+3421 ,71.33156738946487,1.460920692587355,0.4
4FGL J2005.1+7003 ,102.86715515378533,19.436935076264394,0.4
4FGL J2005.2-1822 ,23.882060337254032,-24.28075317721338,0.4
4FGL J2005.5+7752 ,110.47017284751146,22.733352777338148,0.4
4FGL J2005.8+6424 ,97.61062933045412,16.770438153228667,0.4
4FGL J2005.8+3357 ,71.098538747054,1.0918595789676384,0.4
4FGL J2005.9-2309 ,19.003725974789802,-26.13710103253707,0.4
4FGL J2006.0-6538 ,330.4363120012954,-32.194796417916294,0.4
4FGL J2006.2+3102 ,68.68508271462893,-0.5386707938595712,0.4
4FGL J2006.4-0354 ,38.106375112592886,-18.462993849061426,0.4
4FGL J2006.4+1834 ,58.136987408967045,-7.247897189782792,0.4
4FGL J2006.4+0147 ,43.38119792385868,-15.774226807444613,0.4
4FGL J2007.0+0707 ,48.23757678711458,-13.259005221797683,0.4
4FGL J2007.2-1433 ,27.911485955708404,-23.224585023991004,0.4
4FGL J2007.2-3157 ,9.644628299574832,-29.114021974539135,0.4
4FGL J2007.2+6607 ,99.26755449256369,17.45159639906514,0.4
4FGL J2007.3-7728 ,316.7007013679374,-30.525284571280945,0.4
4FGL J2007.4-6310 ,333.3289620725126,-32.52641961532952,0.4
4FGL J2007.9-4432 ,355.3810689007901,-31.846049548883148,0.4
4FGL J2007.9+2511 ,63.9524867868145,-4.005670185058959,0.4
4FGL J2008.4+1619 ,56.45482029103236,-8.827310840749883,0.4
4FGL J2008.9+6742c,100.82502453782891,18.04974925616955,0.4
4FGL J2009.4-4849 ,350.3813798913723,-32.602570750290866,0.4
4FGL J2009.5+2425 ,63.49622625832328,-4.733800204657972,0.4
4FGL J2009.9-2116 ,21.323906155331972,-26.352559089053393,0.4
4FGL J2009.9+3544 ,73.05502004638815,1.3594018132912844,0.4
4FGL J2010.0+0726 ,48.90620197594048,-13.745090216788803,0.4
4FGL J2010.0+7229 ,105.36082249216116,20.16733961780503,0.4
4FGL J2010.2-2523 ,16.997505955489867,-27.809887684858946,0.4
4FGL J2011.0-0614 ,36.456107717600375,-20.535995466723573,0.4
4FGL J2011.3-0330 ,39.0773266561797,-19.350618769575895,0.4
4FGL J2011.6-1546 ,27.155181329488396,-24.688235476031938,0.4
4FGL J2012.0+4629 ,82.31598616858894,6.863236568846384,0.4
4FGL J2012.1-5234 ,345.9616447184361,-33.27728912960129,0.4
4FGL J2012.2-1646 ,26.20409703533925,-25.213822553178904,0.4
4FGL J2013.0-3717 ,3.9638860324722907,-31.544261021925493,0.4
4FGL J2013.0-3828 ,2.6019450465828737,-31.781324904144327,0.4
4FGL J2013.4+2745 ,66.78436912590541,-3.6386474191065052,0.4
4FGL J2013.5+3613 ,73.85344052922775,1.016713833519138,0.4
4FGL J2013.9-8717 ,305.81164952547886,-28.055114552028517,0.4
4FGL J2014.3-0047 ,41.99440297418549,-18.749833481625263,0.4
4FGL J2014.5+0648 ,48.92801942126597,-15.03734204088325,0.4
4FGL J2014.5-1841 ,24.46095171376791,-26.44571828996623,0.4
4FGL J2014.9+1225 ,53.92946024223675,-12.215113113507456,0.4
4FGL J2015.0+1621 ,57.347259666713825,-10.149556013152793,0.4
4FGL J2015.2-0137 ,41.32359175348041,-19.32909028502972,0.4
4FGL J2015.3-1432 ,28.78547686382465,-25.00819326642979,0.4
4FGL J2015.3+0758 ,50.07616505726575,-14.614252433650178,0.4
4FGL J2015.4+6556 ,99.53442948017869,16.642084199425064,0.4
4FGL J2015.5+3710 ,74.87052509908868,1.2048199666674058,0.4
4FGL J2016.2+3712 ,74.97436479976426,1.1166778744052552,0.4
4FGL J2016.3+4953 ,85.58895850348567,8.115760465936244,0.4
4FGL J2016.3-2331 ,19.50917861365327,-28.52623664789624,0.4
4FGL J2016.3-0903 ,34.35968083181652,-22.96684013480203,0.4
4FGL J2017.3+3525 ,73.6216919766821,-0.07992232026443342,0.4
4FGL J2017.4+0602 ,48.6224361653613,-16.0336917262183,0.4
4FGL J2017.5-4113 ,359.5617447088053,-33.10709663988182,0.4
4FGL J2017.5-3753 ,3.473866910490438,-32.54035171142829,0.4
4FGL J2017.7-1612 ,27.348443489332993,-26.206382946261908,0.4
4FGL J2017.9-0114 ,42.02480263444215,-19.73802984289841,0.4
4FGL J2017.9+3625 ,74.51802063835491,0.3891131192505387,0.4
4FGL J2018.0+7903 ,111.90357105721178,22.6624948958049,0.4
4FGL J2018.5+3852 ,76.60466640744947,1.6670272801505504,0.4
4FGL J2019.6+0616 ,49.110731897758086,-16.39005272531794,0.4
4FGL J2020.7-4536 ,354.42325112286494,-34.227279827918885,0.4
4FGL J2021.0+4031e,78.24081492202637,2.1967358100788505,0.4
4FGL J2021.1+3651 ,75.22906743284942,0.10907957851451641,0.4
4FGL J2021.2+4858 ,85.2537491700754,6.944477436314424,0.4
4FGL J2021.4-2048 ,22.8930945976507,-28.714870903291633,0.4
4FGL J2021.5+4026 ,78.2284104914876,2.081779470385861,0.4
4FGL J2021.9+3609 ,74.74949995743961,-0.42513170258329447,0.4
4FGL J2021.9+0629 ,49.6244722369094,-16.781042783755602,0.4
4FGL J2022.0-7224 ,322.25725384234005,-32.56330579736668,0.4
4FGL J2022.3+3840 ,76.85812440050078,0.9450023187323818,0.4
4FGL J2022.3-4513 ,354.9265833338664,-34.46555371147473,0.4
4FGL J2022.3+0807 ,51.130424635734684,-16.028019782775807,0.4
4FGL J2022.3+0413 ,47.63156883612819,-18.02903060571363,0.4
4FGL J2022.5+7612 ,109.29495522014307,21.137467997254955,0.4
4FGL J2022.6+3716c,75.74937849693615,0.10542599922584349,0.4
4FGL J2023.2+3153 ,71.40146294123082,-3.09248865930474,0.4
4FGL J2023.3-1947 ,24.155893859300456,-28.770535341592005,0.4
4FGL J2023.4+4127 ,79.26504389316274,2.3544930583100445,0.4
4FGL J2023.5+2046 ,62.200276311532974,-9.423386900843854,0.4
4FGL J2023.6-1139 ,32.61137844807461,-25.678959534169085,0.4
4FGL J2023.6-0123 ,42.610999476433165,-21.08213481207534,0.4
4FGL J2023.8-4828 ,351.00584014713036,-34.95884984850138,0.4
4FGL J2024.0+3202 ,71.62646108563891,-3.1348568182521905,0.4
4FGL J2024.2+3616 ,75.10687415103405,-0.7421787466106442,0.4
4FGL J2024.4-0847 ,35.568015507142405,-24.645044795580834,0.4
4FGL J2024.6-3252 ,9.669590443439482,-32.89816177389799,0.4
4FGL J2024.7-2328 ,20.285930696266245,-30.321944480665472,0.4
4FGL J2024.8-6459 ,330.9270245414428,-34.215410102197104,0.4
4FGL J2024.8+2734 ,68.03707836262416,-5.830995897154815,0.4
4FGL J2025.2+0317 ,47.15886432122874,-19.111575989205296,0.4
4FGL J2025.3-2231 ,21.3828587610524,-30.136021601361737,0.4
4FGL J2025.3+3341 ,73.12864555230293,-2.4150642200897154,0.4
4FGL J2025.6-0735 ,36.90205205963041,-24.388066082281068,0.4
4FGL J2026.0+4718 ,84.33202178897074,5.34181464807242,0.4
4FGL J2026.0-2845 ,14.489914284648021,-32.16029194756067,0.4
4FGL J2026.1+7645 ,109.9274545582679,21.222659528972493,0.4
4FGL J2026.3+1431 ,57.273222921109245,-13.444152210531417,0.4
4FGL J2026.5+3718c,76.22178697175636,-0.5254643450174283,0.4
4FGL J2026.6+3449 ,74.20847843307732,-1.9660711664343125,0.4
4FGL J2027.0+2811 ,68.83273256972035,-5.882257775478138,0.4
4FGL J2027.0+3343 ,73.36234492856522,-2.6871199712989244,0.4
4FGL J2028.3+3331 ,73.35944753859515,-3.011065064443626,0.4
4FGL J2028.6+4110e,79.60072622009854,1.396265774572502,0.4
4FGL J2028.8-0010 ,44.43493291933165,-21.61615584314423,0.4
4FGL J2029.1-1839 ,25.91578392580189,-29.63952859801159,0.4
4FGL J2029.1-3050 ,12.306107028825153,-33.351957360065725,0.4
4FGL J2029.3-2409 ,19.923361450106746,-31.53759907128541,0.4
4FGL J2029.4+1013 ,53.94401979462243,-16.394358420462776,0.4
4FGL J2029.5+4925 ,86.40502133704378,6.091284954492621,0.4
4FGL J2029.5-4237 ,358.23256122522946,-35.48831200918915,0.4
4FGL J2030.0+3641 ,76.12342233985068,-1.4454921579626512,0.4
4FGL J2030.0-0310 ,41.738331049317885,-23.331033795647972,0.4
4FGL J2030.2-0620 ,38.691939378190135,-24.838576382408466,0.4
4FGL J2030.3-5038 ,348.38429250736795,-36.063621500910166,0.4
4FGL J2030.4-0502 ,39.9867171248818,-24.298537311124853,0.4
4FGL J2030.5-1439 ,30.29808707876198,-28.435825001674925,0.4
4FGL J2030.5+2235 ,64.6633600731827,-9.738146490851621,0.4
4FGL J2030.8-6959 ,324.87312947479427,-33.80756041824858,0.4
4FGL J2030.9+4416 ,82.35020982588613,2.8823979918817706,0.4
4FGL J2030.9-1621 ,28.549245276301694,-29.18893317928373,0.4
4FGL J2030.9+1935 ,62.215242232782785,-11.525656359167108,0.4
4FGL J2031.1-2615 ,17.704568334904366,-32.55976579396736,0.4
4FGL J2031.2-4121 ,359.82973273723377,-35.66911006180877,0.4
4FGL J2031.7+3138 ,72.2438403678438,-4.706935120829249,0.4
4FGL J2031.8+1619 ,59.555755583044444,-13.539057170048784,0.4
4FGL J2031.9+2403 ,66.06508931463385,-9.151393877015565,0.4
4FGL J2032.0+1219 ,56.14613211285789,-15.788282310021458,0.4
4FGL J2032.0+0229 ,47.343411482427875,-20.989252449121953,0.4
4FGL J2032.2+4127 ,80.22937752405076,1.0241297422320392,0.4
4FGL J2032.2-0545 ,39.51702809176544,-25.015093230976866,0.4
4FGL J2032.3-5816 ,338.9234289084806,-35.96583784833755,0.4
4FGL J2032.3-0720 ,37.96571677587961,-25.758687063380076,0.4
4FGL J2032.4+4056 ,79.83805636550977,0.6859539936324799,0.4
4FGL J2032.9-0005 ,45.051353580481205,-22.453505195671912,0.4
4FGL J2033.0+3900 ,78.35001727901762,-0.5499823258015791,0.4
4FGL J2033.7+6308 ,98.14792580344074,13.485576455949635,0.4
4FGL J2034.4+7244 ,106.54905657107192,18.706783855193574,0.4
4FGL J2034.6+1154 ,56.136926100597755,-16.549491470164465,0.4
4FGL J2034.8-4200 ,359.12745227303566,-36.40394611230379,0.4
4FGL J2034.9-0450 ,40.75759872040832,-25.195182496273727,0.4
4FGL J2035.0+3632 ,76.597053945409,-2.341465092936227,0.4
4FGL J2035.3+0557 ,50.96222398678842,-19.887177080286577,0.4
4FGL J2035.3+0354 ,49.10217561129562,-20.967850120319746,0.4
4FGL J2035.4+1056 ,55.40548375504689,-17.243267303286732,0.4
4FGL J2035.6+4451 ,83.32383849734192,2.548278053311785,0.4
4FGL J2035.9+4901 ,86.70532701419013,5.011633190401227,0.4
4FGL J2036.2-0207 ,43.54939064415234,-24.18476344454664,0.4
4FGL J2036.3+5642c,92.9894069736053,9.512310228854247,0.4
4FGL J2036.4+6553 ,100.65728153870509,14.796302737365197,0.4
4FGL J2036.4-0607 ,39.688472468190824,-26.10962065850201,0.4
4FGL J2036.9-3329 ,9.60675223575093,-35.543830819135955,0.4
4FGL J2037.0-2826 ,15.615161181579017,-34.40418298828229,0.4
4FGL J2037.7+4647 ,85.09714547875383,3.433704239975253,0.4
4FGL J2037.7-2230 ,22.48094789994228,-32.846693747778296,0.4
4FGL J2037.9-0504 ,40.91426551979145,-25.942458559813737,0.4
4FGL J2038.4+4212 ,81.52714595065018,0.5427823904193112,0.4
4FGL J2038.7-3655 ,5.507763426321036,-36.51403652737788,0.4
4FGL J2038.7+5117 ,88.79528874706499,5.999279055019201,0.4
4FGL J2039.0-1046 ,35.30460064372367,-28.736249756353228,0.4
4FGL J2039.3+2150 ,65.2414523397847,-11.830662360833669,0.4
4FGL J2039.4-3616 ,6.337370213300125,-36.546464782279756,0.4
4FGL J2039.5+5218 ,89.69132570820042,6.524759643491416,0.4
4FGL J2039.5+5055 ,88.58549861534291,5.687535244644639,0.4
4FGL J2039.5-5617 ,341.26794830508555,-37.14652520875415,0.4
4FGL J2039.6+6656c,101.75020832121318,15.135519119994491,0.4
4FGL J2040.0-5737 ,339.5963692130833,-37.05679716635476,0.4
4FGL J2040.0+1237 ,57.53364953257905,-17.268646874884656,0.4
4FGL J2040.1-3137 ,12.026614129762736,-35.81450898157235,0.4
4FGL J2040.1-4621 ,353.74606384919315,-37.63068827319732,0.4
4FGL J2040.2-7115 ,323.14536013894093,-34.23008757496964,0.4
4FGL J2040.2-2506 ,19.732872643076256,-34.196929579794826,0.4
4FGL J2040.4+0312 ,49.154892649446374,-22.417092181403536,0.4
4FGL J2040.5-1705 ,28.77138321844057,-31.591952798442314,0.4
4FGL J2041.1-6138 ,334.6090582028898,-36.58385140745985,0.4
4FGL J2041.1+4736 ,86.09668686259334,3.453767393009035,0.4
4FGL J2041.5+5554 ,92.75919466698453,8.455350865665823,0.4
4FGL J2041.8-7319 ,320.73291903428407,-33.71940172593757,0.4
4FGL J2041.9-3735 ,4.803722315131174,-37.23536706191858,0.4
4FGL J2042.1+2427 ,67.78000487270415,-10.806827190239165,0.4
4FGL J2042.1-5320 ,344.9247814855646,-37.77830895310878,0.4
4FGL J2042.1+4209 ,81.90431241537637,-0.028422198729021814,0.4
4FGL J2042.2+0245 ,48.98971283841726,-23.03558413706225,0.4
4FGL J2042.3+5758c,94.49693616468159,9.615092410132926,0.4
4FGL J2042.6+1629 ,61.23167800598087,-15.583614006458085,0.4
4FGL J2042.7-5415 ,343.7553343502975,-37.78597633381197,0.4
4FGL J2042.7-0155 ,44.6255288948103,-25.505539212290586,0.4
4FGL J2042.7+1519 ,60.25579548336251,-16.27484976180818,0.4
4FGL J2043.1+4256c,82.63398071035354,0.3181047950273721,0.4
4FGL J2043.3+1711 ,61.91494445366202,-15.316716433745126,0.4
4FGL J2043.3-1520 ,30.973713460142722,-31.552554176927153,0.4
4FGL J2043.7+2741 ,70.62230531404737,-9.145314777701747,0.4
4FGL J2043.7+0000 ,46.61127787442982,-24.758230729954995,0.4
4FGL J2043.8+2205 ,66.06978114503698,-12.531385296049656,0.4
4FGL J2043.9+2051 ,65.06356577282565,-13.2780427220938,0.4
4FGL J2043.9-4802 ,351.6291031493015,-38.283662714003576,0.4
4FGL J2044.0+1036 ,56.34185332170145,-19.18797792691797,0.4
4FGL J2044.9+5029e,88.76024859505692,4.74026380271799,0.4
4FGL J2045.0+4202 ,82.13465477451184,-0.52002911331423,0.4
4FGL J2045.1-2346 ,21.671552707191733,-34.85446593822995,0.4
4FGL J2045.6+2455 ,68.64576860961226,-11.16403635710054,0.4
4FGL J2045.9-6835 ,326.09143296775545,-35.46155661186077,0.4
4FGL J2046.1-1626 ,30.075860092518287,-32.60528925896672,0.4
4FGL J2046.5-1947 ,26.37592374951143,-33.881984360388266,0.4
4FGL J2046.6-1012 ,36.8245578639799,-30.19179839804777,0.4
4FGL J2046.8-4258 ,358.12091095894067,-38.69226301878577,0.4
4FGL J2046.9-5409 ,343.79407070997684,-38.40500112348142,0.4
4FGL J2046.9-0235 ,44.55376424120173,-26.749413795668474,0.4
4FGL J2047.1-7400 ,319.8148275515818,-33.845357274272295,0.4
4FGL J2047.3+1051 ,57.052340369217944,-19.72921871539209,0.4
4FGL J2047.5+4356 ,83.90952817025482,0.3158608868033235,0.4
4FGL J2047.9-3122 ,12.76372999485412,-37.38733646168801,0.4
4FGL J2048.4-2517 ,20.160498919212625,-36.01077521503614,0.4
4FGL J2048.6-6804 ,326.61984689477094,-35.849413500513556,0.4
4FGL J2049.0+1647 ,62.40404718487859,-16.650520257696318,0.4
4FGL J2049.0-4020 ,1.5111189436186663,-38.91632439579957,0.4
4FGL J2049.3+4440c,84.68700443826627,0.5235958125514776,0.4
4FGL J2049.7-0036 ,46.854063994066706,-26.378023429418196,0.4
4FGL J2049.9+1002 ,56.705335345778906,-20.70881622545258,0.4
4FGL J2049.9-2453 ,20.76305582227597,-36.224327903237295,0.4
4FGL J2050.0+4114c,82.10027920717305,-1.742493874471664,0.4
4FGL J2050.0+0408 ,51.390202016822194,-23.974159611031272,0.4
4FGL J2050.4+1807 ,63.7363274797667,-16.124538719805155,0.4
4FGL J2050.4-3015 ,14.29139879115611,-37.67556343295181,0.4
4FGL J2050.4-2627 ,18.911228419517425,-36.76765686240034,0.4
4FGL J2051.0+3049e,74.11040648377262,-8.462320471591292,0.4
4FGL J2051.0-0826 ,39.211808112220865,-30.3871627404769,0.4
4FGL J2051.7+5051 ,89.72137839115692,4.129976679535898,0.4
4FGL J2052.1+5539 ,93.5011004037113,7.126398343058454,0.4
4FGL J2052.2+1635 ,62.709361011804866,-17.394350133601627,0.4
4FGL J2052.2-5533 ,341.8968002014668,-38.99829004394046,0.4
4FGL J2052.3+4437 ,84.9877511114734,0.08970835039019301,0.4
4FGL J2052.5+0810 ,55.427192577647716,-22.283303262865267,0.4
4FGL J2052.6+4135c,82.68949011473816,-1.9056524507462715,0.4
4FGL J2052.7+4334 ,84.22425660863792,-0.647306122535587,0.4
4FGL J2052.7+1218 ,59.12705073460499,-19.991034977921068,0.4
4FGL J2052.8+5739 ,95.1234923534139,8.313766529724008,0.4
4FGL J2053.8+2922 ,73.34503080142905,-9.852829180137055,0.4
4FGL J2054.0+7024 ,105.45197273963781,16.103091890519863,0.4
4FGL J2054.1-4054 ,0.8839873070952461,-39.92285316414137,0.4
4FGL J2054.2+6904 ,104.37174020247123,15.284694038304819,0.4
4FGL J2054.5+4731 ,87.45588792929262,1.6423596076215345,0.4
4FGL J2054.8+0015 ,48.42394625397511,-27.034748292240895,0.4
4FGL J2055.0-5218 ,346.0063943992275,-39.814513661260015,0.4
4FGL J2055.1-1028 ,37.586706281439895,-32.17927590915137,0.4
4FGL J2055.4-0020 ,47.921662475962336,-27.450434245803937,0.4
4FGL J2055.4-0504 ,43.23246831356996,-29.808337115875283,0.4
4FGL J2055.8+1545 ,62.53441522126172,-18.578374789603256,0.4
4FGL J2055.8+2540 ,70.69747415739694,-12.519724793084496,0.4
4FGL J2056.1+5925 ,96.7771517993258,9.103502832781585,0.4
4FGL J2056.2-4714 ,352.6031451987168,-40.38398755966589,0.4
4FGL J2056.4+4351c,84.86856762859146,-0.9771582923243366,0.4
4FGL J2056.4-4904 ,350.1959538592449,-40.32248458734353,0.4
4FGL J2056.4-5922 ,336.95194190506066,-38.880802296135606,0.4
4FGL J2056.5-0202 ,46.42993597926366,-28.55752460289005,0.4
4FGL J2056.7-3209 ,12.244474133385426,-39.37160441241788,0.4
4FGL J2056.7+4939 ,89.32508835579264,2.7544971023260763,0.4
4FGL J2057.4-0723 ,41.12547606079831,-31.31390612549467,0.4
4FGL J2057.6-7829 ,314.5819440013886,-32.66403687875068,0.4
4FGL J2058.0+3338 ,77.26034863467949,-7.833689663403089,0.4
4FGL J2058.5-1833 ,28.9817538467133,-36.13016304597991,0.4
4FGL J2058.6+0550 ,54.22998492664629,-24.83395118071468,0.4
4FGL J2058.7+4454 ,85.93405568964741,-0.5907342231617309,0.4
4FGL J2058.8-1442 ,33.405785307525214,-34.75602891276941,0.4
4FGL J2059.1-4103 ,0.7412563049505386,-40.87035273868556,0.4
4FGL J2059.1+4403 ,85.33618754350918,-1.2193170026260445,0.4
4FGL J2059.7+4837 ,88.85237997026339,1.704637888014266,0.4
4FGL J2100.0+2103 ,67.58681594209474,-16.140228351916708,0.4
4FGL J2100.0+1445 ,62.34213568336551,-19.987886454838634,0.4
4FGL J2100.0-4356 ,356.9315727151453,-41.11145017093312,0.4
4FGL J2101.3+0912 ,57.695052073536395,-23.515366346227072,0.4
4FGL J2101.4-2935 ,15.773346572744577,-39.87176675576709,0.4
4FGL J2101.8+5044c,90.67395743684862,2.8425793830505017,0.4
4FGL J2102.1+4546 ,86.98258339612924,-0.48203030073713904,0.4
4FGL J2102.3+4702 ,87.94818777356998,0.33776292404118063,0.4
4FGL J2103.0+0342 ,52.925153623107526,-26.93277581660825,0.4
4FGL J2103.2-2114 ,26.27755697497749,-38.059265599724895,0.4
4FGL J2103.4-7816 ,314.65658305733086,-33.02307416518437,0.4
4FGL J2103.7-1112 ,37.8733278927139,-34.40899305563491,0.4
4FGL J2103.8-6233 ,332.69884680857433,-38.94970772056483,0.4
4FGL J2104.0+4623 ,87.65106297953317,-0.31900505385373845,0.4
4FGL J2104.0-3546 ,7.855519251160659,-41.40740505058726,0.4
4FGL J2104.3-0212 ,47.37584986359108,-30.317177612730053,0.4
4FGL J2104.4+2116 ,68.44835112144,-16.81850126187663,0.4
4FGL J2104.7+0108 ,50.72592780493391,-28.664267103227548,0.4
4FGL J2105.2-5143 ,346.5115388619438,-41.44594859262902,0.4
4FGL J2105.9+7508 ,109.93504029329226,18.32450644590606,0.4
4FGL J2106.7+3549 ,80.10936804954603,-7.748835439441408,0.4
4FGL J2106.9+2455 ,71.75100360566381,-14.933367349115146,0.4
4FGL J2107.1-1453 ,34.16731682357862,-36.68460095064101,0.4
4FGL J2107.6-4148 ,359.7958759366044,-42.48548293623912,0.4
4FGL J2107.9+6006 ,98.27876253148946,8.423347955937787,0.4
4FGL J2108.0+3655 ,81.10795752752854,-7.200245572902738,0.4
4FGL J2108.0+5155 ,92.20521179603062,2.913204697374037,0.4
4FGL J2108.2-2454 ,22.186263412700864,-40.22448451997458,0.4
4FGL J2108.3-4824 ,350.86372510219365,-42.326507470370316,0.4
4FGL J2108.5+1434 ,63.52017774174365,-21.742512578223263,0.4
4FGL J2108.7-0250 ,47.38409147065179,-31.586989736372384,0.4
4FGL J2108.7-0408 ,46.070049782520925,-32.23682342340804,0.4
4FGL J2108.7+7532c,110.37468798626516,18.431427068631017,0.4
4FGL J2108.9-6638 ,327.52385825152226,-38.16223185262579,0.4
4FGL J2109.3+3531 ,80.23458747514535,-8.338975899432242,0.4
4FGL J2109.5+5238c,92.88074706429306,3.23321445004938,0.4
4FGL J2109.6+0440 ,54.85075897149891,-27.764243735891053,0.4
4FGL J2109.6+3954 ,83.54302104337889,-5.431029313257922,0.4
4FGL J2109.7-4109 ,0.697996519388795,-42.878133684667176,0.4
4FGL J2109.8-8618 ,306.41256084091486,-29.18188745146885,0.4
4FGL J2109.8+6315 ,100.82008544850845,10.35987441784787,0.4
4FGL J2110.2-1021c,39.65474277048277,-35.48237044036569,0.4
4FGL J2110.3+0808 ,58.151849702622485,-25.919174985262174,0.4
4FGL J2110.3+0404 ,54.408970988831754,-28.251810270466855,0.4
4FGL J2110.7+5129 ,92.16832242108978,2.3140311792160553,0.4
4FGL J2111.4+4606 ,88.31335549719105,-1.4542867303481366,0.4
4FGL J2112.0+3744 ,82.26031715968668,-7.240439679787664,0.4
4FGL J2112.5-3043 ,14.903888347206575,-42.44356757609997,0.4
4FGL J2112.7+0819 ,58.697452312520426,-26.309473971321744,0.4
4FGL J2112.7+5748 ,96.99673639338022,6.409366710346769,0.4
4FGL J2112.9-4818 ,350.8936782195524,-43.09374112452329,0.4
4FGL J2113.9+1120 ,61.5878011375642,-24.758990232393675,0.4
4FGL J2114.0+1956 ,68.85551108976057,-19.387397391746656,0.4
4FGL J2114.2+2132 ,70.16758175155985,-18.39752151923817,0.4
4FGL J2114.3+5023 ,91.7633584732037,1.1487608517350354,0.4
4FGL J2114.7-2538 ,21.751371915667224,-41.82818773682691,0.4
4FGL J2114.7+3130 ,77.99067602174212,-11.884300266365878,0.4
4FGL J2114.8+6000c,98.79416648181657,7.718958521576224,0.4
4FGL J2114.8+2831 ,75.74165832337619,-13.905401095555879,0.4
4FGL J2114.8+2026 ,69.39117357996302,-19.223179461959162,0.4
4FGL J2114.9-3326 ,11.356285249976306,-43.34884383793733,0.4
4FGL J2115.1+5449 ,95.04308481830651,4.120357565081564,0.4
4FGL J2115.2+1218 ,62.639124380551124,-24.420248460343444,0.4
4FGL J2115.2+5219c,93.25721487188115,2.378595756771741,0.4
4FGL J2115.4+2932 ,76.61728056724577,-13.320583721745857,0.4
4FGL J2115.6-4938 ,349.004615626248,-43.361043635878595,0.4
4FGL J2115.8+6753 ,104.73950608584836,13.00592744892262,0.4
4FGL J2115.9-0113 ,50.1177689413461,-32.310453010217465,0.4
4FGL J2116.2+3701 ,82.3045017975798,-8.341005299416507,0.4
4FGL J2116.2+3339 ,79.81748790640687,-10.650590180090921,0.4
4FGL J2116.3+1015 ,61.01002330188816,-25.866400455488936,0.4
4FGL J2116.6-2704 ,19.997742711124527,-42.58898262458668,0.4
4FGL J2117.0+1344 ,64.1734658827686,-23.86894854507255,0.4
4FGL J2117.1-5307 ,344.23882207620636,-42.985204219293976,0.4
4FGL J2117.4+6159c,100.47537391308276,8.854366189778885,0.4
4FGL J2117.8-1521 ,34.887800950713164,-39.229985512624495,0.4
4FGL J2117.8-3243 ,12.443549399860911,-43.873866770208494,0.4
4FGL J2117.9+3729 ,82.88009198432763,-8.273963131612044,0.4
4FGL J2118.0+0019 ,51.99606064486246,-31.908522757423228,0.4
4FGL J2118.2+5752 ,97.5431783301879,5.931089246047343,0.4
4FGL J2118.2-5419 ,342.58224851919255,-42.89663862244491,0.4
4FGL J2118.3+4055 ,85.42583231537816,-5.938642351780119,0.4
4FGL J2118.8-0723c,44.10907826715303,-36.0266551727348,0.4
4FGL J2119.0-3317 ,11.707402187053807,-44.190493264260425,0.4
4FGL J2119.4+4652c,89.82254470437775,-1.9164579989113262,0.4
4FGL J2119.5-4541 ,354.33540035745904,-44.476763126529924,0.4
4FGL J2119.6-1105 ,40.10079546347889,-37.887095791920416,0.4
4FGL J2120.0+5257 ,94.20895652125971,2.2947485939728347,0.4
4FGL J2120.3+5227c,93.88369413277869,1.9208537396803829,0.4
4FGL J2120.5-0138 ,50.42042935374984,-33.48554208517707,0.4
4FGL J2120.5+4331 ,87.58422457501547,-4.408475221406917,0.4
4FGL J2120.6-1254 ,38.12414779599108,-38.86539802263713,0.4
4FGL J2120.6-6114 ,333.5289273408985,-41.24166398940006,0.4
4FGL J2120.7+4428 ,88.28487839314943,-3.761334577636602,0.4
4FGL J2120.8-2329 ,25.04460768094063,-42.61074474683245,0.4
4FGL J2121.0+1901 ,69.25126063640433,-21.242331346452044,0.4
4FGL J2121.8-3412 ,10.525281730812283,-44.876237833600264,0.4
4FGL J2122.3+7653 ,112.0137580992095,18.69644269162677,0.4
4FGL J2122.5+0345 ,56.07110526395324,-30.93755967583829,0.4
4FGL J2122.6+3709 ,83.29603338441724,-9.172438884131052,0.4
4FGL J2123.5-8315 ,309.1299757586766,-31.14131416659367,0.4
4FGL J2123.6+0535 ,57.99790158236118,-30.10823541689644,0.4
4FGL J2123.8-3148 ,13.958613948601405,-44.999225125324294,0.4
4FGL J2123.9+5158 ,93.9423150067906,1.1892290917115502,0.4
4FGL J2124.2+1531 ,66.89039500993445,-24.083283096011368,0.4
4FGL J2124.7-3358 ,10.926846495580254,-45.44507090294758,0.4
4FGL J2124.9-2433 ,23.97782610659307,-43.79046511589287,0.4
4FGL J2125.6+0458 ,57.75007619648496,-30.86035934399106,0.4
4FGL J2126.1-3922 ,3.218915487698667,-45.988882559564885,0.4
4FGL J2126.3-4605 ,353.5886615771195,-45.619353093751464,0.4
4FGL J2126.5+1842 ,69.90301520382893,-22.428632283472357,0.4
4FGL J2127.5+7420 ,110.28368829477749,16.722339532665558,0.4
4FGL J2127.5-5744 ,337.60538684807295,-43.2197874381842,0.4
4FGL J2127.6-5959 ,334.7099087061299,-42.48239489567695,0.4
4FGL J2127.7+3612 ,83.35041430914788,-10.556579415156387,0.4
4FGL J2128.7-1940 ,30.772352656450412,-43.21292907421136,0.4
4FGL J2128.9+3032 ,79.4367232595364,-14.754121275884337,0.4
4FGL J2129.1-0240 ,50.730773158351504,-35.878587622594985,0.4
4FGL J2129.5+5431 ,96.31367915839088,2.4341714015056723,0.4
4FGL J2129.8-0428 ,48.93261064962344,-36.960137811039665,0.4
4FGL J2129.9+1208 ,64.98511657197749,-27.319283498733082,0.4
4FGL J2129.9+5833e,99.13277860396207,5.333602577208572,0.4
4FGL J2130.0+2610 ,76.34826720414208,-17.96374394220225,0.4
4FGL J2130.1-8222 ,309.83809719521525,-31.82889077345521,0.4
4FGL J2130.2-7320 ,318.94138206831093,-36.85838926403172,0.4
4FGL J2130.4-4241 ,358.38214228531933,-46.66890759117416,0.4
4FGL J2130.8-6623 ,326.6965819339764,-40.25611780882578,0.4
4FGL J2130.8+2649 ,76.97457105123763,-17.64440256133616,0.4
4FGL J2131.0-2746 ,19.994772329921524,-45.85033471248359,0.4
4FGL J2131.4-1124 ,41.3503405936523,-40.61044567795281,0.4
4FGL J2131.5+2016 ,72.01037439425265,-22.262459356252418,0.4
4FGL J2131.5-0916 ,43.87576981162617,-39.67384528211789,0.4
4FGL J2131.6-3714 ,6.344123622489882,-47.04174396634303,0.4
4FGL J2131.7-2515 ,23.554089466847383,-45.46307174219288,0.4
4FGL J2132.0-5418 ,341.8931613738071,-44.846976091830165,0.4
4FGL J2132.3-2005 ,30.607340133755855,-44.14880801581774,0.4
4FGL J2133.0+2610 ,76.83379856264435,-18.444270831019438,0.4
4FGL J2133.1+2529c,76.34408889216185,-18.95041989699882,0.4
4FGL J2133.1-6432 ,328.74788680674305,-41.288843653645344,0.4
4FGL J2133.6+8002 ,114.86839375288675,20.428088649418495,0.4
4FGL J2133.6+1439 ,67.79627092842395,-26.391452997213882,0.4
4FGL J2133.9+6646 ,105.1809556428831,10.986430694667341,0.4
4FGL J2134.2-0154 ,52.391102296701796,-36.53497842319618,0.4
4FGL J2134.3-0319 ,50.89733223263111,-37.30084898543575,0.4
4FGL J2134.3-6511 ,327.9011879963078,-41.117414338555754,0.4
4FGL J2134.5-2130 ,28.94406603269284,-45.072676301703645,0.4
4FGL J2135.3-5006 ,347.53693148720544,-46.39971557512224,0.4
4FGL J2136.2+0032 ,55.25223018402335,-35.581203935117486,0.4
4FGL J2136.2-0642 ,47.50757260122689,-39.4692512006589,0.4
4FGL J2136.5+4259 ,89.32084592110492,-6.807553935138296,0.4
4FGL J2137.4-3209 ,13.969909601133871,-47.901434495212214,0.4
4FGL J2138.3+3556 ,84.74209999334808,-12.233762666389412,0.4
4FGL J2138.3-4933 ,348.1481893509635,-46.99920227127521,0.4
4FGL J2138.8-2055 ,30.15879621493881,-45.84400491026559,0.4
4FGL J2138.9-0408 ,50.792208833144265,-38.72616758145728,0.4
4FGL J2139.1+3724 ,85.88083056234997,-11.263149316075463,0.4
4FGL J2139.2-2214 ,28.384042863140547,-46.336762914631564,0.4
4FGL J2139.2-2444 ,24.871207126222075,-46.997522629763665,0.4
4FGL J2139.4-4235 ,358.31622434323214,-48.32899778882054,0.4
4FGL J2139.9+3910 ,87.20522611088778,-10.070462038050044,0.4
4FGL J2140.0+4716 ,92.64075875037761,-4.02909617784665,0.4
4FGL J2140.5-6731 ,324.7955619630359,-40.561881083742165,0.4
4FGL J2141.4+2947 ,80.892050362704,-17.18530947411669,0.4
4FGL J2141.4+0733 ,62.9779766150497,-32.42319227470111,0.4
4FGL J2141.7-6410 ,328.62253964106276,-42.27576081384904,0.4
4FGL J2141.8-3727 ,6.050371515688759,-49.0724668717189,0.4
4FGL J2142.1+4501 ,91.42656042757517,-5.961766129957179,0.4
4FGL J2142.4+3659 ,86.07793573308125,-12.015244831916073,0.4
4FGL J2142.5-2029 ,31.138852756745106,-46.543355916280255,0.4
4FGL J2142.5-2552 ,23.493827349426567,-47.98118373803724,0.4
4FGL J2142.7-0437 ,50.91468762851287,-39.78228593933586,0.4
4FGL J2142.8+1958 ,73.76581683355798,-24.388185249404664,0.4
4FGL J2143.0-5501 ,340.21965116932313,-46.12819351669577,0.4
4FGL J2143.1-3929 ,2.9292837085421684,-49.27232537675199,0.4
4FGL J2143.4+6608c,105.45365022481728,9.873503023012267,0.4
4FGL J2143.5+1743 ,72.11295598517218,-26.08143261170398,0.4
4FGL J2143.6-0904 ,45.97094685677116,-42.21025382499796,0.4
4FGL J2143.9+3337 ,84.0126734019412,-14.724721040939512,0.4
4FGL J2144.2+3132 ,82.60021282420803,-16.301739714261874,0.4
4FGL J2144.2+7709c,113.12279877607828,18.004609466261666,0.4
4FGL J2144.3-7802 ,313.54895901219925,-34.9210388005953,0.4
4FGL J2144.7-5640 ,337.8784043962682,-45.76834023419679,0.4
4FGL J2144.8-1817 ,34.40655265830722,-46.323270495654455,0.4
4FGL J2144.8-1600 ,37.46799511923364,-45.48509322340327,0.4
4FGL J2145.0-3356 ,11.463472036991469,-49.62717412605058,0.4
4FGL J2145.5+1006 ,66.03626213749055,-31.55000787013665,0.4
4FGL J2145.7+0718 ,63.541246648824384,-33.40692353247263,0.4
4FGL J2146.4-1528 ,38.38740240488948,-45.63660908089943,0.4
4FGL J2146.5-1344 ,40.661993874745974,-44.949942760223905,0.4
4FGL J2146.8+0425 ,61.014008723459554,-35.416094749997,0.4
4FGL J2146.8+4808 ,94.09254355731255,-4.122105011894139,0.4
4FGL J2146.9-3606 ,8.123081259026513,-50.08776502465887,0.4
4FGL J2147.0+5738c,100.21581592047724,3.1486743401720156,0.4
4FGL J2147.1+0931 ,65.80803456821697,-32.24095354434545,0.4
4FGL J2147.1-0334 ,52.839978904785866,-40.15092027017314,0.4
4FGL J2147.3-7536 ,315.80112550674437,-36.53377865464263,0.4
4FGL J2147.4-3854 ,3.746820871944588,-50.12002058818749,0.4
4FGL J2147.4-3713 ,6.392675255733393,-50.187013238370646,0.4
4FGL J2147.7+4735c,93.8502553908838,-4.645743141197415,0.4
4FGL J2148.0-0733 ,48.475043175054154,-42.425815548652324,0.4
4FGL J2148.6+0652 ,63.68755477633148,-34.23124711357989,0.4
4FGL J2148.9-0121 ,55.55050825727804,-39.274969596823794,0.4
4FGL J2149.1+6104 ,102.62211012445937,5.607043052192546,0.4
4FGL J2149.6+0323 ,60.5515223755966,-36.61280544069026,0.4
4FGL J2149.7+1917 ,74.49469228197063,-26.044898472662933,0.4
4FGL J2150.1-1410 ,40.60337563342071,-45.923521969575816,0.4
4FGL J2150.7-1750 ,35.77107610334687,-47.47547407485195,0.4
4FGL J2150.7-2810 ,20.590657065086987,-50.21783081065801,0.4
4FGL J2150.8+1118 ,68.1027887763077,-31.731279456955402,0.4
4FGL J2151.2-4034 ,1.0683570717838928,-50.73806361187791,0.4
4FGL J2151.4+4156 ,90.71522607499685,-9.401520169788343,0.4
4FGL J2151.7-2749 ,21.18240194181407,-50.35642668715195,0.4
4FGL J2151.8-3027 ,17.082282734209397,-50.77044621537702,0.4
4FGL J2152.0+4718c,94.22873864631964,-5.31905460146333,0.4
4FGL J2152.0-1205 ,43.589506229598804,-45.44951027786698,0.4
4FGL J2152.5-0607 ,50.91888485135025,-42.628791614142905,0.4
4FGL J2152.5+1737 ,73.69499442727277,-27.69030832298027,0.4
4FGL J2152.9-3930 ,2.7029539203916007,-51.15505945130394,0.4
4FGL J2153.0-6442 ,327.1798448706796,-43.07531777163991,0.4
4FGL J2153.1-0041 ,57.03722243714903,-39.747812109853164,0.4
4FGL J2153.8-1137 ,44.45297404033933,-45.623388090296274,0.4
4FGL J2155.2+2249 ,78.22793888510229,-24.370440107354014,0.4
4FGL J2155.3+6602 ,106.32475148387365,9.01896448273272,0.4
4FGL J2156.0+1818 ,74.91409977742038,-27.782812638904325,0.4
4FGL J2156.0-6942 ,321.36552955861475,-40.56712388070671,0.4
4FGL J2156.2+6955 ,108.87113849818206,11.987012369516073,0.4
4FGL J2156.3-0036 ,57.7417755076913,-40.34178772115374,0.4
4FGL J2156.6+6354c,105.09458933773702,7.274484562499262,0.4
4FGL J2156.9-0854 ,48.37611707660163,-44.995040292940566,0.4
4FGL J2157.0+1002 ,68.20392815961395,-33.729303908292074,0.4
4FGL J2157.3-3840 ,3.9168158362198033,-52.070657123244004,0.4
4FGL J2157.5+3127 ,84.76442906338981,-18.240311992100402,0.4
4FGL J2157.8+7142c,110.13566852319882,13.298581126930127,0.4
4FGL J2158.1-1501 ,40.63443956471733,-48.02527402945346,0.4
4FGL J2158.5-7550 ,315.0332750693049,-36.928071392885506,0.4
4FGL J2158.8-3013 ,17.73085255721099,-52.24336549399411,0.4
4FGL J2159.1-2840 ,20.238955291651127,-52.10985467922463,0.4
4FGL J2159.6-4620 ,351.62761032331383,-51.228445373834376,0.4
4FGL J2159.8-4751 ,349.28539694175436,-50.85820947622143,0.4
4FGL J2200.0-5059 ,344.59191584184737,-49.907522564494435,0.4
4FGL J2200.1+2138 ,78.25296618428408,-26.01266574868228,0.4
4FGL J2200.3+1029 ,69.27472698128305,-34.009224678351146,0.4
4FGL J2200.6+0232 ,61.84025372978377,-39.2877538076065,0.4
4FGL J2200.7-2414 ,27.40992302073199,-51.61204246418167,0.4
4FGL J2201.0-5907 ,333.3618316969798,-46.68351968747958,0.4
4FGL J2201.0-6928 ,321.27655933745353,-41.051107714443,0.4
4FGL J2201.0-3228 ,14.101220175128967,-52.89088061417762,0.4
4FGL J2201.5-8339 ,307.9587512489822,-31.711618095423866,0.4
4FGL J2201.5+2950 ,84.37612476740988,-20.030938306426258,0.4
4FGL J2201.8+5048 ,97.65455951660007,-3.5490199524978636,0.4
4FGL J2201.9-1706 ,38.26916689404502,-49.68858538972169,0.4
4FGL J2202.7+4216 ,92.60076591462003,-10.44411937022405,0.4
4FGL J2202.7-5637 ,336.4505772142229,-48.04552498684782,0.4
4FGL J2202.8-2328 ,28.811703177560954,-51.90365938603436,0.4
4FGL J2203.3-5009 ,345.5488006651709,-50.68609967259142,0.4
4FGL J2203.4+1725 ,75.68148317870983,-29.63948939678535,0.4
4FGL J2203.6+6751 ,108.10746783141167,9.951299510695502,0.4
4FGL J2204.3+0438 ,64.6826947530717,-38.656298769728274,0.4
4FGL J2204.5+3634 ,89.30504527255795,-15.181238515705232,0.4
4FGL J2205.0+0943 ,69.54836731467242,-35.37444148915295,0.4
4FGL J2205.0+7432 ,112.37129803977,15.196220915910528,0.4
4FGL J2205.5+6016 ,103.72043869762503,3.738315768640731,0.4
4FGL J2205.8-8254c,308.47899177622946,-32.33826212120842,0.4
4FGL J2206.8-0032 ,59.90250748499822,-42.41218058240492,0.4
4FGL J2207.0+3607 ,89.44102708834771,-15.843982797708437,0.4
4FGL J2207.1+4316 ,93.85451079527476,-10.138292535878284,0.4
4FGL J2207.1+2222 ,80.15954231690122,-26.54500246995531,0.4
4FGL J2207.2-2122 ,32.54703177838261,-52.29729146391752,0.4
4FGL J2207.3+2746 ,84.01200722574198,-22.4432593899702,0.4
4FGL J2207.5-5346 ,339.91894502710153,-49.906190713732016,0.4
4FGL J2207.6+0053 ,61.59587146554129,-41.68733224356492,0.4
4FGL J2208.1+4058 ,92.61841029851621,-12.093589323476522,0.4
4FGL J2208.1-4507 ,352.91328736034006,-52.97467790533297,0.4
4FGL J2208.2+0350 ,64.71282118390522,-39.91976426584936,0.4
4FGL J2208.4+6443e,106.61931786606125,7.148062156125412,0.4
4FGL J2209.2+3710 ,90.45528790665851,-15.260691869664322,0.4
4FGL J2209.4+4329 ,94.3209950299428,-10.2041290365838,0.4
4FGL J2209.7-0451 ,55.64984706464857,-45.539971554398925,0.4
4FGL J2209.8-5028 ,344.47772409546013,-51.551518278709906,0.4
4FGL J2210.2+5919 ,103.64164472566375,2.6316954713790666,0.4
4FGL J2210.2+1624 ,76.25597306193376,-31.500831923634,0.4
4FGL J2210.4-0930 ,50.04687990722143,-48.17155405390351,0.4
4FGL J2210.5+3623 ,90.17810141503814,-16.04647371521495,0.4
4FGL J2210.8+3203 ,87.49749171273356,-19.553909374743608,0.4
4FGL J2210.9-0026 ,60.87685210502647,-43.17132805027624,0.4
4FGL J2211.0-0003 ,61.30206886442909,-42.9457903638064,0.4
4FGL J2211.2-1325 ,44.93194740735124,-50.22499738628262,0.4
4FGL J2211.4-7040 ,319.2962118628016,-40.98466805416828,0.4
4FGL J2211.9-2924 ,19.613014725987405,-54.97160739512769,0.4
4FGL J2211.9+0821 ,69.78913209786204,-37.55833858063008,0.4
4FGL J2212.0+2356 ,82.2434376726994,-26.07985862908128,0.4
4FGL J2212.2-7251 ,317.1076499554244,-39.59256121334816,0.4
4FGL J2212.4+0708 ,68.78571022524876,-38.47988567311768,0.4
4FGL J2212.6+2800 ,85.16331700904402,-22.986033412456333,0.4
4FGL J2212.8+0647 ,68.54600212589594,-38.80087970012632,0.4
4FGL J2212.9-2526 ,26.486318042203685,-54.5693393010332,0.4
4FGL J2212.9+7921c,115.78823331227446,18.7576140915766,0.4
4FGL J2213.5-4754 ,348.0459250845526,-53.024963597274244,0.4
4FGL J2213.9+5948c,104.30978179591241,2.7534763413337697,0.4
4FGL J2214.6+3000 ,86.85806656269301,-21.67274311761349,0.4
4FGL J2215.4+0544 ,68.1356971672874,-39.98119323444884,0.4
4FGL J2215.4+6105 ,105.18431373965718,3.708281748358032,0.4
4FGL J2215.6+5135 ,99.87238977951289,-4.1691550937572766,0.4
4FGL J2216.8+3103 ,87.93131650867629,-21.10649922875014,0.4
4FGL J2216.9+2421 ,83.50583696055033,-26.447846432534305,0.4
4FGL J2217.0-6727 ,322.1755390113398,-43.457390671552616,0.4
4FGL J2217.5+6346 ,106.8932795383823,5.80410800932496,0.4
4FGL J2217.5-2738 ,22.995168736972108,-55.98190395199039,0.4
4FGL J2218.5+6822 ,109.56008541226068,9.567901295249431,0.4
4FGL J2218.6+1941 ,80.51597953912625,-30.313413062190563,0.4
4FGL J2218.8+0905 ,71.97083379251521,-38.23709472151486,0.4
4FGL J2218.8+4736 ,98.08120097088432,-7.775455354779694,0.4
4FGL J2219.2+1806 ,79.45741804078031,-31.634420117134606,0.4
4FGL J2219.2-0342 ,59.00041288666279,-46.80375205791152,0.4
4FGL J2219.4+3229 ,89.31084234373303,-20.27626867896345,0.4
4FGL J2219.5+4653 ,97.77182624192359,-8.424500291721353,0.4
4FGL J2219.7-6837 ,320.73680256691614,-42.89049849259463,0.4
4FGL J2220.5+2813 ,86.81908614307602,-23.863569262992968,0.4
4FGL J2220.8+6319 ,106.94989074516202,5.218623193349358,0.4
4FGL J2221.1+6605 ,108.4977544785917,7.528447216957864,0.4
4FGL J2221.5-5225 ,340.3531812582942,-52.383114360663285,0.4
4FGL J2221.6+6349c,107.29971173101904,5.6060347911680655,0.4
4FGL J2221.8+3358 ,90.6693276676028,-19.362751113869287,0.4
4FGL J2221.9+5955 ,105.20831064976241,2.2972660809611805,0.4
4FGL J2221.9-3504 ,9.548251340968022,-57.24028756600225,0.4
4FGL J2222.1-3907 ,2.127757033628665,-56.80328441389111,0.4
4FGL J2222.8+1209 ,75.5243653029807,-36.68692332979191,0.4
4FGL J2222.9+1507 ,77.95573725876751,-34.47187118743867,0.4
4FGL J2223.0+2137 ,82.83042254609418,-29.45683791330676,0.4
4FGL J2223.0+2704 ,86.54493229183463,-25.119681067239686,0.4
4FGL J2223.0+6746 ,109.58523401701022,8.83170353844626,0.4
4FGL J2223.3+0102 ,65.22008354248615,-44.60452939417054,0.4
4FGL J2223.4+5814 ,104.46763116458148,0.7728900508894957,0.4
4FGL J2223.9+4128 ,95.40474529714389,-13.371741566715173,0.4
4FGL J2224.0-1127 ,50.03184864035101,-52.06779626687186,0.4
4FGL J2224.3+7737 ,115.21925149605855,17.00978038504501,0.4
4FGL J2224.5+0353 ,68.39262949186005,-42.89383256397523,0.4
4FGL J2225.2+6146 ,106.54002785155843,3.6533358715926676,0.4
4FGL J2225.5-1114 ,50.64447510718519,-52.27162434032174,0.4
4FGL J2225.6+2120 ,83.19210801936684,-30.05839577744793,0.4
4FGL J2225.7-0457 ,58.942256013597714,-48.832906438191834,0.4
4FGL J2225.8-0804 ,55.0186747687669,-50.66222549139019,0.4
4FGL J2226.5+6901c,110.53496482528493,9.713670546730802,0.4
4FGL J2226.6+0210 ,67.15558065600423,-44.46487095593622,0.4
4FGL J2226.7+6052e,106.2167632079283,2.794804535032314,0.4
4FGL J2226.8+0051 ,65.83238478477709,-45.375694799512765,0.4
4FGL J2227.1+6455 ,108.39302339026786,6.208462984392366,0.4
4FGL J2227.9-3031 ,18.10496520007559,-58.51514444981072,0.4
4FGL J2227.9+0036 ,65.82819645492856,-45.74202276966759,0.4
4FGL J2228.0-1918 ,38.57252156599113,-56.25336699917109,0.4
4FGL J2228.0-4155 ,356.657091159937,-57.28137498241369,0.4
4FGL J2228.5+2211 ,84.40958812986501,-29.792862376387266,0.4
4FGL J2228.6-1636 ,43.12308296503234,-55.38391090493007,0.4
4FGL J2229.0+6114 ,106.64845454851918,2.948664881877949,0.4
4FGL J2229.1+2254 ,85.03043691585528,-29.301591570900136,0.4
4FGL J2229.2-6911 ,319.3744012197128,-43.11746583262926,0.4
4FGL J2229.2+6421c,108.29060149554078,5.615425630230318,0.4
4FGL J2229.3+5348 ,102.83543563993798,-3.4194697195405888,0.4
4FGL J2229.5+2549 ,87.04884741607277,-26.995811646545945,0.4
4FGL J2229.7-0832 ,55.23473507789531,-51.70702406066014,0.4
4FGL J2230.6+6619c,109.44423822436389,7.217273862810887,0.4
4FGL J2230.9-7815 ,311.30558539982894,-36.48061165344609,0.4
4FGL J2231.0-4416 ,352.21976729630154,-57.10317563881232,0.4
4FGL J2231.6+2754 ,88.79561881940838,-25.543921558322538,0.4
4FGL J2232.3+7616 ,114.85099464128177,15.627760532701615,0.4
4FGL J2232.3+6246 ,107.77313263411911,4.069841427358634,0.4
4FGL J2232.6+1143 ,77.43849861247338,-38.583156299314766,0.4
4FGL J2232.6-2023 ,37.365075036339086,-57.65386026429154,0.4
4FGL J2232.8+1334 ,79.00779134382269,-37.21251328487439,0.4
4FGL J2233.3+6530c,109.26194486196478,6.368624633748876,0.4
4FGL J2233.9-1229 ,50.556853565056024,-54.67719630103499,0.4
4FGL J2234.1-2656 ,25.290493350924905,-59.52877526596836,0.4
4FGL J2234.2-4156 ,356.03514996793336,-58.39657604243606,0.4
4FGL J2234.7+0943 ,76.26744086418411,-40.44270036481812,0.4
4FGL J2234.8-2610 ,26.822568471051476,-59.55949055957107,0.4
4FGL J2235.1-0623 ,59.3307486206922,-51.58356384795506,0.4
4FGL J2235.3+1818 ,83.16830328268705,-33.84981805232157,0.4
4FGL J2235.3-4836 ,344.46588461864775,-56.084694593364695,0.4
4FGL J2235.8-3627 ,6.342670782687448,-59.901923609611494,0.4
4FGL J2236.2-1706 ,43.62517610647169,-57.24787746290601,0.4
4FGL J2236.3+2828 ,90.11947832863241,-25.649610701582095,0.4
4FGL J2236.4-2309 ,32.78518053791896,-59.29519217748117,0.4
4FGL J2236.5-1433 ,47.88110656294193,-56.215700620947715,0.4
4FGL J2236.6+3706 ,95.13652526188841,-18.38924623418088,0.4
4FGL J2236.9+1839 ,83.80164409376513,-33.79801452440957,0.4
4FGL J2237.0-3921 ,0.6073778029056567,-59.58661564452279,0.4
4FGL J2237.2-6726 ,320.34914101627896,-44.88319197595089,0.4
4FGL J2237.4+5124 ,102.68462178104743,-6.113455163798631,0.4
4FGL J2237.6-5126 ,339.7672734263507,-55.03334199571376,0.4
4FGL J2237.8+2430 ,87.94094433214563,-29.13428139799857,0.4
4FGL J2238.5+5903 ,106.56408511244872,0.47541215773094736,0.4
4FGL J2239.2-5657 ,331.8882041844544,-52.094429879743195,0.4
4FGL J2239.5-2440 ,30.17106683199445,-60.323636409543695,0.4
4FGL J2240.3-5241 ,337.54547432932173,-54.71316205689012,0.4
4FGL J2240.3-1246 ,51.4759361764221,-56.16447883257441,0.4
4FGL J2240.4+5133 ,103.16026775981473,-6.211457703564034,0.4
4FGL J2240.6+5833 ,106.56419708588268,-0.10114572233929045,0.4
4FGL J2240.7-4746 ,345.0642154415922,-57.26030534601349,0.4
4FGL J2240.9-1825 ,42.14554651330774,-58.79432214753817,0.4
4FGL J2241.1-4122 ,356.3418129952034,-59.78505625726914,0.4
4FGL J2241.2+4303 ,99.05809339245944,-13.695379828867184,0.4
4FGL J2241.2+4120 ,98.18575684402167,-15.192169872711316,0.4
4FGL J2241.3+2943 ,91.87320089591263,-25.193025209465404,0.4
4FGL J2241.4-8327 ,307.096288699802,-32.58100176363623,0.4
4FGL J2241.5+0454 ,73.58388069940537,-45.16047772882646,0.4
4FGL J2241.7-5236 ,337.4522286831105,-54.93414611191757,0.4
4FGL J2241.9+5729 ,106.2108151992872,-1.1115586476641428,0.4
4FGL J2243.4-2544 ,28.367742350857416,-61.39345573366805,0.4
4FGL J2243.5-3931 ,359.6747634950902,-60.75177975698635,0.4
4FGL J2243.5+3220 ,93.7998647425992,-23.19654444775019,0.4
4FGL J2243.7-1231 ,52.618813266427715,-56.7439252886995,0.4
4FGL J2243.8-2510 ,29.561565837277264,-61.37166576731405,0.4
4FGL J2243.9+2021 ,86.5817406187757,-33.36690665925702,0.4
4FGL J2244.2+4057 ,98.50400657525431,-15.801690407682967,0.4
4FGL J2244.6+2502 ,89.75995827535183,-29.544263928810132,0.4
4FGL J2244.9-0007 ,69.32375062137382,-49.35828977705762,0.4
4FGL J2245.5-1734 ,44.5169222507781,-59.460627208194815,0.4
4FGL J2245.8-5609 ,331.9870953257068,-53.30154968980358,0.4
4FGL J2245.8-4148 ,354.96133935800043,-60.484308679576834,0.4
4FGL J2245.9+1544 ,83.82253710621718,-37.41819047591989,0.4
4FGL J2246.4+8426c,119.81390024727236,22.33702623501224,0.4
4FGL J2246.5-1204 ,53.97210166454667,-57.09937078957252,0.4
4FGL J2246.7-5207 ,337.39823796069055,-55.83367657420455,0.4
4FGL J2247.1+4658 ,101.92062768764522,-10.76123009521584,0.4
4FGL J2247.4-0001 ,70.10558681758577,-49.74163325022401,0.4
4FGL J2247.5+5812c,107.19729094378569,-0.8329309649885646,0.4
4FGL J2247.5-3700 ,4.396613831674809,-62.1166131316935,0.4
4FGL J2247.7-5857 ,328.2279914738073,-51.66281234575751,0.4
4FGL J2247.8+4413 ,100.72736643994925,-13.254853160039723,0.4
4FGL J2248.7-3235 ,13.814172127488911,-62.947556902129115,0.4
4FGL J2248.7-4302 ,352.2024540754874,-60.53884496155541,0.4
4FGL J2248.9+2107 ,88.26145773790626,-33.37946807975798,0.4
4FGL J2249.4+6222 ,109.30335678269628,2.783056795377489,0.4
4FGL J2249.4-1300 ,53.19572679149829,-58.18327961143727,0.4
4FGL J2249.7-5944 ,327.02626825958106,-51.30903253382097,0.4
4FGL J2249.9+0452 ,75.79125130557028,-46.581353060907155,0.4
4FGL J2250.0-1250 ,53.58495571356027,-58.22836900440323,0.4
4FGL J2250.0+3825 ,98.25423781118903,-18.56182456779223,0.4
4FGL J2250.4-4206 ,353.7562630696592,-61.174089119908324,0.4
4FGL J2250.4+1748 ,86.40242121757402,-36.33574583246037,0.4
4FGL J2250.5+3305 ,95.60867145577285,-23.281272891591247,0.4
4FGL J2250.6+5809 ,107.53264213643104,-1.0613930286418278,0.4
4FGL J2250.7-2806 ,23.75168379422594,-63.3190943898902,0.4
4FGL J2251.2+5550 ,106.5743422023021,-3.162999605820323,0.4
4FGL J2251.5-4928 ,340.65810955513246,-57.946258543198944,0.4
4FGL J2251.7-3208 ,14.737660027694782,-63.60706043537415,0.4
4FGL J2252.0+8149 ,118.60993186851006,19.968811997252185,0.4
4FGL J2252.0+4031 ,99.64143960547385,-16.887244450550316,0.4
4FGL J2252.6+1245 ,83.27594597931402,-40.7976776764801,0.4
4FGL J2252.6+5808 ,107.77859451450414,-1.1866003037927546,0.4
4FGL J2253.2-1232 ,54.87386719908341,-58.73297072643407,0.4
4FGL J2253.3+3233 ,95.8818876742669,-24.037406445460196,0.4
4FGL J2253.7+1405 ,84.57850943521743,-39.86206349144152,0.4
4FGL J2253.9+1609 ,86.11853892827106,-38.18486515336781,0.4
4FGL J2254.2+4305 ,101.23983286556573,-14.783351979114522,0.4
4FGL J2254.4+0108 ,73.32449106478357,-50.12188253350321,0.4
4FGL J2254.8-2725 ,25.514380571501224,-64.15623387097912,0.4
4FGL J2254.9+5802 ,108.00803074661553,-1.4076599088084971,0.4
4FGL J2255.2+2411 ,91.62958879671577,-31.532151916085862,0.4
4FGL J2255.8-6543 ,319.98679242062735,-47.390430007607826,0.4
4FGL J2256.0-2740 ,24.989239847607244,-64.45297022597973,0.4
4FGL J2256.3-3303 ,12.456181907639161,-64.49284639460146,0.4
4FGL J2256.4-7119 ,315.087877514776,-42.987804540186154,0.4
4FGL J2256.4+5829 ,108.37195336401369,-1.0870990735467596,0.4
4FGL J2256.5+6212c,109.97045368425903,2.2659070920889297,0.4
4FGL J2256.6-2011 ,41.53099435241354,-62.895113886264255,0.4
4FGL J2256.7+1307 ,84.6211416887727,-41.06331780044505,0.4
4FGL J2256.8-1024 ,59.21304119215079,-58.276436345877336,0.4
4FGL J2257.5+0748 ,80.56912807011331,-45.496488824929195,0.4
4FGL J2257.9+7807 ,117.07559011551392,16.56424355227506,0.4
4FGL J2258.1-2759 ,24.359750932531025,-64.9248583611984,0.4
4FGL J2258.3-3643 ,3.9459391089571074,-64.26822354503706,0.4
4FGL J2258.4-5524 ,330.9694451821748,-55.126807458034165,0.4
4FGL J2258.5-8247 ,307.0128357353815,-33.426761647805634,0.4
4FGL J2258.6+5847c,108.7555642307188,-0.9476934065079001,0.4
4FGL J2259.7-3549 ,5.85224096718307,-64.7504333325754,0.4
4FGL J2259.8-1552 ,50.67512809332973,-61.79320413101324,0.4
4FGL J2300.1+4053 ,101.25156317798948,-17.241016564940036,0.4
4FGL J2300.3+3136 ,96.83489753873755,-25.569967872531947,0.4
4FGL J2300.3-6401 ,321.0511487817642,-49.00500331743774,0.4
4FGL J2300.7-2645 ,27.424588744409746,-65.3734522193675,0.4
4FGL J2300.8-0736 ,64.48059649108038,-57.33166027402379,0.4
4FGL J2300.9+7108 ,114.17737342273401,10.17247437707639,0.4
4FGL J2301.0-0158 ,71.80278296197166,-53.512443136295985,0.4
4FGL J2301.7+0608 ,80.31766661110625,-47.44538370272137,0.4
4FGL J2301.8+6235c,110.69024014836883,2.3616700199304055,0.4
4FGL J2301.9+5855e,109.20283742276169,-1.0027963417000085,0.4
4FGL J2302.1-1446 ,53.29393166943892,-61.74405418547421,0.4
4FGL J2302.2+3721 ,100.0159301593244,-20.602509233875555,0.4
4FGL J2302.4-3545 ,5.717847989434518,-65.3105968938125,0.4
4FGL J2302.7+4443 ,103.39783213767912,-13.9924511445837,0.4
4FGL J2302.8-1841 ,45.83818736440218,-63.68202434342456,0.4
4FGL J2303.9+5554 ,108.22853243088022,-3.8597766141906353,0.4
4FGL J2304.0+5406e,107.50333326149027,-5.516940113483488,0.4
4FGL J2304.3+0618 ,81.21503352378467,-47.69866644962441,0.4
4FGL J2304.6+3704 ,100.35356099830335,-21.065005294213606,0.4
4FGL J2304.7+1647 ,89.34680852187846,-39.03085563674017,0.4
4FGL J2305.6-4214 ,351.0029646396861,-63.68754351496753,0.4
4FGL J2306.6+0940 ,84.7106604338209,-45.276980534082895,0.4
4FGL J2306.6-1105 ,60.91406669920177,-60.6087074925875,0.4
4FGL J2306.8-3036 ,18.050709392231067,-66.90092566902567,0.4
4FGL J2307.4-1206 ,59.46587191763999,-61.380520134663215,0.4
4FGL J2307.5+8629c,121.25390849041283,23.968144337767882,0.4
4FGL J2307.6+1451 ,88.84230833766128,-41.03995921712968,0.4
4FGL J2307.7+6712 ,113.12164431938888,6.340300559729959,0.4
4FGL J2307.8-1655 ,50.61486045255825,-63.987575333457194,0.4
4FGL J2308.6-4555 ,343.40078702410784,-62.30285296229043,0.4
4FGL J2308.9+1111 ,86.58235258802291,-44.32281346545878,0.4
4FGL J2309.0+5425 ,108.30998882318286,-5.517253324209028,0.4
4FGL J2309.7-3632 ,2.9343696130040073,-66.52688806096957,0.4
4FGL J2310.0-0555 ,69.69336781098151,-57.900061743813815,0.4
4FGL J2310.3-7354 ,312.0016762113186,-41.388263849399934,0.4
4FGL J2311.0+0205 ,79.34672225561557,-52.068203660469095,0.4
4FGL J2311.0+3425 ,100.4136000188942,-24.0230581769397,0.4
4FGL J2311.6-4427 ,345.44882841811784,-63.5594474033508,0.4
4FGL J2311.7+2604 ,96.5343583313474,-31.62732576404195,0.4
4FGL J2311.8+4541 ,105.30872742512614,-13.745518625002358,0.4
4FGL J2312.2-6536 ,318.08734051549646,-48.501884158543426,0.4
4FGL J2312.4+8253 ,119.75760704313271,20.639179239475855,0.4
4FGL J2312.5+7241 ,115.64482811988469,11.23456075471933,0.4
4FGL J2313.4-6922 ,314.9368704614119,-45.39316499470145,0.4
4FGL J2313.4+5947 ,110.89189082486646,-0.7708738013287408,0.4
4FGL J2313.5+3945 ,103.21973252874155,-19.332944739275916,0.4
4FGL J2313.9-4501 ,343.89465777502926,-63.5853230477077,0.4
4FGL J2314.0+1445 ,90.53404718091087,-41.90974900571254,0.4
4FGL J2315.6-5018 ,334.6871120253429,-60.49656012347581,0.4
4FGL J2315.9+5955c,111.22532459376612,-0.7596793469752968,0.4
4FGL J2316.7-3144 ,14.588834917359035,-68.92491998210694,0.4
4FGL J2316.8-2518 ,32.47275799693785,-68.74680281925552,0.4
4FGL J2316.9-5210 ,331.7462390712712,-59.35177191375759,0.4
4FGL J2317.0+3756 ,103.13197163167528,-21.279152122775198,0.4
4FGL J2317.3+1433 ,91.35300453297485,-42.463824941459976,0.4
4FGL J2317.4-4533 ,342.1031201493269,-63.76579458105704,0.4
4FGL J2317.6+6036c,111.67213582838379,-0.19417406368485463,0.4
4FGL J2317.7+2839 ,99.21597139885402,-29.86254887986865,0.4
4FGL J2317.8+6140c,112.07227131587514,0.7998562742247914,0.4
4FGL J2318.2+1915 ,94.46838470764341,-38.409799996569085,0.4
4FGL J2318.6-3827 ,356.77062599948863,-67.53810394904256,0.4
4FGL J2318.6-1657 ,53.49295357284433,-66.26941030703112,0.4
4FGL J2318.9+4151 ,105.04371638797001,-17.771549222788337,0.4
4FGL J2319.0+5102c,108.45911989753698,-9.217177920801804,0.4
4FGL J2319.1-4207 ,348.43974265662155,-65.94013023256055,0.4
4FGL J2319.6-0456 ,74.24930335502337,-58.8435416135378,0.4
4FGL J2319.7+1609 ,93.06248512117918,-41.331343189807704,0.4
4FGL J2320.1-2440 ,34.62812042342255,-69.35787681719722,0.4
4FGL J2320.2+0707 ,86.86236485922393,-49.25291340355896,0.4
4FGL J2320.7+6115 ,112.2566027253325,0.28261934741837014,0.4
4FGL J2320.8-0823 ,69.88750220657123,-61.54350271597766,0.4
4FGL J2321.0-6308 ,318.97895549207203,-51.08134514500425,0.4
4FGL J2321.0+2836 ,99.95159797873876,-30.202977793394393,0.4
4FGL J2321.4+5111 ,108.8748863630295,-9.204879371861672,0.4
4FGL J2321.4+6145c,112.50479184690292,0.7283457381832795,0.4
4FGL J2321.5-1619 ,55.74668739088558,-66.5464108751641,0.4
4FGL J2321.7-6438 ,317.6080539126219,-49.84911985430461,0.4
4FGL J2321.9+3204 ,101.68582168727418,-27.077978188764384,0.4
4FGL J2321.9+2734 ,99.69711810078056,-31.23183243262807,0.4
4FGL J2321.9-4842 ,335.67582389895205,-62.342107109736666,0.4
4FGL J2322.1+4440 ,106.66309216039083,-15.358675017760671,0.4
4FGL J2322.3+2248 ,97.4746490796348,-35.61567150975177,0.4
4FGL J2322.4-2906 ,21.94860222234184,-70.31466688876169,0.4
4FGL J2322.6-0735 ,71.70957197890502,-61.28440149142716,0.4
4FGL J2322.7+3436 ,102.92352530398331,-24.7895802833649,0.4
4FGL J2322.8-4916 ,334.5958230139783,-62.0523965815008,0.4
4FGL J2322.8-4221 ,347.0344999177131,-66.39927044449738,0.4
4FGL J2323.1+2040 ,96.5799370521124,-37.63661417688323,0.4
4FGL J2323.4+5849 ,111.74103795078882,-2.1293518273796326,0.4
4FGL J2323.5-0317 ,77.74509706411541,-58.22899666621563,0.4
4FGL J2323.6-0617 ,73.92467105598428,-60.520440855002,0.4
4FGL J2323.8+4210 ,106.06819887889927,-17.804655288374285,0.4
4FGL J2323.9+2519 ,99.11810127899028,-33.4601728570942,0.4
4FGL J2323.9+6219 ,112.97275438124409,1.1609808476403052,0.4
4FGL J2324.5+7950 ,119.00395788429832,17.633138965514146,0.4
4FGL J2324.6+3115 ,101.95451741568361,-28.056130173376648,0.4
4FGL J2324.7-4041 ,350.19281211952347,-67.58002681583066,0.4
4FGL J2324.7+0801 ,89.02084405924009,-49.05167816216603,0.4
4FGL J2325.2-2010 ,47.73816739212064,-69.10543591422952,0.4
4FGL J2325.2+3957 ,105.50275985963128,-19.983070335204534,0.4
4FGL J2325.4-4800 ,335.9466143642351,-63.23931522310891,0.4
4FGL J2325.4-3559 ,1.7202223516717425,-69.71119696093706,0.4
4FGL J2325.6+1644 ,95.1016936641118,-41.44623032077035,0.4
4FGL J2325.7+1821 ,96.03119641603081,-39.988035326889374,0.4
4FGL J2325.9+6206c,113.11826497616083,0.8723391190829113,0.4
4FGL J2326.2+0113 ,83.65451841363851,-55.02185742779572,0.4
4FGL J2326.5+6122 ,112.94654800801338,0.15271960202105372,0.4
4FGL J2326.9-0201 ,80.47635113847066,-57.753725894476695,0.4
4FGL J2326.9-4130 ,347.7783779151136,-67.50158490266293,0.4
4FGL J2327.3+4717 ,108.45204573468723,-13.204268964970005,0.4
4FGL J2327.4+0444 ,87.2665860916218,-52.21200077580036,0.4
4FGL J2327.5-3259 ,9.938214563563198,-70.96170751515652,0.4
4FGL J2327.5+0939 ,91.13941605378687,-47.97373902116461,0.4
4FGL J2327.8-5626 ,324.2022797488631,-57.09245217404036,0.4
4FGL J2328.0-2557 ,31.768164988351273,-71.33400005950382,0.4
4FGL J2328.2-4422 ,341.5427250111379,-66.0077741893349,0.4
4FGL J2328.3-4036 ,349.4367195798169,-68.20592541924334,0.4
4FGL J2328.8+4537 ,108.14754023259273,-14.861187661749295,0.4
4FGL J2329.0+0832 ,90.8090113575777,-49.12483657477117,0.4
4FGL J2329.2+3755 ,105.54173459249316,-22.16001522787693,0.4
4FGL J2329.3-4955 ,331.9931959871355,-62.30703235956849,0.4
4FGL J2329.3-4733 ,335.6278499383314,-64.02745710269458,0.4
4FGL J2329.7+6101 ,113.19842377420787,-0.2944116569027097,0.4
4FGL J2329.7-2118 ,45.887127396058126,-70.51379023497134,0.4
4FGL J2330.2+7759 ,118.63252506981132,15.805902762509907,0.4
4FGL J2330.3-2332 ,39.51710023395142,-71.34524256396071,0.4
4FGL J2330.3-2948 ,19.600831874098887,-71.99709165082871,0.4
4FGL J2330.4+1230 ,93.98196534417487,-45.758959996433966,0.4
4FGL J2330.5+1102 ,93.04230365789644,-47.073331596168885,0.4
4FGL J2330.5-2445 ,35.83768991252125,-71.69121865138716,0.4
4FGL J2330.6-3726 ,356.6618259009564,-70.11921803118419,0.4
4FGL J2331.0-2147 ,44.82063025120779,-70.97198903872325,0.4
4FGL J2331.1-1653 ,57.634318281295585,-68.80429976142989,0.4
4FGL J2331.2-3839 ,353.3015247000524,-69.67555798289303,0.4
4FGL J2331.3-1558 ,59.82053735811829,-68.34417330761599,0.4
4FGL J2331.5-0258 ,81.14296746281504,-59.20252957465062,0.4
4FGL J2331.6+4430 ,108.25912678555451,-16.071559635039097,0.4
4FGL J2332.1-4118 ,346.79964479003604,-68.41887660639799,0.4
4FGL J2333.1-5527 ,324.1356183767574,-58.32344297570178,0.4
4FGL J2333.4-0133 ,83.50067987675074,-58.32558392267702,0.4
4FGL J2333.9-2343 ,39.66207774641582,-72.19789542540884,0.4
4FGL J2334.0-2528 ,34.001195439120586,-72.59714154115515,0.4
4FGL J2334.2+0736 ,91.88615743563562,-50.55685862346694,0.4
4FGL J2334.8+1432 ,96.57155864467718,-44.38404029475587,0.4
4FGL J2335.4-2345 ,39.805552839823534,-72.53306554411643,0.4
4FGL J2335.4-0128 ,84.37257069524806,-58.54095856074544,0.4
4FGL J2335.9-5811 ,320.80811501884114,-56.24339241070143,0.4
4FGL J2336.2-3136 ,13.13398920160903,-73.03193207823607,0.4
4FGL J2336.2-0715 ,77.58182963677854,-63.309112026327185,0.4
4FGL J2336.5-7622 ,308.5889064268312,-39.91912830792421,0.4
4FGL J2336.6+2356 ,101.73724771894184,-35.83098008001585,0.4
4FGL J2336.6-4115 ,345.51530841528745,-69.13825802302374,0.4
4FGL J2336.9-8427 ,305.02293138891287,-32.360865321079444,0.4
4FGL J2336.9-5859 ,319.8633751614088,-55.62546859650073,0.4
4FGL J2337.7+1449c,97.60248737347331,-44.39589517609148,0.4
4FGL J2337.7-2903 ,21.832345666336053,-73.64512918310825,0.4
4FGL J2338.0-0230 ,84.2881840876376,-59.75638248468817,0.4
4FGL J2338.1+0325 ,90.03114559496015,-54.69297382989517,0.4
4FGL J2338.1+0411 ,90.66824292910007,-54.02861835882746,0.4
4FGL J2338.9+2124 ,101.24913697429109,-38.3962899083015,0.4
4FGL J2339.2-7403 ,309.5197662624239,-42.134508308970396,0.4
4FGL J2339.3-2656 ,29.446067510544896,-73.96071897020275,0.4
4FGL J2339.4+3008 ,104.91353240866883,-30.198375790582688,0.4
4FGL J2339.6+0242 ,89.99850981401603,-55.50103335436968,0.4
4FGL J2339.6-0533 ,81.3480425822183,-62.47538170482681,0.4
4FGL J2340.5+3854 ,108.13089611569178,-21.919295114628444,0.4
4FGL J2340.8+8015 ,119.84325713998285,17.814346181175896,0.4
4FGL J2341.8-2917 ,20.815209768041424,-74.52256635090951,0.4
4FGL J2342.4-4739 ,331.64458651878465,-65.43397154224832,0.4
4FGL J2342.7+3154 ,106.32323864646465,-28.73310699350271,0.4
4FGL J2343.0-4756 ,331.0152596456694,-65.28271638838386,0.4
4FGL J2343.6+3438 ,107.42650706211307,-26.181383445166308,0.4
4FGL J2343.7-5624 ,320.79024925974676,-58.31415848350256,0.4
4FGL J2343.9+1539 ,99.99173443942207,-44.179630820439975,0.4
4FGL J2343.9+0546 ,94.06730814564202,-53.2690459186685,0.4
4FGL J2344.7-4234 ,339.93068438530304,-69.45138540644332,0.4
4FGL J2345.2-1555 ,65.67631836235324,-70.98557252184102,0.4
4FGL J2345.9+3413 ,107.81001288658472,-26.713717974349414,0.4
4FGL J2346.2-4322 ,337.7541194788704,-69.07593668471071,0.4
4FGL J2346.7+0705 ,96.0056408043052,-52.362067583211044,0.4
4FGL J2346.7+8008 ,120.0622939355942,17.62719360653513,0.4
4FGL J2347.0-5720 ,319.2110876735706,-57.71046440274744,0.4
4FGL J2347.0+5141 ,112.88670633035116,-9.91518802063397,0.4
4FGL J2347.8+6256 ,115.77435167940766,0.9534430837093121,0.4
4FGL J2347.9+5436 ,113.74243786526564,-7.128065135308394,0.4
4FGL J2347.9-5106 ,325.2768668556401,-63.173332536581924,0.4
4FGL J2348.0-1630 ,65.55654827384564,-71.89369915974544,0.4
4FGL J2348.1-4934 ,327.1590337017581,-64.47538314148886,0.4
4FGL J2348.3-6049 ,316.17453192609184,-54.656361983025235,0.4
4FGL J2348.6-0426 ,86.72663756243219,-62.807026997121,0.4
4FGL J2348.6-2054 ,53.044524977614834,-74.3808697630627,0.4
4FGL J2349.2+4535 ,111.68141908586553,-15.910331538693022,0.4
4FGL J2349.4+0534 ,96.0077388806319,-54.019017813033884,0.4
4FGL J2350.0+2622 ,106.21872207367598,-34.500065857551306,0.4
4FGL J2350.4-0559 ,85.7165339169434,-64.36011079727399,0.4
4FGL J2350.5-3930 ,344.7007030917478,-72.29970414478629,0.4
4FGL J2350.6-3005 ,16.843153486678958,-76.34771904129713,0.4
4FGL J2350.7+6738c,117.19218031698034,5.447234011807342,0.4
4FGL J2350.9-1416 ,72.28035441503042,-70.9292646875135,0.4
4FGL J2351.3-7559 ,307.6738545472751,-40.58343032920527,0.4
4FGL J2351.3+3913 ,110.40805653374484,-22.177425627061062,0.4
4FGL J2351.4-2818 ,24.3629207474763,-76.68555382786006,0.4
4FGL J2351.7-3416 ,0.17415862320490294,-75.33269296059825,0.4
4FGL J2352.0+1750 ,103.52172531784686,-42.783016761659255,0.4
4FGL J2352.1-4301 ,336.20226625688883,-70.08144222543483,0.4
4FGL J2352.7+6027 ,115.75465491587958,-1.5995629206485653,0.4
4FGL J2352.9+3031 ,108.27291392844164,-30.68001648494463,0.4
4FGL J2353.1-4806 ,327.4729345885031,-66.14589250510531,0.4
4FGL J2353.2+3135 ,108.68679144770519,-29.66538773532293,0.4
4FGL J2353.5+6646 ,117.25920603105682,4.537419139990243,0.4
4FGL J2353.5-1457 ,72.14075135329925,-71.8540347838442,0.4
4FGL J2353.7-3037 ,14.05483956261647,-76.9033027138321,0.4
4FGL J2353.8-3911 ,344.1144936017565,-72.98839706940382,0.4
4FGL J2354.1+2720 ,107.58705399131718,-33.808279156858745,0.4
4FGL J2354.1-0958 ,81.98536470746113,-68.16596459532812,0.4
4FGL J2354.6+4554 ,112.71355521456246,-15.836150884962931,0.4
4FGL J2354.9+8151 ,120.83739537943356,19.22547608072099,0.4
4FGL J2355.2-5247 ,321.33370732903853,-62.28038046950559,0.4
4FGL J2355.2+6257c,116.59464294428108,0.7826647204817101,0.4
4FGL J2355.5-6614 ,311.6255752968192,-49.940039574347644,0.4
4FGL J2355.7-3351 ,0.22385831455782454,-76.25748196724756,0.4
4FGL J2356.2+4036 ,111.74713288898528,-21.063275749174306,0.4
4FGL J2357.0-4840 ,325.3830128390828,-66.01917269244751,0.4
4FGL J2357.4-0152 ,93.54832847557375,-61.6239470588621,0.4
4FGL J2357.4-1718 ,68.37320783268277,-74.13690738579338,0.4
4FGL J2357.7-1937 ,61.46445661737278,-75.58139380354687,0.4
4FGL J2357.7+6802 ,117.92695620332395,5.698391425890882,0.4
4FGL J2357.8-5311 ,320.1908927631364,-62.10391560975872,0.4
4FGL J2357.8+6231 ,116.80122187335073,0.30029992922614757,0.4
4FGL J2357.8+6839 ,118.07053445855496,6.296783481463875,0.4
4FGL J2358.0-4601 ,328.67070796498206,-68.35337913096598,0.4
4FGL J2358.1-2853 ,21.28946654071278,-78.1242046775493,0.4
4FGL J2358.3-1021 ,83.67938241549248,-69.08101684399021,0.4
4FGL J2358.3+3830 ,111.6619697578582,-23.19756621308552,0.4
4FGL J2358.4+6547 ,117.5283990119011,3.469417474250652,0.4
4FGL J2358.5-1808 ,66.59327960137362,-74.86357049668327,0.4
4FGL J2358.7+5646 ,115.73131951238014,-5.354423041487884,0.4
4FGL J2359.0+3922 ,112.00379067739058,-22.389937846764408,0.4
4FGL J2359.0-3038 ,12.809104852568963,-78.02418286722379,0.4
4FGL J2359.1+1719 ,105.51741493669319,-43.7724620292288,0.4
4FGL J2359.2-3134 ,8.411559867459527,-77.80098849504445,0.4
4FGL J2359.3+0215 ,97.74901598783424,-58.04092167845651,0.4
4FGL J2359.3+2502 ,108.2473948699347,-36.34005533291965,0.4
4FGL J2359.3-2049 ,58.090168912270514,-76.5428643547972,0.4
4FGL J2359.3+1444 ,104.56469803168442,-46.25624501364277,0.4
4FGL J2359.7-5041 ,322.12806531740836,-64.4727532874928,0.4
4FGL J2359.9-3736 ,345.66286525313654,-74.91962253695864,0.4
4FGL J2359.9+3145 ,110.3210198595778,-29.848010127969992,0.4
